Date,v12_signal,v17_signal,calm_bull_trigger,spy_above_trend,spy_momentum_13w,spy_rv_26w,spy_rv_ref_55p,vix,vix_ma_52w,yc_pos_steep,t10y2y,t10y2y_chg_13w,tier_intersection,tier_cb_only,tier_cb_weak,tier_cb_strong,tier_yc_only,spy_ma20,spy_dd_52w,vix3m,vix_contango,hy_oas,hy_oas_ma_26w,hy_oas_chg_4w,credit_ok,tier_nervous_market
2008-11-21,0.6,0.6,0,0,,,,72.66999816894531,,0,2.11,,0,0,0,0,0,,,64.3499984741211,0,,,,0,0
2008-11-28,0.6,0.6,0,0,,,,55.279998779296875,,0,1.93,,0,0,0,0,0,,,54.18000030517578,0,,,,0,0
2008-12-05,0.6,0.6,0,0,,,,59.93000030517578,,0,1.74,,0,0,0,0,0,,,58.060001373291016,0,,,,0,0
2008-12-12,0.6,0.6,0,0,,,,54.279998779296875,,0,1.82,,0,0,0,0,0,,,55.13999938964844,1,,,,0,0
2008-12-19,0.6,0.6,0,0,,,,44.93000030517578,,0,1.39,,0,0,0,0,0,,,43.400001525878906,0,,,,0,0
2008-12-26,0.6,0.6,0,0,,,,43.380001068115234,,0,1.27,,0,0,0,0,0,,,46.11000061035156,1,,,,0,0
2009-01-02,0.6,0.6,0,0,,,,39.189998626708984,,0,1.58,,0,0,0,0,0,,,40.560001373291016,1,,,,0,0
2009-01-09,0.6,0.6,0,0,,,,42.81999969482422,,0,1.68,,0,0,0,0,0,,,44.880001068115234,1,,,,0,0
2009-01-16,0.6,0.6,0,0,,,,46.11000061035156,,0,1.63,,0,0,0,0,0,,,48.95000076293945,1,,,,0,0
2009-01-23,0.6,0.6,0,0,,,,47.27000045776367,,0,1.82,,0,0,0,0,0,63.25182266235352,,49.36000061035156,1,,,,0,0
2009-01-30,0.6,0.6,0,0,,,,44.84000015258789,,0,1.93,,0,0,0,0,0,62.980559609153055,,44.599998474121094,0,,,,0,0
2009-02-06,0.6,0.6,0,0,,,,43.369998931884766,,0,2.06,,0,0,0,0,0,63.0061403910319,,43.380001068115234,1,,,,0,0
2009-02-13,0.6,0.6,0,0,,,,42.93000030517578,,0,1.92,,0,0,0,0,0,62.79159076397236,,42.470001220703125,0,,,,0,0
2009-02-20,0.6,0.6,0,0,-0.018504800771904084,,,49.29999923706055,,0,1.82,-0.2899999999999998,0,0,0,0,0,62.33016014099121,,47.029998779296875,0,,,,0,0
2009-02-27,0.6,0.6,0,0,-0.17271409497841683,,,46.349998474121094,,1,2.02,0.09000000000000008,0,0,0,0,0,61.760963439941406,,45.209999084472656,0,,,,0,0
2009-03-06,0.6,0.6,0,0,-0.2098316926321302,,,49.33000183105469,,1,1.92,0.17999999999999994,0,0,0,0,0,61.035083055496216,,46.47999954223633,0,,,,0,0
2009-03-13,0.6,0.6,0,0,-0.13801958454498897,,,42.36000061035156,,1,1.91,0.08999999999999986,0,0,0,0,0,60.70148019229664,,41.83000183105469,0,,,,0,0
2009-03-20,1.5,1.5,0,0,-0.12394768421864888,,,45.88999938964844,,1,1.76,0.3700000000000001,0,0,0,0,0,60.45220078362359,,46.279998779296875,1,,,,0,0
2009-03-27,1.0,1.22,0,0,-0.05697396457057535,,,41.040000915527344,,1,1.88,0.6099999999999999,0,0,0,0,1,60.41815125314813,,42.09000015258789,1,,,,0,0
2009-04-03,1.0,1.22,0,0,-0.08710090363484269,,,39.70000076293945,,1,1.95,0.3699999999999999,0,0,0,0,1,60.48460502624512,,41.06999969482422,1,,,,0,0
2009-04-10,1.0,1.22,0,0,-0.029922500564647625,,,36.529998779296875,,1,2.0,0.32000000000000006,0,0,0,0,1,60.759079170227054,,38.529998779296875,1,,,,0,0
2009-04-17,1.0,1.22,0,0,0.03107570614964028,,,33.939998626708984,,1,1.99,0.3600000000000001,0,0,0,0,1,60.698641777038574,,36.59000015258789,1,,,,0,0
2009-04-24,1.0,1.22,0,0,0.0501776746563225,,,36.81999969482422,,1,2.04,0.21999999999999997,0,0,0,0,1,60.700765419006345,,37.810001373291016,1,,,,0,0
2009-05-01,1.0,1.22,0,0,0.0686838734603652,,,35.29999923706055,,1,2.29,0.3600000000000001,0,0,0,0,1,60.70970134735107,,35.84000015258789,1,,,,0,0
2009-05-08,1.0,1.22,0,0,0.07663265954393261,,,32.04999923706055,,1,2.29,0.22999999999999998,0,0,0,0,1,60.90817661285401,,32.81999969482422,1,,,,0,0
2009-05-15,1.0,1.22,0,0,0.07956669667728478,,,33.119998931884766,,1,2.26,0.33999999999999986,0,0,0,0,1,60.98766670227051,-0.0459242218148479,33.220001220703125,1,,,,0,0
2009-05-22,1.0,1.22,0,0,0.15806257216691755,0.36597030826921373,,32.630001068115234,,1,2.53,0.7099999999999997,0,0,0,0,1,60.867509841918945,-0.04258962246615905,33.040000915527344,1,,,,0,0
2009-05-29,1.0,1.22,0,0,0.2605473039552013,0.3195441957567809,,28.920000076293945,,1,2.55,0.5299999999999998,0,0,0,0,1,61.01675300598144,-0.004840157350182062,30.43000030517578,1,,,,0,0
2009-06-05,1.0,1.22,0,0,0.3816995561211143,0.3181987894508644,,29.6200008392334,,1,2.52,0.6000000000000001,0,0,0,0,1,61.386625099182126,0.0,31.600000381469727,1,,,,0,0
2009-06-12,1.0,1.22,0,0,0.2585169310598412,0.31800293336224666,,28.149999618530273,,1,2.51,0.5999999999999999,0,0,0,0,1,61.84685707092285,0.0,29.5,1,,,,0,0
2009-06-19,1.0,1.22,0,0,0.20662126353318055,0.32088156820028724,,27.989999771118164,,1,2.54,0.78,0,0,0,0,1,62.224938201904294,-0.026505004316945358,30.639999389648438,1,,,,0,0
2009-06-26,1.0,1.22,0,0,0.13170927419329126,0.3202530689259708,,25.93000030517578,,1,2.42,0.54,0,0,0,0,1,62.44467010498047,-0.028620280171670398,29.280000686645508,1,,,,0,0
2009-07-03,1.0,1.22,0,0,0.07188824875290867,0.30823635003713784,,27.950000762939453,,1,2.53,0.5799999999999998,0,0,0,0,1,62.743126678466794,-0.050091567420722294,30.530000686645508,1,,,,0,0
2009-07-10,1.0,1.22,0,0,0.030844988979902732,0.3037249313647649,,29.020000457763672,,1,2.41,0.41000000000000014,0,0,0,0,1,63.1676851272583,-0.06965912830005427,31.709999084472656,1,,,,0,0
2009-07-17,1.0,1.22,0,0,0.08706644677708497,0.31105740054065467,,24.34000015258789,,1,2.65,0.6599999999999999,0,0,0,0,1,63.94656486511231,-0.004399178110541135,28.649999618530273,1,,,,0,0
2009-07-24,1.0,1.22,0,0,0.13794009029464704,0.3123033546128077,,23.09000015258789,,1,2.65,0.6099999999999999,0,0,0,0,1,65.05252285003662,0.0,26.3700008392334,1,,,,0,0
2009-07-31,1.0,1.22,0,0,0.13059686553023786,0.31187432851252056,,25.920000076293945,,1,2.39,0.10000000000000009,0,0,0,0,1,65.92526931762696,0.0,28.399999618530273,1,,,,0,0
2009-08-07,1.0,1.22,0,0,0.09455376765721923,0.3067420493026275,,24.760000228881836,,1,2.57,0.2799999999999998,0,0,0,0,1,66.84355030059814,0.0,27.110000610351562,1,,,,0,0
2009-08-14,1.0,1.22,0,0,0.14259180779937197,0.29620801073018554,,24.270000457763672,,1,2.48,0.2200000000000002,0,0,0,0,1,67.56718273162842,-0.004051513606814883,27.110000610351562,1,,,,0,0
2009-08-21,1.0,1.3,0,1,0.16323990613930528,0.27616367227080996,,25.010000228881836,,0,2.43,-0.09999999999999964,0,0,0,0,0,68.27404670715332,0.0,27.770000457763672,1,,,,0,1
2009-08-28,1.0,1.3,0,1,0.12357047918348996,0.2634119649802244,,24.760000228881836,,0,2.45,-0.09999999999999964,0,0,0,0,0,68.93922386169433,0.0,28.5,1,,,,0,1
2009-09-04,1.0,1.3,0,1,0.08552633172666013,0.23812409375790994,,25.260000228881836,,0,2.51,-0.010000000000000231,0,0,0,0,0,69.509228515625,-0.012768457558710589,28.479999542236328,1,,,,0,1
2009-09-11,1.0,1.3,0,1,0.10813879704772411,0.20101403371558432,,24.149999618530273,,0,2.44,-0.06999999999999984,0,0,0,0,0,70.19447975158691,0.0,26.559999465942383,1,,,,0,1
2009-09-18,1.0,1.3,0,1,0.165018944261635,0.20151754237978114,,23.920000076293945,,0,2.46,-0.08000000000000007,0,0,0,0,0,70.92524719238281,0.0,26.540000915527344,1,,,,0,1
2009-09-25,1.0,1.3,0,1,0.14272147165045856,0.19309245040783282,,25.610000610351562,,0,2.36,-0.06000000000000005,0,0,0,0,0,71.38546943664551,-0.021270431125161915,27.209999084472656,1,,,,0,1
2009-10-02,1.0,1.3,0,1,0.14662251295309314,0.1944353496388794,,28.68000030517578,,0,2.36,-0.16999999999999993,0,0,0,0,0,71.92958145141601,-0.039636829343293156,28.799999237060547,1,,,,0,1
2009-10-09,1.0,1.22,0,1,0.225226786026391,0.20142106078899571,,23.1200008392334,,1,2.42,0.009999999999999787,0,0,0,0,1,72.63893508911133,0.0,25.079999923706055,1,,,,0,0
2009-10-16,1.0,1.3,0,1,0.16231453408705843,0.20144401998314018,,21.43000030517578,,0,2.46,-0.18999999999999995,0,0,0,0,0,73.28003044128418,0.0,24.399999618530273,1,,,,0,1
2009-10-23,1.0,1.3,0,1,0.10743234783078726,0.20186193587907394,,22.270000457763672,,0,2.47,-0.17999999999999972,0,0,0,0,0,73.81712188720704,-0.007438773824372857,24.309999465942383,1,,,,0,1
2009-10-30,1.0,1.22,0,1,0.05306416752431575,0.2142071103036889,,30.690000534057617,,1,2.51,0.11999999999999966,0,0,0,0,1,74.16744728088379,-0.04894857949368081,29.06999969482422,0,,,,0,0
2009-11-06,1.0,1.22,0,1,0.06363909499385145,0.20502111760005903,,24.190000534057617,,1,2.68,0.11000000000000032,0,0,0,0,1,74.74228363037109,-0.016163471916038508,25.8799991607666,1,,,,0,0
2009-11-13,1.0,1.22,0,1,0.09278839625569835,0.1912834061760604,,23.360000610351562,35.26480770111084,1,2.61,0.1299999999999999,0,0,0,0,1,75.41667709350585,0.0,25.600000381469727,1,,,,0,0
2009-11-20,1.0,1.22,0,1,0.06779864822556725,0.19173364003611032,,22.190000534057617,34.29403851582454,1,2.61,0.17999999999999972,0,0,0,0,1,76.15883941650391,-0.001732944240965817,24.65999984741211,1,,,,0,0
2009-11-27,1.0,1.22,0,1,0.06492481025314012,0.18654053585742358,,24.739999771118164,33.70673084259033,1,2.53,0.07999999999999963,0,0,0,0,1,76.9743553161621,-0.0004556768281283041,26.149999618530273,1,,,,0,0
2009-12-04,1.0,1.22,0,1,0.09287431235254373,0.18552912510907354,,21.25,32.96288468287541,1,2.64,0.13000000000000034,0,0,0,0,1,77.61582984924317,0.0,24.760000228881836,1,,,,0,0
2009-12-11,1.0,1.22,0,1,0.0655645809546348,0.18571703965734396,,21.59000015258789,32.33423086313101,1,2.72,0.28000000000000025,0,0,0,0,1,78.1161952972412,0.0,25.1200008392334,1,,,,0,0
2009-12-18,1.0,1.22,0,1,0.03826209864868191,0.17982160334683114,,21.68000030517578,31.887115478515625,1,2.73,0.27,0,0,0,0,1,78.57757148742675,-0.0027598052325484845,24.520000457763672,1,,,,0,0
2009-12-25,1.0,1.22,0,1,0.0826760200616472,0.18011992931665965,,19.469999313354492,31.427307752462532,1,2.82,0.45999999999999996,0,0,0,0,1,79.03537712097167,0.0,22.43000030517578,1,,,,0,0
2010-01-01,1.0,1.22,0,1,0.09317953337247364,0.1764540028009965,,21.68000030517578,31.09057701550997,1,2.71,0.3500000000000001,0,0,0,0,1,79.46957893371582,-0.009246165243599114,23.889999389648438,1,,,,0,0
2010-01-08,1.0,1.4,1,1,0.07390265888650904,0.17285723628590208,0.24191727444125716,18.1299991607666,30.615769312931942,1,2.87,0.4500000000000002,1,0,0,0,0,79.93995780944825,0.0,21.0,1,,,,0,0
2010-01-15,1.0,1.4,1,1,0.04924020705746268,0.1511137652264819,0.2309489987216437,17.90999984741211,30.073461605952335,1,2.81,0.3500000000000001,1,0,0,0,0,80.3606128692627,-0.008117248468701876,21.479999542236328,1,,,,0,0
2010-01-22,1.0,1.4,1,1,0.015895178289399015,0.15650341745750224,0.22018635616724416,27.309999465942383,29.689615433032696,1,2.78,0.3099999999999996,1,0,0,0,0,80.66501159667969,-0.046783352672468026,26.290000915527344,0,,,,0,0
2010-01-29,1.0,1.4,1,1,0.04256583343382103,0.15932455663951262,0.21236991176296294,24.6200008392334,29.300769292391262,1,2.81,0.30000000000000027,1,0,0,0,0,80.80180473327637,-0.06266917270366112,25.3799991607666,1,,,,0,0
2010-02-05,1.0,1.4,1,1,0.0009731228433422778,0.1571012002044953,0.2082362150463295,26.110000610351562,28.968846247746395,1,2.82,0.13999999999999968,1,0,0,0,0,80.82084274291992,-0.06904053203551819,26.0,0,,,,0,0
2010-02-12,1.0,1.22,0,1,-0.009106769084921362,0.15743278318476558,0.20470519942796053,22.729999542236328,28.580384694612942,1,2.85,0.2400000000000002,0,0,0,0,1,80.9752914428711,-0.05699525663443239,24.459999084472656,1,,,,0,0
2010-02-19,1.0,1.4,1,1,0.02109459637337796,0.15944790723896307,0.20328356765351724,20.020000457763672,28.01730779501108,1,2.83,0.2200000000000002,1,0,0,0,0,81.31769905090331,-0.029937463571403256,22.309999465942383,1,,,,0,0
2010-02-26,1.0,1.4,1,1,0.0161190174672059,0.1597669734260087,0.20186193587907394,19.5,27.50096167050875,1,2.8,0.27,1,0,0,0,0,81.46861343383789,-0.033429241845092994,21.649999618530273,1,,,,0,0
2010-03-05,1.0,1.4,1,1,0.034727408305864405,0.16282535432790746,0.20170695880439218,17.420000076293945,26.887307790609505,1,2.78,0.13999999999999968,1,0,0,0,0,81.68983001708985,-0.002792993257959009,20.229999542236328,1,,,,0,0
2010-03-12,1.0,1.4,1,1,0.044744713611206244,0.15996708251877223,0.20155198172971042,17.579999923706055,26.410769315866325,1,2.74,0.020000000000000018,1,0,0,0,0,81.98607482910157,0.0,20.270000457763672,1,,,,0,0
2010-03-19,1.0,1.0,1,1,0.05659723278033768,0.15763827614220036,0.2014918095409568,16.969999313354492,25.854615468245285,0,2.68,-0.04999999999999982,0,1,1,0,0,82.4864273071289,0.0,19.950000762939453,1,,,,0,0
2010-03-26,1.0,1.0,1,1,0.04071907997735669,0.1532673863883935,0.20145872446246837,17.770000457763672,25.40711545944214,0,2.82,0.0,0,1,1,0,0,82.87740554809571,0.0,20.059999465942383,1,,,,0,0
2010-04-02,1.0,1.4,1,1,0.06142429070181055,0.1494390097316426,0.20143828018460408,17.469999313354492,24.979615431565506,1,2.84,0.1299999999999999,1,0,0,0,0,83.22179489135742,0.0,19.899999618530273,1,,,,0,0
2010-04-09,1.0,1.0,1,1,0.04776408474011684,0.13779879646093685,0.20142794854723906,16.139999389648438,24.58750005868765,0,2.82,-0.050000000000000266,0,1,1,0,0,83.63862533569336,0.0,18.6200008392334,1,,,,0,0
2010-04-16,1.0,1.0,1,1,0.05465972527965057,0.13718852416532584,0.20136000672798401,18.360000610351562,24.28788471221924,0,2.81,0.0,0,1,1,0,0,84.04317016601563,-0.0015893792550705221,20.229999542236328,1,,,,0,0
2010-04-23,1.0,1.0,1,1,0.1199670357533702,0.1380036059685638,0.20117684454494889,16.6200008392334,23.899423195765568,0,2.74,-0.03999999999999959,0,1,1,0,0,84.48597412109375,0.0,19.389999389648438,1,,,,0,0
2010-04-30,1.0,1.0,1,1,0.11089809901897163,0.12757928526631382,0.2006850995117491,22.049999237060547,23.644615503457878,0,2.72,-0.08999999999999986,0,1,1,0,0,84.81294975280761,-0.024628041837281067,23.670000076293945,1,,,,0,0
2010-05-07,1.7,1.7,0,1,0.04742335676371012,0.15429393399758495,0.1977246916772319,40.95000076293945,23.815769378955547,0,2.62,-0.19999999999999973,0,0,0,0,0,84.86908798217773,-0.0866101764502325,36.619998931884766,0,,,,0,0
2010-05-14,1.3,1.3,0,1,0.058487335365730475,0.1544079450119317,0.19476428384271466,31.239999771118164,23.779615548940804,0,2.65,-0.20000000000000018,0,0,0,0,0,84.93903007507325,-0.06501921689578638,30.799999237060547,0,,,,0,0
2010-05-21,0.6,0.6,0,0,-0.014222588114530588,0.16647746210341374,0.19389818994646077,40.099998474121094,23.923269345210148,0,2.44,-0.3900000000000001,0,0,0,0,0,84.86902770996093,-0.10426047838214436,37.400001525878906,0,,,,0,0
2010-05-28,0.6,0.6,0,0,-0.00830377713212993,0.16649535463285214,0.1932938852924898,32.06999969482422,23.983846260951115,0,2.55,-0.25,0,0,0,0,0,84.69223670959472,-0.10212588218832142,32.0,0,,,,0,0
2010-06-04,0.6,0.6,0,0,-0.06118263250144862,0.16873060963051886,0.19268480729631607,35.47999954223633,24.096538543701172,0,2.48,-0.2999999999999998,0,0,0,0,0,84.45475158691406,-0.12306061009768898,34.369998931884766,0,,,,0,0
2010-06-11,0.6,0.6,0,0,-0.04614855328486944,0.17319656486050367,0.19207334262904094,28.790000915527344,24.108846260951115,0,2.49,-0.25,0,0,0,0,0,84.48905792236329,-0.09958130879335325,30.950000762939453,1,,,,0,0
2010-06-18,1.0,1.3,0,1,-0.03197784735486964,0.17624428554652583,0.19164359326410033,23.950000762939453,24.031153972332294,0,2.5,-0.18000000000000016,0,0,0,0,0,84.6875991821289,-0.07838800952842984,27.959999084472656,1,,,,0,1
2010-06-25,0.6,0.6,0,0,-0.07031030310670805,0.18078933900111177,0.19144098802707787,28.530000686645508,24.08115397966825,0,2.47,-0.34999999999999964,0,0,0,0,0,84.768355178833,-0.11022722607230451,30.700000762939453,1,,,,0,0
2010-07-02,0.6,0.6,0,0,-0.12830054631315513,0.19475739340939685,0.19168861665010534,30.1200008392334,24.12288475036621,0,2.37,-0.46999999999999975,0,0,0,0,0,84.58481101989746,-0.15699696936943275,33.290000915527344,1,,,,0,0
2010-07-09,1.5,1.5,0,0,-0.09265047196462028,0.2077061601585162,0.19234510470338545,24.979999542236328,24.045192425067608,0,2.44,-0.3799999999999999,0,0,0,0,0,84.5021873474121,-0.10948494362289807,28.170000076293945,1,,,,0,0
2010-07-16,1.5,1.5,0,0,-0.10214924443517914,0.20803848504598094,0.19309245040783282,26.25,24.081923191363995,0,2.35,-0.45999999999999996,0,0,0,0,0,84.38563499450683,-0.12020803012364667,30.600000381469727,1,,,,0,0
2010-07-23,1.5,1.5,0,0,-0.08927599182559254,0.20681439431114532,0.19383104498490844,23.469999313354492,24.089230867532585,0,2.42,-0.3200000000000003,0,0,0,0,0,84.27925758361816,-0.08927599182559254,26.989999771118164,1,,,,0,0
2010-07-30,1.5,1.5,0,0,-0.06746414939971457,0.20519395801875728,0.19446755401593116,23.5,24.04269240452693,0,2.39,-0.33000000000000007,0,0,0,0,0,84.12258415222168,-0.09043068134306287,27.139999389648438,1,,,,0,0
2010-08-06,1.5,1.5,0,1,0.014962755250967463,0.2062363111721858,0.19464467808971575,21.739999771118164,23.98461547264686,0,2.36,-0.26000000000000023,0,0,0,0,0,84.0087646484375,-0.07294334807173297,26.1200008392334,1,,,,0,0
2010-08-13,1.5,1.5,0,0,-0.04447030142439823,0.21282961651394183,0.19600872147063436,26.239999771118164,24.022500074826755,0,2.14,-0.5099999999999998,0,0,0,0,0,83.71892471313477,-0.1065980941464506,29.969999313354492,1,,,,0,0
2010-08-20,1.5,1.5,0,0,-0.009791982231669438,0.20908634054140282,0.19944987363903746,25.489999771118164,24.031730835254375,0,2.13,-0.31000000000000005,0,0,0,0,0,83.35419578552246,-0.11303154386203051,29.540000915527344,1,,,,0,0
2010-08-27,1.5,1.5,0,0,-0.01830121192162304,0.2092000023024434,0.20113614183760775,24.450000762939453,24.025769307063175,0,2.1,-0.44999999999999973,0,0,0,0,0,82.89889793395996,-0.11855806669733326,28.399999618530273,1,,,,0,0
2010-09-03,1.5,1.5,0,0,0.04304084470774949,0.21129599811872413,0.20136000672798401,21.309999465942383,23.949807753929726,0,2.2,-0.2799999999999998,0,0,0,0,0,82.6020435333252,-0.08531639799879509,25.309999465942383,1,,,,0,0
2010-09-10,1.5,1.5,0,1,0.021247261622251212,0.21085726399397947,0.2014302444666535,21.989999771118164,23.908269295325645,0,2.23,-0.26000000000000023,0,0,0,0,0,82.2357738494873,-0.0804498772917206,25.59000015258789,1,,,,0,0
2010-09-17,1.5,1.5,0,1,0.012192179404003856,0.2115547518395788,0.20144287202343297,22.010000228881836,23.87153852902926,0,2.27,-0.22999999999999998,0,0,0,0,0,82.04217414855957,-0.06715155079971946,25.1200008392334,1,,,,0,0
2010-09-24,1.5,1.5,0,1,0.07012770841382765,0.2135291472590328,0.20148078118146068,21.709999084472656,23.796538499685433,0,2.17,-0.30000000000000027,0,0,0,0,0,82.21873359680175,-0.04782950042774037,24.75,1,,,,0,0
2010-10-01,1.5,1.5,0,1,0.12743272815316753,0.21301039147159023,0.2015347620547458,22.5,23.677692339970516,0,2.12,-0.25,0,0,0,0,0,82.289066696167,-0.04957079333479131,25.700000762939453,1,,,,0,0
2010-10-08,1.0,1.3,0,1,0.08525273688837776,0.21332115228273832,0.20172417847935684,20.709999084472656,23.631346152378963,0,2.06,-0.3799999999999999,0,0,0,0,0,82.61092185974121,-0.033566097826442154,24.059999465942383,1,,,,0,1
2010-10-15,1.0,1.0,0,1,0.10941434169988051,0.21378537857388263,0.20233581313722174,19.030000686645508,23.585192313561073,0,2.22,-0.1299999999999999,0,0,0,0,0,82.96685600280762,-0.023946170906784414,23.200000762939453,1,,,,0,0
2010-10-22,1.0,1.0,0,1,0.07765225012277677,0.21187364178937954,0.2040733630837635,18.780000686645508,23.518076933347263,0,2.24,-0.17999999999999972,0,0,0,0,0,83.44264030456543,-0.01855622335001561,21.649999618530273,1,,,,0,0
2010-10-29,1.0,1.3,0,1,0.08029708709942218,0.20883209583185583,0.2050643277047336,21.200000762939453,23.335576937748836,0,2.29,-0.10000000000000009,0,0,0,0,0,83.81681594848632,-0.017394914539904716,22.950000762939453,1,,,,0,1
2010-11-05,1.0,1.0,1,1,0.0977575966548101,0.1918041777743762,0.20438928125586203,18.260000228881836,23.22153847034161,0,2.2,-0.1599999999999997,0,1,1,0,0,84.25420722961425,0.0,20.65999984741211,1,,,,0,0
2010-11-12,1.0,1.4,1,1,0.11571915695466628,0.19281084063759754,0.20296764948141874,20.610000610351562,23.168653854956993,1,2.25,0.10999999999999988,1,0,0,0,0,84.7414119720459,-0.020534735336545595,22.93000030517578,1,,,,0,0
2010-11-19,1.0,1.4,1,1,0.12465274235296331,0.1812955121267103,0.20182749652914467,18.040000915527344,23.088846169985256,1,2.36,0.22999999999999998,1,0,0,0,0,85.44494438171387,-0.019801810641799755,21.399999618530273,1,,,,0,0
2010-11-26,1.0,1.4,1,1,0.11768646335182598,0.1828427445365886,0.2016725194544629,22.219999313354492,23.040384622720573,1,2.36,0.2599999999999998,1,0,0,0,0,85.87591247558593,-0.03194290333849581,21.809999465942383,0,,,,0,0
2010-12-03,1.0,1.4,1,1,0.11414816460290877,0.1832110369275994,0.20151754237978114,18.010000228881836,22.978076934814453,1,2.54,0.33999999999999986,1,0,0,0,0,86.51011810302734,0.0,21.0,1,,,,0,0
2010-12-10,1.0,1.4,1,1,0.12259063063115594,0.18099584447265418,0.20148445730129272,17.610000610351562,22.90153848207914,1,2.68,0.4500000000000002,1,0,0,0,0,87.0635269165039,0.0,19.84000015258789,1,,,,0,0
2010-12-17,1.0,1.4,1,1,0.11079844744209955,0.179063136457335,0.2014513722228043,16.110000610351562,22.79442310333252,1,2.72,0.4500000000000002,1,0,0,0,0,87.64007720947265,0.0,20.290000915527344,1,,,,0,0
2010-12-24,1.0,1.4,1,1,0.09963899952604605,0.16954424439623056,0.20143598426518963,16.469999313354492,22.736730795640213,1,2.74,0.5700000000000003,1,0,0,0,0,88.1863510131836,0.0,20.440000534057617,1,,,,0,0
2010-12-31,1.0,1.4,1,1,0.10296969318689131,0.14596712285477995,0.2014256526278246,17.75,22.661153866694523,1,2.69,0.5699999999999998,1,0,0,0,0,88.89154167175293,0.0,20.899999618530273,1,,,,0,0
2011-01-07,1.0,1.4,1,1,0.09669361694195655,0.12811124506475097,0.20131930402064288,17.139999389648438,22.642115409557636,1,2.74,0.6800000000000002,1,0,0,0,0,89.67877655029297,0.0,20.290000915527344,1,,,,0,0
2011-01-14,1.0,1.4,1,1,0.10433266600950097,0.12575426516906316,0.20113614183760775,15.460000038146973,22.59500002861023,1,2.76,0.5399999999999996,1,0,0,0,0,90.57315063476562,0.0,18.3700008392334,1,,,,0,0
2011-01-21,1.0,1.4,1,1,0.09036837897287242,0.12088936160590498,0.20007553766965622,18.469999313354492,22.425000025675846,1,2.81,0.5699999999999998,1,0,0,0,0,91.28088607788087,-0.00719264574534817,19.969999313354492,1,,,,0,0
2011-01-28,1.0,1.4,1,1,0.0835653508231502,0.12150493913852692,0.19726004953187187,20.040000915527344,22.336923104066116,1,2.82,0.5299999999999998,1,0,0,0,0,91.94179649353028,-0.012219545582806468,20.59000015258789,1,,,,0,0
2011-02-04,1.0,1.4,1,1,0.07431257023484306,0.1236645133289572,0.19474129122087097,15.930000305175781,22.14115386742812,1,2.91,0.71,1,0,0,0,0,92.67234153747559,0.0,18.329999923706055,1,,,,0,0
2011-02-11,1.0,1.4,1,1,0.11322859673985008,0.10686120941342293,0.19459637152413814,15.6899995803833,22.0057692527771,1,2.79,0.54,1,0,0,0,0,93.38931045532226,0.0,17.860000610351562,1,,,,0,0
2011-02-18,1.0,1.4,1,1,0.12426237987647393,0.10436731061707659,0.19445145182740528,16.43000030517578,21.936730788304256,1,2.81,0.4500000000000002,1,0,0,0,0,94.16809768676758,0.0,18.899999618530273,1,,,,0,0
2011-02-25,1.0,1.4,1,1,0.11974713139310333,0.10837741923637909,0.19389818994646077,19.219999313354492,21.93134615971492,1,2.7,0.3400000000000003,1,0,0,0,0,94.79052391052247,-0.01635280665976524,20.56999969482422,1,,,,0,0
2011-03-04,1.0,1.4,1,1,0.0836251412311857,0.10010068367664707,0.1932938852924898,19.059999465942383,21.96288460951585,1,2.81,0.27,1,0,0,0,0,95.37446670532226,-0.01531206891193071,20.799999237060547,1,,,,0,0
2011-03-11,1.0,1.4,1,1,0.05662024313870262,0.10388135207098995,0.19300796747676224,20.079999923706055,22.010961532592773,1,2.76,0.07999999999999963,1,0,0,0,0,95.8720043182373,-0.02742870684935439,21.8700008392334,1,,,,0,0
2011-03-18,1.0,1.3,0,1,0.032300905099398536,0.10944796615186679,0.19288124308015636,24.440000534057617,22.15461540222168,0,2.67,-0.050000000000000266,0,0,0,0,0,96.2684226989746,-0.046197698632233,24.34000015258789,0,,,,0,1
2011-03-25,1.0,1.0,1,1,0.04992378125022756,0.11190492070499777,0.19260950806495328,17.90999984741211,22.157307698176457,0,2.67,-0.07000000000000028,0,1,1,0,0,96.64007759094238,-0.019769235642750016,20.030000686645508,1,,,,0,0
2011-04-01,1.0,1.0,1,1,0.06344652713885002,0.11195437970498326,0.19215650977650367,17.399999618530273,22.15596155019907,0,2.66,-0.029999999999999805,0,1,1,0,0,97.17739372253418,-0.005958055504419413,19.59000015258789,1,,,,0,0
2011-04-08,1.0,1.4,1,1,0.04952951063873012,0.11144902007330945,0.1917971240005496,17.8700008392334,22.189230808844933,1,2.76,0.019999999999999574,1,0,0,0,0,97.70026016235352,-0.008122984271038303,20.049999237060547,1,,,,0,0
2011-04-15,1.0,1.0,1,1,0.025627177036765758,0.1124488724420882,0.19176538201832996,15.319999694824219,22.1307692527771,0,2.72,-0.03999999999999959,0,1,1,0,0,98.24812049865723,-0.014245181974452126,19.170000076293945,1,,,,0,0
2011-04-22,1.0,1.0,1,1,0.04667158529207294,0.11305412098081974,0.19173364003611032,14.6899995803833,22.09365384395306,0,2.74,-0.06999999999999984,0,1,1,0,0,98.7078914642334,-0.0012545634071527978,18.350000381469727,1,,,,0,0
2011-04-29,1.0,1.0,1,1,0.0728363061771391,0.11472944829220905,0.19153103479908787,14.75,21.953269243240356,0,2.71,-0.10999999999999988,0,1,1,0,0,99.20864372253418,0.0,17.5,1,,,,0,0
2011-05-06,1.0,1.0,1,1,0.027701453253179853,0.11015698396961267,0.1913284295620654,18.399999618530273,21.51961537507864,0,2.62,-0.29000000000000004,0,1,1,0,0,99.60650939941407,-0.016345065826101846,19.90999984741211,1,,,,0,0
2011-05-13,1.0,1.0,1,1,0.011360697521381358,0.10447265219763069,0.18962340156453755,17.06999969482422,21.24711537361145,0,2.61,-0.18000000000000016,0,1,1,0,0,99.94893608093261,-0.017517977679905483,19.06999969482422,1,,,,0,0
2011-05-20,1.0,1.0,0,1,-0.0025236209365653295,0.10493037012706546,0.1862523121873957,17.43000030517578,20.811153870362503,0,2.6,-0.20999999999999996,0,0,0,0,0,100.26927947998047,-0.02066936223669813,19.049999237060547,1,,,,0,0
2011-05-27,1.0,1.0,1,1,0.013299930775495294,0.10228800544192115,0.1856512695654493,15.979999542236328,20.501730790505043,0,2.59,-0.11000000000000032,0,1,1,0,0,100.53305587768554,-0.02140252383637098,18.1299991607666,1,,,,0,0
2011-06-03,1.0,1.0,0,1,-0.011198359184533158,0.10017930540766806,0.18471779424555762,17.950000762939453,20.16461542936472,0,2.57,-0.2400000000000002,0,0,0,0,0,100.5970687866211,-0.04405145906860386,19.469999313354492,1,,,,0,0
2011-06-10,1.0,1.0,0,1,-0.020526348538633443,0.10469133575381949,0.18308213459074563,18.860000610351562,19.973653885034416,0,2.58,-0.17999999999999972,0,0,0,0,0,100.5888843536377,-0.06472155483366582,20.110000610351562,1,,,,0,0
2011-06-17,1.3,1.3,0,1,-0.0006274286423290087,0.10463736886991806,0.18230121319313122,21.850000381469727,19.933269262313843,0,2.56,-0.10999999999999988,0,0,0,0,0,100.6084114074707,-0.06413649261065535,22.440000534057617,1,,,,0,0
2011-06-24,1.3,1.3,0,1,-0.029408626286477335,0.10384354410559139,0.18119062844779066,21.100000381469727,19.790384641060463,0,2.53,-0.14000000000000012,0,0,0,0,0,100.48856735229492,-0.06590407590903602,21.920000076293945,1,,,,0,0
2011-07-01,1.0,1.4,1,1,0.010769268580379965,0.12996146583854518,0.18092356755761435,15.869999885559082,19.51634616118211,1,2.72,0.06000000000000005,1,0,0,0,0,100.56669578552246,-0.013530957611009642,17.93000030517578,1,,,,0,0
2011-07-08,1.0,1.0,1,1,0.016606267002470254,0.1294192233115847,0.18055504561155353,15.949999809265137,19.342692320163433,0,2.63,-0.1299999999999999,0,1,1,0,0,100.60932159423828,-0.009995130838720723,17.959999084472656,1,,,,0,0
2011-07-15,1.0,1.0,0,1,0.0022941370318843024,0.1315052341583444,0.18001551522721967,19.530000686645508,19.213461564137386,0,2.57,-0.15000000000000036,0,0,0,0,0,100.63162956237792,-0.029957371732662996,20.940000534057617,1,,,,0,0
2011-07-22,1.0,1.0,1,1,0.0109670567141813,0.13405961112136816,0.17955613993550748,17.520000457763672,19.099038509222176,0,2.59,-0.15000000000000036,0,1,1,0,0,100.75933151245117,-0.008669351673889714,19.200000762939453,1,,,,0,0
2011-07-29,1.3,1.3,0,1,-0.04734140713332857,0.14602164794445957,0.17814993967761653,25.25,19.132692355376022,0,2.46,-0.25,0,0,0,0,0,100.74778633117675,-0.04734140713332857,22.90999984741211,0,,,,0,0
2011-08-05,0.6,0.6,0,0,-0.1007800947209937,0.17352696507731694,0.17638060176193177,32.0,19.33000005208529,0,2.3,-0.3200000000000003,0,0,0,0,0,100.47773094177246,-0.11547790326492002,29.59000015258789,0,,,,0,0
2011-08-12,0.6,0.6,0,0,-0.11440153442756118,0.17252643358877207,0.17529322338230274,36.36000061035156,19.52461545283978,0,2.04,-0.5699999999999998,0,0,0,0,0,99.99765319824219,-0.12991542858081773,32.75,0,,,,0,0
2011-08-19,0.6,0.6,0,0,-0.15277001096101117,0.18112736625297787,0.17529322338230274,43.04999923706055,19.862307750261746,0,1.87,-0.73,0,0,0,0,0,99.23713340759278,-0.17028171450225182,37.900001525878906,0,,,,0,0
2011-08-26,0.6,0.6,0,0,-0.11201515212957269,0.19547853115963557,0.17529322338230274,35.59000015258789,20.076538507754986,0,1.99,-0.5999999999999999,0,0,0,0,0,98.691845703125,-0.13102026900245567,34.40999984741211,0,,,,0,0
2011-09-02,1.7,1.7,0,0,-0.09190154905589198,0.19539552452392542,0.17529322338230274,33.91999816894531,20.319038482812736,0,1.82,-0.7499999999999998,0,0,0,0,0,98.17321815490723,-0.13190461079791893,33.790000915527344,0,,,,0,0
2011-09-09,1.7,1.7,0,0,-0.08703220901357966,0.1958494299476717,0.17529322338230274,38.52000045776367,20.636923111402073,0,1.76,-0.8200000000000001,0,0,0,0,0,97.51433067321777,-0.14612090395927801,36.63999938964844,0,,,,0,0
2011-09-16,1.7,1.7,0,0,-0.03857746225187486,0.21060898170526496,0.17529322338230274,30.979999542236328,20.80942309819735,0,1.9,-0.6600000000000001,0,0,0,0,0,96.9930362701416,-0.100239731739875,32.95000076293945,1,,,,0,0
2011-09-23,1.7,1.7,0,0,-0.10001221112924674,0.22493163757487353,0.17529322338230274,41.25,21.185192346572876,0,1.61,-0.9199999999999997,0,0,0,0,0,96.24947204589844,-0.15932507468419033,39.54999923706055,0,,,,0,0
2011-09-30,1.5,1.5,0,0,-0.15072127471525343,0.22324306048180806,0.17529322338230274,42.959999084472656,21.57865386742812,0,1.67,-1.0500000000000003,0,0,0,0,0,95.49698982238769,-0.16221282914701363,41.2400016784668,0,,,,0,0
2011-10-07,1.7,1.7,0,0,-0.13460809068914803,0.22671413398079873,0.17529322338230274,36.20000076293945,21.876538515090942,0,1.8,-0.8299999999999998,0,0,0,0,0,94.85947151184082,-0.1432577960494803,37.310001373291016,1,,,,0,0
2011-10-14,1.7,1.7,0,0,-0.06443808865427436,0.24391828701230994,0.17529322338230274,28.239999771118164,22.053653882100033,0,1.98,-0.5899999999999999,0,0,0,0,0,94.48991241455079,-0.09246506461137882,30.389999389648438,1,,,,0,0
2011-10-21,1.7,1.7,0,0,-0.07407201319525891,0.24370472856571312,0.17529322338230274,31.31999969482422,22.294807709180393,0,1.93,-0.6599999999999999,0,0,0,0,0,94.29204597473145,-0.08209920853756592,31.969999313354492,1,,,,0,0
2011-10-28,1.7,1.7,0,1,-0.0004997172247291903,0.24818849871511608,0.17529322338230274,24.530000686645508,22.358846169251663,0,2.06,-0.3999999999999999,0,0,0,0,0,94.37995529174805,-0.047817467041470274,26.520000457763672,1,,,,0,0
2011-11-04,1.7,1.7,0,0,0.05037625872230089,0.24943530545329398,0.17529322338230274,30.15999984741211,22.58769231576186,0,1.84,-0.45999999999999974,0,0,0,0,0,94.34468307495118,-0.0709189892742016,31.229999542236328,1,,,,0,0
2011-11-11,1.5,1.5,0,1,0.07784694099928036,0.24992241291203385,0.17529322338230274,30.040000915527344,22.76903847547678,0,1.8,-0.24,0,0,0,0,0,94.36403961181641,-0.06218200628516446,31.600000381469727,1,,,,0,0
2011-11-18,1.5,1.5,0,0,0.08852158171999558,0.2549878709016768,0.17529322338230274,32.0,23.037499996332023,0,1.72,-0.15000000000000013,0,0,0,0,0,93.93082542419434,-0.09683373948798835,34.20000076293945,1,,,,0,0
2011-11-25,1.5,1.5,0,0,-0.008715094230204778,0.26234442934672736,0.17529322338230274,34.470001220703125,23.273076956088726,0,1.69,-0.30000000000000004,0,0,0,0,0,93.26205253601074,-0.13859350924223734,36.45000076293945,1,,,,0,0
2011-12-02,1.7,1.7,0,0,0.06496395247900688,0.2825402558943006,0.17529322338230274,27.520000457763672,23.455961575874916,0,1.8,-0.020000000000000018,0,0,0,0,0,93.02515869140625,-0.07550970318654993,29.850000381469727,1,,,,0,0
2011-12-09,1.7,1.7,0,1,0.09301374228891546,0.2811387157579397,0.17529322338230274,26.3799991607666,23.624615394152126,1,1.85,0.09000000000000008,0,0,0,0,0,92.72337989807129,-0.06669841377425434,29.530000686645508,1,,,,0,0
2011-12-16,1.7,1.7,0,0,0.006921868849967927,0.28430412053688014,0.17529322338230274,24.290000915527344,23.781923092328586,0,1.62,-0.2799999999999998,0,0,0,0,0,92.48067207336426,-0.09401170916656654,29.030000686645508,1,,,,0,0
2011-12-23,1.7,1.7,0,1,0.1202359262317374,0.2898486403772859,0.17529322338230274,20.729999542236328,23.863846173653236,1,1.75,0.1399999999999999,0,0,0,0,0,92.77830657958984,-0.058245746379047225,25.219999313354492,1,,,,0,0
2011-12-30,1.0,1.3,0,1,0.11618135991657019,0.27846770917028885,0.17529322338230274,23.399999618530273,23.972500012471126,0,1.64,-0.030000000000000027,0,0,0,0,0,93.11653442382813,-0.06487757631665769,26.860000610351562,1,,,,0,1
2012-01-06,1.0,1.3,0,1,0.11070655499068383,0.27968692238825826,0.1780765386385518,20.6299991607666,24.039615392684937,0,1.73,-0.07000000000000006,0,0,0,0,0,93.75032119750976,-0.04841081813499237,24.09000015258789,1,,,,0,1
2012-01-13,1.0,1.3,0,1,0.05782074404636339,0.2785154315849693,0.1801851681107899,20.90999984741211,24.14442308132465,0,1.65,-0.33000000000000007,0,0,0,0,0,94.22371826171874,-0.03999071939914056,24.670000076293945,1,,,,0,1
2012-01-20,1.0,1.0,0,1,0.07112054412270385,0.27888664788355666,0.18092356755761435,18.280000686645508,24.140769261580246,0,1.79,-0.1399999999999999,0,0,0,0,0,94.82222557067871,-0.01681760479809702,22.81999969482422,1,,,,0,0
2012-01-27,1.0,1.0,0,1,0.03153967901189869,0.2728278611787632,0.1810813336298646,18.530000686645508,24.111730795640213,0,1.71,-0.3500000000000001,0,0,0,0,0,95.48962860107422,-0.017785935591221658,21.399999618530273,1,,,,0,0
2012-02-03,1.0,1.0,0,1,0.07900280106029434,0.25156692328997365,0.18123666107090394,17.100000381469727,24.134230797107403,0,1.74,-0.10000000000000009,0,0,0,0,0,96.02382545471191,0.0,20.049999237060547,1,,,,0,0
2012-02-10,1.0,1.3,0,1,0.0675201546308819,0.24976049293683206,0.18230121319313122,20.790000915527344,24.232307745860172,0,1.69,-0.1100000000000001,0,0,0,0,0,96.85831832885742,-0.0013380835164018556,23.280000686645508,1,,,,0,1
2012-02-17,1.0,1.0,0,1,0.12539052382720217,0.23779884251128283,0.18308213459074563,17.780000686645508,24.25826929165767,0,1.72,0.0,0,0,0,0,0,97.78726692199707,0.0,22.389999389648438,1,,,,0,0
2012-02-24,1.0,1.0,0,1,0.1844457393640253,0.23082974325402816,0.18879657847800438,17.309999465942383,24.221538525361282,0,1.67,-0.020000000000000018,0,0,0,0,0,98.63778953552246,0.0,21.18000030517578,1,,,,0,0
2012-03-02,1.0,1.0,0,1,0.10668629427737142,0.23062875508451453,0.19245850863547007,17.290000915527344,24.187500091699455,0,1.71,-0.09000000000000008,0,0,0,0,0,99.23889083862305,0.0,21.260000228881836,1,,,,0,0
2012-03-09,1.0,1.0,0,1,0.09831385434900697,0.22823991190741988,0.1940760999392671,17.110000610351562,24.13038472028879,0,1.71,-0.14000000000000012,0,0,0,0,0,99.7961597442627,0.0,21.219999313354492,1,,,,0,0
2012-03-16,1.0,1.22,0,1,0.1589344140251141,0.21947735964742207,0.19517217863384043,14.470000267028809,23.93865394592285,1,1.94,0.31999999999999984,0,0,0,0,1,100.30475845336915,0.0,20.3700008392334,1,,,,0,0
2012-03-23,1.0,1.4,1,1,0.10975481998200909,0.19318944480079459,0.19517217863384043,14.819999694824219,23.87923086606539,1,1.88,0.1299999999999999,1,0,0,0,0,100.9081974029541,-0.00463311880384365,18.639999389648438,1,,,,0,0
2012-03-30,1.0,1.4,1,1,0.12690944401201132,0.19236106999227542,0.19517217863384043,15.5,23.84269241186289,1,1.9,0.26,1,0,0,0,0,101.51135025024413,0.0,18.610000610351562,1,,,,0,0
2012-04-06,1.0,1.4,1,1,0.09938690021850394,0.1926628662072225,0.19517217863384043,16.700000762939453,23.820192410395695,1,1.84,0.1100000000000001,1,0,0,0,0,102.25501022338867,-0.007243900177611895,19.81999969482422,1,,,,0,0
2012-04-13,1.0,1.4,1,1,0.06908586057518007,0.1807942182578282,0.19517217863384043,19.549999237060547,23.9015385554387,1,1.75,0.10000000000000009,1,0,0,0,0,103.11270332336426,-0.026063757069044735,21.989999771118164,1,,,,0,0
2012-04-20,1.0,1.0,1,1,0.050053836812980146,0.18055748668702606,0.19517217863384043,17.440000534057617,23.954423189163208,0,1.7,-0.09000000000000008,0,1,1,0,0,103.67385635375976,-0.02031113959781583,20.479999542236328,1,,,,0,0
2012-04-27,1.0,1.0,1,1,0.06967949182790756,0.17525541543948905,0.19517217863384043,16.31999969482422,23.98461549098675,0,1.7,-0.010000000000000009,0,1,1,0,0,104.28414611816406,-0.0029835399253634876,18.739999771118164,1,,,,0,0
2012-05-04,1.0,1.0,1,1,0.022747492950128345,0.17521665809813425,0.19517217863384043,19.15999984741211,23.999230880003708,0,1.64,-0.10000000000000009,0,1,1,0,0,104.90454559326172,-0.02705769031047689,20.719999313354492,1,,,,0,0
2012-05-11,1.0,1.0,1,1,0.01372679065499427,0.1761594789676622,0.19517217863384043,19.889999389648438,24.053461643365715,0,1.57,-0.11999999999999988,0,1,1,0,0,105.28484497070312,-0.03692950292339858,21.549999237060547,1,,,,0,0
2012-05-18,1.0,1.3,0,1,-0.04472877597803082,0.17937160965367432,0.19517217863384043,25.100000381469727,24.200961644832905,0,1.39,-0.33000000000000007,0,0,0,0,0,105.47117462158204,-0.07861706360420984,27.65999984741211,1,,,,0,1
2012-05-25,1.0,1.3,0,1,-0.031045766670673602,0.16509821708202388,0.19517217863384043,21.760000228881836,24.31211550419147,0,1.45,-0.21999999999999997,0,0,0,0,0,105.6637191772461,-0.061856908695687274,24.93000030517578,1,,,,0,1
2012-06-01,0.6,0.6,0,0,-0.06254702756400465,0.13959439075595384,0.19517217863384043,26.65999984741211,24.47961548658518,0,1.22,-0.49,0,0,0,0,0,105.65913391113281,-0.08983760165210508,28.469999313354492,1,,,,0,0
2012-06-08,1.0,1.3,0,1,-0.02825226622379806,0.1487548026971249,0.19517217863384043,21.229999542236328,24.525192389121422,0,1.37,-0.33999999999999986,0,0,0,0,0,105.72630043029785,-0.054754730492972525,23.639999389648438,1,,,,0,1
2012-06-15,1.0,1.3,0,1,-0.03895196881176599,0.14170219715180604,0.19517217863384043,21.110000610351562,24.51096162429223,0,1.31,-0.6299999999999999,0,0,0,0,0,105.86602745056152,-0.042433271642045356,23.670000076293945,1,,,,0,1
2012-06-22,1.0,1.0,0,1,-0.03937247281105982,0.13242649309374632,0.19517217863384043,18.110000610351562,24.453461628693802,0,1.38,-0.5,0,0,0,0,0,105.8737579345703,-0.04728683163401537,21.510000228881836,1,,,,0,0
2012-06-29,1.0,1.0,0,1,-0.028441428590918805,0.13377926522891462,0.19462339662082964,17.079999923706055,24.47673086019663,0,1.34,-0.5599999999999998,0,0,0,0,0,105.99174194335937,-0.028441428590918805,20.31999969482422,1,,,,0,0
2012-07-06,1.0,1.0,0,1,-0.025738655816830214,0.13263038813874117,0.19305693334367563,17.100000381469727,24.498846255815945,0,1.3,-0.54,0,0,0,0,0,106.00642318725586,-0.03279610774099906,20.040000915527344,1,,,,0,0
2012-07-13,1.0,1.0,0,1,-0.005006460964055881,0.1323356867182009,0.19275904958696627,16.739999771118164,24.445192392055805,0,1.27,-0.48,0,0,0,0,0,106.01112861633301,-0.03093973085075785,19.389999389648438,1,,,,0,0
2012-07-20,1.0,1.0,0,1,-0.005602811295971288,0.12856932072083596,0.19255723753199103,16.270000457763672,24.42115393051734,0,1.27,-0.42999999999999994,0,0,0,0,0,106.02927513122559,-0.02580015141141445,19.639999389648438,1,,,,0,0
2012-07-27,1.0,1.0,0,1,-0.007061853230129866,0.1300769866293295,0.1921661577160107,16.700000762939453,24.256730868266178,0,1.33,-0.3699999999999999,0,0,0,0,0,106.1238021850586,-0.01002432383443419,19.65999984741211,1,,,,0,0
2012-08-03,1.0,1.0,1,1,0.02242320321724134,0.12738099836467928,0.18879657847800438,15.640000343322754,23.942115490253155,0,1.36,-0.2799999999999998,0,1,1,0,0,106.11493072509765,-0.00524120718165666,18.68000030517578,1,,,,0,0
2012-08-10,1.0,1.0,1,1,0.04394800927258702,0.12788601234126584,0.18308213459074563,14.739999771118164,23.526346243344822,0,1.38,-0.19000000000000017,0,1,1,0,0,106.18964996337891,0.0,18.139999389648438,1,,,,0,0
2012-08-17,1.0,1.4,1,1,0.1015624628165368,0.12693300441792402,0.18230121319313122,13.449999809265137,22.957115485117985,1,1.52,0.13000000000000012,1,0,0,0,0,106.27163925170899,0.0,18.350000381469727,1,,,,0,0
2012-08-24,1.0,1.0,1,1,0.0767848066890695,0.1272675448468836,0.18123666107090394,15.180000305175781,22.564615488052368,0,1.4,-0.050000000000000044,0,1,1,0,0,106.36711692810059,-0.004712131867269709,19.239999771118164,1,,,,0,0
2012-08-31,1.0,1.4,1,1,0.10714253757112036,0.12739893169909816,0.1810813336298646,17.469999313354492,22.248269356214085,1,1.35,0.13000000000000012,1,0,0,0,0,106.55203857421876,-0.007174019822666189,20.6200008392334,1,,,,0,0
2012-09-07,1.0,1.4,1,1,0.08999081780451923,0.1307776717212706,0.1809252752974651,14.380000114440918,21.784038580380955,1,1.42,0.04999999999999982,1,0,0,0,0,106.82944793701172,0.0,17.59000015258789,1,,,,0,0
2012-09-14,1.0,1.4,1,1,0.09765934823934463,0.12945408693287253,0.18071136220804745,14.510000228881836,21.467307824354904,1,1.61,0.30000000000000004,1,0,0,0,0,107.12574119567871,0.0,16.899999618530273,1,,,,0,0
2012-09-21,1.0,1.4,1,1,0.09882093920095136,0.12938910016172586,0.18014242972535296,13.979999542236328,20.94288473862868,1,1.5,0.1200000000000001,1,0,0,0,0,107.53083534240723,-0.004015759195905133,16.790000915527344,1,,,,0,0
2012-09-28,1.0,1.4,1,1,0.06347197311392927,0.1308168040805652,0.17926364403495557,15.729999542236328,20.41923090127798,1,1.42,0.07999999999999985,1,0,0,0,0,107.91530151367188,-0.016988930271498504,17.610000610351562,1,,,,0,0
2012-10-05,1.0,1.4,1,1,0.0843614847986347,0.13154868869999248,0.17804685633594952,14.329999923706055,19.998653962061955,1,1.48,0.17999999999999994,1,0,0,0,0,108.61357192993164,-0.0021724490362886595,16.93000030517578,1,,,,0,0
2012-10-12,1.0,1.4,1,1,0.058215497263223615,0.1327269822125469,0.17584305673280162,16.139999389648438,19.76596164703369,1,1.42,0.1499999999999999,1,0,0,0,0,109.09217071533203,-0.02436296561147744,17.739999771118164,1,,,,0,0
2012-10-19,1.0,1.4,1,1,0.056315644727983116,0.1326288374433524,0.17524185037001488,17.059999465942383,19.491730873401348,1,1.49,0.21999999999999997,1,0,0,0,0,109.74377365112305,-0.020949391487117608,18.1200008392334,1,,,,0,0
2012-10-26,1.0,1.4,1,1,0.024694516896009766,0.1324847990647244,0.1746252655408482,17.809999465942383,19.36250008069552,1,1.48,0.1499999999999999,1,0,0,0,0,110.12288322448731,-0.0348777937814474,19.020000457763672,1,,,,0,0
2012-11-02,1.0,1.4,1,1,0.021282484049245376,0.12729161284782495,0.17317677905632622,17.59000015258789,19.120769317333515,1,1.47,0.10999999999999988,1,0,0,0,0,110.44272727966309,-0.03344395357645147,18.549999237060547,1,,,,0,0
2012-11-09,1.0,1.0,0,1,-0.013792201967519513,0.13144674700665418,0.17148266737138257,18.610000610351562,18.90096161915706,0,1.34,-0.039999999999999813,0,0,0,0,0,110.65544738769532,-0.05665890662714179,20.06999969482422,1,,,,0,0
2012-11-16,0.6,0.6,0,0,-0.035743702492393226,0.11616755823990926,0.16798813483625824,16.40999984741211,18.601153923914982,0,1.34,-0.17999999999999994,0,0,0,0,0,110.69448776245117,-0.06888108477286337,18.93000030517578,1,,,,0,0
2012-11-23,1.0,1.4,1,1,0.004201654615115347,0.12396405421651094,0.15937802204730933,15.140000343322754,18.229423137811516,1,1.41,0.010000000000000009,1,0,0,0,0,110.9532585144043,-0.0348777937814474,17.579999923706055,1,,,,0,0
2012-11-30,1.0,1.4,1,1,0.01238906057349154,0.11409333246574858,0.14779819853369205,15.869999885559082,18.00538466526912,1,1.37,0.020000000000000018,1,0,0,0,0,111.23331832885742,-0.02941574405684133,17.270000457763672,1,,,,0,0
2012-12-07,1.0,1.0,0,1,-0.008035766464041805,0.10254750695307202,0.1460025641630717,15.899999618530273,17.803846212533806,0,1.39,-0.030000000000000027,0,0,0,0,0,111.49543609619141,-0.02764077822735067,17.290000915527344,1,,,,0,0
2012-12-14,1.0,1.0,0,1,-0.0297568034562099,0.10173692802517827,0.1444743988587391,17.0,17.663653887235203,0,1.48,-0.13000000000000012,0,0,0,0,0,111.65890960693359,-0.0297568034562099,18.030000686645508,1,,,,0,0
2012-12-21,1.0,1.22,0,1,-0.014172334733945968,0.10194889162214742,0.1409644649132578,17.84000015258789,17.60807697589581,1,1.51,0.010000000000000009,0,0,0,0,1,111.8631362915039,-0.018131181246315853,18.8700008392334,1,,,,0,0
2012-12-28,1.0,1.22,0,1,-0.020468723094240193,0.10368799379962292,0.13765721788384888,22.719999313354492,17.59500004695012,1,1.46,0.040000000000000036,0,0,0,0,1,111.89974975585938,-0.03710991165634403,21.8799991607666,0,,,,0,0
2013-01-04,1.0,1.4,1,1,0.008677389071164887,0.12012142929799506,0.13765721788384888,13.829999923706055,17.464230830852802,1,1.66,0.17999999999999994,1,0,0,0,0,112.1350643157959,0.0,16.34000015258789,1,,,,0,0
2013-01-11,1.0,1.4,1,1,0.036552899893348645,0.12010706177832393,0.13765721788384888,13.359999656677246,17.319038519492516,1,1.63,0.20999999999999996,1,0,0,0,0,112.42431449890137,0.0,16.010000228881836,1,,,,0,0
2013-01-18,1.0,1.4,1,1,0.04178826195628105,0.12028648670047869,0.13765721788384888,12.460000038146973,17.207115430098312,1,1.61,0.1200000000000001,1,0,0,0,0,112.77716484069825,0.0,15.289999961853027,1,,,,0,0
2013-01-25,1.0,1.4,1,1,0.07050271337675595,0.11967751135666091,0.13765721788384888,12.890000343322754,17.098653885034416,1,1.7,0.21999999999999997,1,0,0,0,0,113.08205070495606,0.0,14.65999984741211,1,,,,0,0
2013-02-01,1.0,1.4,1,1,0.07595845290906023,0.11973801490489268,0.13765721788384888,12.899999618530273,17.01788463959327,1,1.77,0.30000000000000004,1,0,0,0,0,113.31230964660645,0.0,14.789999961853027,1,,,,0,0
2013-02-08,1.0,1.4,1,1,0.10651875230923125,0.11930393605974404,0.13765721788384888,13.020000457763672,16.868461553867046,1,1.74,0.3999999999999999,1,0,0,0,0,113.58787956237794,0.0,14.800000190734863,1,,,,0,0
2013-02-15,1.0,1.4,1,1,0.12333256329488451,0.11898738395886554,0.13765721788384888,12.460000038146973,16.76615384908823,1,1.72,0.3799999999999999,1,0,0,0,0,113.95045585632325,0.0,14.260000228881836,1,,,,0,0
2013-02-22,1.0,1.4,1,1,0.08218760074036502,0.11862434619169504,0.13765721788384888,14.170000076293945,16.705769245441143,1,1.7,0.29000000000000004,1,0,0,0,0,114.21897163391114,-0.001446440117442438,14.979999542236328,1,,,,0,0
2013-03-01,1.0,1.4,1,1,0.07765625845439939,0.1183543797123129,0.13765721788384888,15.359999656677246,16.668653836617104,1,1.61,0.24,1,0,0,0,0,114.62402381896973,0.0,16.290000915527344,1,,,,0,0
2013-03-08,1.0,1.4,1,1,0.09923833143551297,0.11816871891789238,0.13765721788384888,12.59000015258789,16.581730750890877,1,1.79,0.40000000000000013,1,0,0,0,0,115.14131202697754,0.0,14.520000457763672,1,,,,0,0
2013-03-15,1.0,1.4,1,1,0.10931130095590769,0.11573842237863825,0.13765721788384888,11.300000190734863,16.52076921096215,1,1.76,0.28,1,0,0,0,0,115.78172798156739,0.0,14.260000228881836,1,,,,0,0
2013-03-22,1.0,1.4,1,1,0.09455850807096722,0.11547571394360988,0.13765721788384888,13.569999694824219,16.496730749423687,1,1.67,0.15999999999999992,1,0,0,0,0,116.40473251342773,-0.0014762339985944228,15.260000228881836,1,,,,0,0
2013-03-29,1.0,1.4,1,1,0.12380828450535497,0.11311805543294086,0.13765721788384888,12.699999809265137,16.442884591909554,1,1.62,0.16000000000000014,1,0,0,0,0,117.20403327941895,0.0,14.640000343322754,1,,,,0,0
2013-04-05,1.0,1.0,1,1,0.06476814733356462,0.11340196261692051,0.13765721788384888,13.920000076293945,16.389423040243294,0,1.48,-0.17999999999999994,0,1,1,0,0,118.01366004943847,-0.009638197042823982,15.380000114440918,1,,,,0,0
2013-04-12,1.0,1.0,1,1,0.0845606238904355,0.11074223131139235,0.13765721788384888,12.0600004196167,16.245384601446297,0,1.53,-0.09999999999999987,0,1,1,0,0,118.77223930358886,0.0,14.020000457763672,1,,,,0,0
2013-04-19,1.0,1.0,1,1,0.05286571264004447,0.11648810042418342,0.13765721788384888,14.970000267028809,16.19788459631113,0,1.49,-0.1200000000000001,0,1,1,0,0,119.36726913452148,-0.020906870481956052,16.170000076293945,1,,,,0,0
2013-04-26,1.0,1.0,1,1,0.057862682173976276,0.11502925255993428,0.13765721788384888,13.609999656677246,16.14576921096215,0,1.48,-0.21999999999999997,0,1,1,0,0,120.0618824005127,-0.003526401884225483,14.890000343322754,1,,,,0,0
2013-05-03,1.0,1.0,1,1,0.07172480432695161,0.11679036651025583,0.13765721788384888,12.850000381469727,16.024423067386333,0,1.56,-0.20999999999999996,0,1,1,0,0,120.89321060180664,0.0,14.449999809265137,1,,,,0,0
2013-05-10,1.0,1.0,1,1,0.08127029714509693,0.10866416769100391,0.13765721788384888,12.59000015258789,15.884038466673632,0,1.64,-0.10000000000000009,0,1,1,0,0,121.73873672485351,0.0,14.710000038146973,1,,,,0,0
2013-05-17,1.0,1.0,1,1,0.10237630261920572,0.1064102404980496,0.13765721788384888,12.449999809265137,15.640769224900465,0,1.69,-0.030000000000000027,0,1,1,0,0,122.83402214050292,0.0,15.170000076293945,1,,,,0,0
2013-05-24,1.0,1.4,1,1,0.09319417925302997,0.10092366559873671,0.13765721788384888,13.989999771118164,15.491346139174242,1,1.75,0.050000000000000044,1,0,0,0,0,123.61333770751953,-0.009763783254074454,15.920000076293945,1,,,,0,0
2013-05-31,1.0,1.22,0,1,0.07933063981216093,0.1040300347957591,0.13765721788384888,16.299999237060547,15.292115358205942,1,1.86,0.25,0,0,0,0,1,124.29092788696289,-0.02090544104793357,17.1299991607666,1,,,,0,0
2013-06-07,1.0,1.4,1,1,0.06493120416701337,0.10390029696959552,0.13765721788384888,15.140000343322754,15.174999988996065,1,1.85,0.06000000000000005,1,0,0,0,0,124.97231941223144,-0.012819000355754673,16.719999313354492,1,,,,0,0
2013-06-14,1.0,1.22,0,1,0.047166636127147665,0.10572785546707698,0.13765721788384888,17.149999618530273,15.098846123768734,1,1.85,0.09000000000000008,0,0,0,0,1,125.51320953369141,-0.022523165695185643,18.299999237060547,1,,,,0,0
2013-06-21,1.0,1.22,0,1,0.027710572982518,0.11142431367464126,0.13765721788384888,18.899999618530273,15.114038412387554,1,2.14,0.4700000000000002,0,0,0,0,1,125.88485527038574,-0.04210058610498246,19.489999771118164,1,,,,0,0
2013-06-28,1.0,1.22,0,1,0.02935351998050395,0.10577353229248425,0.13765721788384888,16.860000610351562,15.109807656361507,1,2.16,0.54,0,0,0,0,1,126.28831558227539,-0.033971068884881994,18.389999389648438,1,,,,0,0
2013-07-05,1.0,1.4,1,1,0.056216387641503385,0.08997041462999454,0.13765721788384888,14.890000343322754,15.06730765562791,1,2.33,0.8500000000000001,1,0,0,0,0,126.78348388671876,-0.01831453148187734,16.8799991607666,1,,,,0,0
2013-07-12,1.0,1.4,1,1,0.06043017707362974,0.09564414626882736,0.13765721788384888,13.84000015258789,15.011538432194637,1,2.24,0.7100000000000002,1,0,0,0,0,127.46694831848144,0.0,15.649999618530273,1,,,,0,0
2013-07-19,1.0,1.4,1,1,0.09380693953612518,0.0957531388366249,0.13755909682149015,12.539999961853027,14.939807653427124,1,2.18,0.6900000000000002,1,0,0,0,0,128.20809059143068,0.0,15.039999961853027,1,,,,0,0
2013-07-26,1.0,1.4,1,1,0.07434753313232578,0.09545770446686017,0.13341096617318593,12.720000267028809,14.86326918235192,1,2.27,0.79,1,0,0,0,0,128.81493377685547,-0.0003547425218788369,14.800000190734863,1,,,,0,0
2013-08-02,1.0,1.4,1,1,0.0649722358190079,0.09579697132808968,0.1326931742867149,11.979999542236328,14.792884551561796,1,2.33,0.77,1,0,0,0,0,129.45247344970704,0.0,14.029999732971191,1,,,,0,0
2013-08-09,1.0,1.4,1,1,0.04158771801972505,0.09804335938437084,0.1326298453953551,13.40999984741211,14.767307629952064,1,2.25,0.6100000000000001,1,0,0,0,0,130.03357315063477,-0.009593360380971583,15.100000381469727,1,,,,0,0
2013-08-16,1.0,1.22,0,1,-0.0013924631239075058,0.10431116239139887,0.1325784240108326,14.369999885559082,14.784999939111563,1,2.48,0.79,0,0,0,0,1,130.43291549682618,-0.029950057572659894,15.9399995803833,1,,,,0,0
2013-08-23,1.0,1.4,1,1,0.013257561476857527,0.10403052096878455,0.13246439197488208,13.979999542236328,14.761923001362728,1,2.42,0.6699999999999999,1,0,0,0,0,130.9239273071289,-0.025329292293141514,15.550000190734863,1,,,,0,0
2013-08-30,1.0,1.22,0,1,0.006521306053912879,0.1085041595583982,0.13239471086230542,17.010000228881836,14.753076865122868,1,2.39,0.53,0,0,0,0,1,131.15133514404297,-0.04270263327828061,18.049999237060547,1,,,,0,0
2013-09-06,1.0,1.22,0,1,0.01285571691916143,0.10637532877619896,0.13206023741182796,15.850000381469727,14.78134610102727,1,2.48,0.6299999999999999,0,0,0,0,1,131.60642013549804,-0.028721833389330764,17.170000076293945,1,,,,0,0
2013-09-13,1.0,1.4,1,1,0.04317914278659862,0.10888873884772286,0.13151300910732408,14.15999984741211,14.774615324460543,1,2.45,0.6000000000000001,1,0,0,0,0,132.08328018188476,-0.009476864873803836,15.699999809265137,1,,,,0,0
2013-09-20,1.0,1.4,1,1,0.0784696315463862,0.10945318559135468,0.13122626698252304,13.119999885559082,14.758076869524443,1,2.41,0.27,1,0,0,0,0,132.5244934082031,0.0,15.319999694824219,1,,,,0,0
2013-09-27,1.0,1.22,0,1,0.05805602670438814,0.1112983296345781,0.1308031077548121,15.460000038146973,14.752884571368877,1,2.3,0.13999999999999968,0,0,0,0,1,132.81179809570312,-0.010602131412255744,16.040000915527344,1,,,,0,0
2013-10-04,1.0,1.0,0,1,0.04105815105802124,0.10978209564197462,0.13053243193909123,16.739999771118164,14.79923072228065,0,2.33,0.0,0,0,0,0,0,132.95786056518554,-0.010719329953478574,17.209999084472656,1,,,,0,0
2013-10-11,1.0,1.22,0,1,0.021371237465811266,0.10614156133436964,0.12985897173556957,15.720000267028809,14.791153816076426,1,2.35,0.10999999999999988,0,0,0,0,1,133.22383041381835,-0.0026947880896927012,16.56999969482422,1,,,,0,0
2013-10-18,1.0,1.4,1,1,0.03588131528514027,0.10402076246208396,0.1294313415629712,13.039999961853027,14.713846133305477,1,2.27,0.08999999999999986,1,0,0,0,0,133.72978744506835,0.0,14.920000076293945,1,,,,0,0
2013-10-25,1.0,1.0,1,1,0.045518359420560595,0.10249485191773512,0.1291021773574144,13.09000015258789,14.623076915740967,0,2.21,-0.06000000000000005,0,1,1,0,0,134.24473190307617,0.0,14.869999885559082,1,,,,0,0
2013-11-01,1.0,1.0,1,1,0.03579369092023521,0.100088170404155,0.12833016278798642,13.279999732971191,14.5401922922868,0,2.32,-0.010000000000000231,0,1,1,0,0,134.83458251953124,0.0,15.0600004196167,1,,,,0,0
2013-11-08,1.0,1.4,1,1,0.052236397932072354,0.0993221812843173,0.12771553411650716,12.899999618530273,14.43038458090562,1,2.45,0.20000000000000018,1,0,0,0,0,135.59786529541014,0.0,14.630000114440918,1,,,,0,0
2013-11-15,1.0,1.0,1,1,0.09104225488205597,0.09739823843950741,0.12739265503205155,12.1899995803833,14.349230729616606,0,2.4,-0.08000000000000007,0,1,1,0,0,136.41807861328124,0.0,14.800000190734863,1,,,,0,0
2013-11-22,1.0,1.4,1,1,0.09045344873479122,0.0954582578302654,0.12734971343378026,12.260000228881836,14.293846112031202,1,2.44,0.020000000000000018,1,0,0,0,0,137.16485137939452,0.0,14.149999618530273,1,,,,0,0
2013-11-29,1.0,1.4,1,1,0.11141003120399384,0.09294132110479215,0.12728318904749547,13.699999809265137,14.252115341333242,1,2.47,0.08000000000000007,1,0,0,0,0,137.73967895507812,0.0,15.029999732971191,1,,,,0,0
2013-12-06,1.0,1.4,1,1,0.09504898830718811,0.09299375202240048,0.12715045569674774,13.789999961853027,14.21153842485868,1,2.58,0.10000000000000009,1,0,0,0,0,138.24570236206054,-0.0003315217277305438,14.949999809265137,1,,,,0,0
2013-12-13,1.0,1.22,0,1,0.056978592486698565,0.09513878793566857,0.12589387184742945,15.760000228881836,14.1876922754141,1,2.54,0.08999999999999986,0,0,0,0,1,138.64038543701173,-0.01596705548715127,16.270000457763672,1,,,,0,0
2013-12-20,1.0,1.4,1,1,0.0692693415954968,0.09287801469404433,0.12267690558589966,13.789999961853027,14.109807656361507,1,2.52,0.10999999999999988,1,0,0,0,0,139.1397491455078,0.0,15.010000228881836,1,,,,0,0
2013-12-27,1.0,1.4,1,1,0.0943587154686849,0.09332921687797352,0.12022871660960942,12.460000038146973,13.91249997799213,1,2.62,0.3200000000000003,1,0,0,0,0,139.7972427368164,0.0,13.979999542236328,1,,,,0,0
2014-01-03,1.0,1.4,1,1,0.08877310303247743,0.09324802506519679,0.12011640066611017,13.760000228881836,13.911153830014742,1,2.6,0.27,1,0,0,0,0,140.55512619018555,-0.005221854892243805,15.09000015258789,1,,,,0,0
2014-01-10,1.0,1.4,1,1,0.08739419588538411,0.08719619534430005,0.119977895372623,12.140000343322754,13.887692304757925,1,2.49,0.14000000000000012,1,0,0,0,0,141.33192749023436,0.0,13.9399995803833,1,,,,0,0
2014-01-17,1.0,1.4,1,1,0.05875908141998787,0.08727871381959461,0.11971683866301155,12.4399995803833,13.887307680570162,1,2.44,0.16999999999999993,1,0,0,0,0,142.2073097229004,-0.002715399142039221,14.630000114440918,1,,,,0,0
2014-01-24,1.3,1.3,0,1,0.0222293309051127,0.0966537123499092,0.11954676000274,18.139999389648438,13.98826920069181,1,2.38,0.16999999999999993,0,0,0,0,0,142.79515991210937,-0.028511024522567374,17.399999618530273,0,,,,0,0
2014-01-31,1.3,1.3,0,1,0.016669553822400207,0.09630338252759044,0.11919314282443658,18.40999984741211,14.094230743554922,1,2.33,0.010000000000000231,0,0,0,0,0,143.22273941040038,-0.03236649552430282,18.09000015258789,0,,,,0,0
2014-02-07,1.3,1.3,0,1,0.01898283858794536,0.09512514634772451,0.11886032074035587,15.289999961853027,14.137884580172026,0,2.41,-0.040000000000000036,0,0,0,0,0,143.6220504760742,-0.02422081076652738,16.34000015258789,1,,,,0,0
2014-02-14,1.0,1.4,1,1,0.02759833813647017,0.09332040887500442,0.1185298579239113,13.569999694824219,14.15923072741582,1,2.43,0.03000000000000025,1,0,0,0,0,144.26948089599608,-0.0006517039967829374,15.170000076293945,1,,,,0,0
2014-02-21,1.0,1.0,0,1,0.02255593313085158,0.09360706901980409,0.11828939843426572,14.680000305175781,14.169038424125084,0,2.4,-0.040000000000000036,0,0,0,0,0,144.91246185302734,-0.0013577508378538328,15.640000343322754,1,,,,0,0
2014-02-28,1.0,1.0,1,1,0.034814396076695786,0.08848701731189763,0.11768629557521959,14.0,14.142884584573599,0,2.33,-0.14000000000000012,0,1,1,0,0,145.5973663330078,0.0,15.800000190734863,1,,,,0,0
2014-03-07,1.0,1.0,1,1,0.04610435602028984,0.08780225681466196,0.11668457338013048,14.109999656677246,14.172115344267626,0,2.42,-0.16000000000000014,0,1,1,0,0,146.19588928222657,0.0,15.869999885559082,1,,,,0,0
2014-03-14,1.0,1.0,0,1,0.042403915256970404,0.09160880612952907,0.11637591065968747,17.81999969482422,14.297499950115498,0,2.29,-0.25,0,0,0,0,0,146.58624343872071,-0.019122745612073277,17.93000030517578,1,,,,0,0
2014-03-21,1.0,1.0,0,1,0.030082636205712276,0.09153946446798585,0.11601736068846441,15.0,14.324999955984262,0,2.3,-0.2200000000000002,0,0,0,0,0,147.06158142089845,-0.0065773018249722925,16.18000030517578,1,,,,0,0
2014-03-28,1.0,1.0,0,1,0.013372992921412585,0.08980477415777216,0.11564647442637832,14.40999984741211,14.357884572102474,0,2.28,-0.3400000000000003,0,0,0,0,0,147.46469802856444,-0.01036534548310064,15.460000038146973,1,,,,0,0
2014-04-04,1.0,1.0,1,1,0.02369024376546447,0.08959922697851914,0.11531945245932342,13.960000038146973,14.35865380213811,0,2.31,-0.29000000000000004,0,1,1,0,0,147.79382553100587,-0.005510118733019653,14.960000038146973,1,,,,0,0
2014-04-11,1.0,1.0,0,1,-0.009931923796157371,0.09917748208095015,0.11470168052696929,17.030000686645508,14.4542307303502,0,2.26,-0.23000000000000043,0,0,0,0,0,147.89393692016603,-0.031599390639557634,16.790000915527344,0,,,,0,0
2014-04-18,1.0,1.0,1,1,0.019454760856805198,0.10041485478119189,0.11385135301865876,13.359999656677246,14.423269180151133,0,2.3,-0.14000000000000012,0,1,1,0,0,148.18447647094726,-0.005563472873130526,14.84000015258789,1,,,,0,0
2014-04-25,1.0,1.0,1,1,0.04596251816259689,0.10014898543134762,0.11330259510252763,14.0600004196167,14.43192304097689,0,2.25,-0.1299999999999999,0,1,1,0,0,148.4733688354492,-0.006097014274238255,15.180000305175781,1,,,,0,0
2014-05-02,1.0,1.0,1,1,0.06010759304613522,0.10059213015720839,0.11252524581753601,12.90999984741211,14.4330768768604,0,2.18,-0.1499999999999999,0,1,1,0,0,148.9478401184082,0.0,14.680000305175781,1,,,,0,0
2014-05-09,1.0,1.0,1,1,0.05069871596906106,0.10059931111845814,0.11138021926061915,12.920000076293945,14.43942302923936,0,2.22,-0.18999999999999995,0,1,1,0,0,149.23997650146484,-0.000531961893856292,14.380000114440918,1,,,,0,0
2014-05-16,1.0,1.0,1,1,0.026409890363121802,0.09883971367218253,0.11110369522146309,12.4399995803833,14.43923071714548,0,2.14,-0.29000000000000004,0,1,1,0,0,149.4432289123535,-5.3276153593628806e-05,14.329999923706055,1,,,,0,0
2014-05-23,1.0,1.0,1,1,0.039698235624845646,0.09983420749936113,0.11040618382709615,11.359999656677246,14.38865379186777,0,2.17,-0.22999999999999998,0,1,1,0,0,149.77862548828125,0.0,13.619999885559082,1,,,,0,0
2014-05-30,1.0,1.0,1,1,0.03886611716560906,0.10075789749241126,0.10966697712425764,11.399999618530273,14.294423029972958,0,2.11,-0.2200000000000002,0,1,1,0,0,150.1580795288086,0.0,13.75,1,,,,0,0
2014-06-06,1.0,1.0,1,1,0.04240009387119392,0.10184299099706483,0.10925562923108355,10.729999542236328,14.209615322259756,0,2.19,-0.22999999999999998,0,1,1,0,0,150.6673225402832,0.0,12.829999923706055,1,,,,0,0
2014-06-13,1.0,1.0,1,1,0.05592307499615301,0.09904288907673664,0.10881013894287123,12.180000305175781,14.114038412387554,0,2.15,-0.14000000000000012,0,1,1,0,0,151.31777267456056,-0.006397895839919787,13.789999961853027,1,,,,0,0
2014-06-20,1.0,1.0,1,1,0.057351718893906334,0.09537580545618489,0.10860816484459192,10.850000381469727,13.959230734751774,0,2.13,-0.16999999999999993,0,1,1,0,0,152.10848236083984,0.0,12.869999885559082,1,,,,0,0
2014-06-27,1.0,1.0,1,1,0.06074896866116264,0.09454143952629465,0.1077712878872762,11.260000228881836,13.85153841972351,0,2.09,-0.18999999999999995,0,1,1,0,0,152.83368759155275,-0.0006123953633632162,12.819999694824219,1,,,,0,0
2014-07-04,1.0,1.0,1,1,0.06839960759035146,0.09464307703873992,0.10639802139540187,10.319999694824219,13.76365379186777,0,2.13,-0.18000000000000016,0,1,1,0,0,153.4805778503418,0.0,12.239999771118164,1,,,,0,0
2014-07-11,1.0,1.0,1,1,0.08838115544184877,0.0958893964977519,0.10629351017155869,12.079999923706055,13.729807633620043,0,2.05,-0.20999999999999996,0,1,1,0,0,154.067879486084,-0.00802213993579648,13.279999732971191,1,,,,0,0
2014-07-18,1.0,1.0,1,1,0.06581564712540877,0.09558556441389748,0.10601275116970975,12.0600004196167,13.720576873192421,0,1.99,-0.30999999999999983,0,1,1,0,0,154.60305938720703,-0.0024720537112425944,13.359999656677246,1,,,,0,0
2014-07-25,1.0,1.0,1,1,0.06644167552275837,0.08565851489980404,0.10575754540359171,12.6899995803833,13.719999936910776,0,1.95,-0.30000000000000004,0,1,1,0,0,155.05904083251954,-0.002421649866958364,14.0,1,,,,0,0
2014-08-01,1.3,1.3,0,1,0.028514436938026577,0.09546452918753061,0.10523201289058966,17.030000686645508,13.817115343534029,0,2.05,-0.13000000000000034,0,0,0,0,0,155.44761581420897,-0.028758696786896465,16.780000686645508,0,,,,0,0
2014-08-08,1.0,1.0,0,1,0.03301789331377436,0.09518480530963103,0.10421293789348386,15.770000457763672,13.862499970656176,0,1.99,-0.2300000000000002,0,0,0,0,0,155.77093276977538,-0.025024942351782986,16.690000534057617,1,,,,0,0
2014-08-15,1.0,1.0,1,1,0.045774351173332395,0.09127737700702591,0.10403035080822565,13.149999618530273,13.839038427059467,0,1.92,-0.2200000000000002,0,1,1,0,0,156.22420349121094,-0.012512518370502268,14.420000076293945,1,,,,0,0
2014-08-22,1.0,1.0,1,1,0.051455028140093395,0.09349866588605067,0.1040267894789728,11.470000267028809,13.790769210228554,0,1.87,-0.2999999999999998,0,1,1,0,0,156.78204956054688,0.0,13.510000228881836,1,,,,0,0
2014-08-29,1.0,1.0,1,1,0.04666695023693079,0.09265909269037312,0.103978599539713,12.09000015258789,13.696153824145977,0,1.87,-0.23999999999999977,0,1,1,0,0,157.6003562927246,0.0,14.260000228881836,1,,,,0,0
2014-09-05,1.0,1.0,1,1,0.03426004479941391,0.09205154205776152,0.1038259908601051,12.09000015258789,13.62384612743671,0,1.94,-0.25,0,1,1,0,0,158.23691101074218,0.0,14.079999923706055,1,,,,0,0
2014-09-12,1.0,1.0,1,1,0.030671262730834092,0.08827671128125346,0.10328882340333011,13.3100004196167,13.607499984594492,0,2.04,-0.10999999999999988,0,1,1,0,0,158.79677505493163,-0.009845598796872301,15.039999961853027,1,,,,0,0
2014-09-19,1.0,1.0,1,1,0.029080759614674045,0.08823373436419761,0.1025290776907041,12.109999656677246,13.58807690326984,0,2.0,-0.1299999999999999,0,1,1,0,0,159.3870849609375,0.0,14.380000114440918,1,,,,0,0
2014-09-26,1.0,1.0,0,1,0.015345920193457374,0.09105919199124506,0.10230376581427943,14.850000381469727,13.576346140641432,0,1.95,-0.1399999999999999,0,0,0,0,0,159.8667350769043,-0.013950928943932905,16.020000457763672,1,,,,0,0
2014-10-03,1.0,1.0,0,1,-0.0038416413152949636,0.0920684960604713,0.10191182640336852,14.550000190734863,13.5342307640956,0,1.88,-0.25,0,0,0,0,0,160.28618927001952,-0.020826933459340724,16.040000915527344,1,,,,0,0
2014-10-10,1.3,1.3,0,1,-0.026343078223007077,0.0949363238452065,0.10180586895690454,21.239999771118164,13.640384600712704,0,1.86,-0.18999999999999972,0,0,0,0,0,160.36728210449218,-0.050622334494039634,19.93000030517578,0,,,,0,0
2014-10-17,0.6,0.6,0,0,-0.042279225301469325,0.0894691347526128,0.10145228617592372,21.989999771118164,13.812499981660109,0,1.83,-0.15999999999999992,0,0,0,0,0,160.26899337768555,-0.06093629487724628,21.25,0,,,,0,0
2014-10-24,1.7,1.7,0,1,-0.0018809182597716578,0.10683672367012458,0.10145228617592372,16.110000610351562,13.87057691354018,0,1.88,-0.07000000000000006,0,0,0,0,0,160.387255859375,-0.021275523841767008,17.920000076293945,1,,,,0,0
2014-10-31,1.7,1.7,0,1,0.052481168635033715,0.11179724083879632,0.10145228617592372,14.029999732971191,13.884999990463257,0,1.85,-0.19999999999999973,0,0,0,0,0,160.7705406188965,0.0,16.510000228881836,1,,,,0,0
2014-11-07,1.7,1.7,0,1,0.0571852607702068,0.11188964050171415,0.10145228617592372,13.119999885559082,13.889230764829195,0,1.81,-0.17999999999999994,0,0,0,0,0,161.11108856201173,0.0,15.829999923706055,1,,,,0,0
2014-11-14,1.7,1.7,0,1,0.04840923708932632,0.11180648496269283,0.10145228617592372,13.3100004196167,13.910769242506762,0,1.78,-0.1399999999999999,0,0,0,0,0,161.49340209960937,0.0,15.960000038146973,1,,,,0,0
2014-11-21,1.0,1.0,0,1,0.04245244919204283,0.11176192003814928,0.10145228617592372,12.899999618530273,13.923076923076923,0,1.78,-0.09000000000000008,0,0,0,0,0,161.87862854003907,0.0,15.789999961853027,1,,,,0,0
2014-11-28,1.0,1.0,0,1,0.03716067334041728,0.1110510779730323,0.10145228617592372,13.329999923706055,13.915961540662325,0,1.71,-0.16000000000000014,0,0,0,0,0,162.35000457763672,0.0,15.930000305175781,1,,,,0,0
2014-12-05,1.0,1.0,0,1,0.03909430165504468,0.10993199064901966,0.10145228617592372,11.890000343322754,13.87942308645982,0,1.66,-0.28,0,0,0,0,0,162.80929718017578,0.0,15.300000190734863,1,,,,0,0
2014-12-12,1.0,1.3,0,1,0.013554499137131026,0.1212520454424993,0.10152122710764999,21.079999923706055,13.981730772898747,0,1.54,-0.5,0,0,0,0,0,162.97687149047852,-0.03418251203823297,21.0,0,,,,0,1
2014-12-19,1.0,1.0,0,1,0.03467793854766388,0.12833085462649663,0.10152122710764999,16.489999771118164,14.033653846153847,0,1.5,-0.5,0,0,0,0,0,163.63469696044922,-0.0016356849501228954,18.469999313354492,1,,,,0,0
2014-12-26,1.0,1.0,0,1,0.05907229887989485,0.12858486120425097,0.10152122710764999,14.5,14.07288461465102,0,1.52,-0.42999999999999994,0,0,0,0,0,164.3414436340332,0.0,17.15999984741211,1,,,,0,0
2015-01-02,1.0,1.0,0,1,0.05110847065445112,0.13011651815327857,0.10152122710764999,17.790000915527344,14.150384627855741,0,1.46,-0.41999999999999993,0,0,0,0,0,164.82304763793945,-0.014440478436966608,19.459999084472656,1,,,,0,0
2015-01-09,1.0,1.0,0,1,0.07786954015254599,0.12979368594742682,0.10152122710764999,17.549999237060547,14.25442306811993,0,1.39,-0.4700000000000002,0,0,0,0,0,165.11452713012696,-0.02010154542802145,19.31999969482422,1,,,,0,0
2015-01-16,1.3,1.3,0,1,0.07573006285776218,0.13134216856818154,0.10152122710764999,20.950000762939453,14.41807693701524,0,1.34,-0.49,0,0,0,0,0,165.23607788085937,-0.03267096388552171,21.149999618530273,1,,,,0,0
2015-01-23,1.0,1.0,0,1,0.04923558344262591,0.13307878834551323,0.10152122710764999,16.65999984741211,14.38961540735685,0,1.29,-0.5899999999999999,0,0,0,0,0,165.4789176940918,-0.01664728085054512,19.0,1,,,,0,0
2015-01-30,1.3,1.3,0,1,-0.00550039585342843,0.1333154073303534,0.10152122710764999,20.969999313354492,14.43884616631728,0,1.21,-0.6400000000000001,0,0,0,0,0,165.57509155273436,-0.04312979825602281,21.81999969482422,1,,,,0,0
2015-02-06,1.0,1.0,0,1,0.016447635615750134,0.1393449853817441,0.10152122710764999,17.290000915527344,14.47730772311871,0,1.3,-0.51,0,0,0,0,0,165.8202926635742,-0.013864589985546849,19.8799991607666,1,,,,0,0
2015-02-13,1.0,1.0,0,1,0.03279408930339178,0.14090947754053113,0.10152122710764999,14.6899995803833,14.498846182456383,0,1.36,-0.41999999999999993,0,0,0,0,0,166.3544822692871,0.0,18.1299991607666,1,,,,0,0
2015-02-20,1.0,1.0,0,1,0.02770449523458751,0.13942249607090745,0.10152122710764999,14.300000190734863,14.491538487947905,0,1.46,-0.32000000000000006,0,0,0,0,0,167.00536575317383,0.0,17.290000915527344,1,,,,0,0
2015-02-27,1.0,1.0,0,1,0.02231021016632817,0.13945201556094544,0.10152122710764999,13.34000015258789,14.47884618318998,0,1.37,-0.33999999999999986,0,0,0,0,0,167.8773635864258,-0.0027458924702827847,16.889999389648438,1,,,,0,0
2015-03-06,1.0,1.0,0,1,0.003101991326241338,0.14161776608772156,0.10152122710764999,15.199999809265137,14.4998077245859,0,1.51,-0.1499999999999999,0,0,0,0,0,168.70398635864257,-0.017705316872589583,17.510000228881836,1,,,,0,0
2015-03-13,1.0,1.0,0,1,0.03024540115570251,0.14133335285453444,0.10152122710764999,16.0,14.464807730454664,0,1.45,-0.09000000000000008,0,0,0,0,0,169.13567428588868,-0.02561082562977912,17.889999389648438,1,,,,0,0
2015-03-20,1.0,1.0,0,1,0.023384113286500918,0.14496595212075755,0.10152122710764999,13.020000457763672,14.42673081618089,0,1.33,-0.16999999999999993,0,0,0,0,0,169.5804573059082,0.0,16.709999084472656,1,,,,0,0
2015-03-27,1.0,1.0,0,1,-0.00854708372291535,0.1473487732439183,0.10152122710764999,15.069999694824219,14.439423120938814,0,1.37,-0.1499999999999999,0,0,0,0,0,169.7631507873535,-0.02219473445142761,17.389999389648438,1,,,,0,0
2015-04-03,1.0,1.0,0,1,0.009402318465101978,0.146752310953831,0.10152122710764999,14.670000076293945,14.453076967826256,0,1.37,-0.08999999999999986,0,0,0,0,0,169.93793869018555,-0.018868017109282653,17.219999313354492,1,,,,0,0
2015-04-10,1.0,1.0,0,1,0.03293815907960873,0.13987869699347275,0.10152122710764999,12.579999923706055,14.367500030077421,0,1.39,0.0,0,0,0,0,0,170.1617317199707,-0.0017583839550706637,15.460000038146973,1,,,,0,0
2015-04-17,1.0,1.22,0,1,0.035948375442543146,0.13967827483370585,0.10152122710764999,13.890000343322754,14.37769235097445,1,1.36,0.020000000000000018,0,0,0,0,1,170.27772903442383,-0.011691308108684018,16.139999389648438,1,,,,0,0
2015-04-24,1.0,1.22,0,1,0.037199379560104884,0.12982011731725798,0.10152122710764999,12.289999961853027,14.343653880632841,1,1.39,0.09999999999999987,0,0,0,0,1,170.5140609741211,0.0,15.260000228881836,1,,,,0,0
2015-05-01,1.0,1.22,0,1,0.06122162285224464,0.1256283082334713,0.10152122710764999,12.699999809265137,14.339615418360783,1,1.52,0.31000000000000005,0,0,0,0,1,171.0032196044922,-0.00439389899433007,15.380000114440918,1,,,,0,0
2015-05-08,1.0,1.22,0,1,0.03412619395100558,0.12534850983910467,0.10152122710764999,12.859999656677246,14.338461564137386,1,1.57,0.27,0,0,0,0,1,171.25225143432618,-0.0001415504116765165,15.5600004196167,1,,,,0,0
2015-05-15,1.0,1.22,0,1,0.01720001405365501,0.12532933724771347,0.10152122710764999,12.380000114440918,14.337307728253878,1,1.59,0.22999999999999998,0,0,0,0,1,171.45611190795898,0.0,15.569999694824219,1,,,,0,0
2015-05-22,1.0,1.22,0,1,0.01278467966984076,0.12448725854436939,0.10226670059550053,12.130000114440918,14.352115429364718,1,1.57,0.1100000000000001,0,0,0,0,1,171.80673904418944,0.0,14.479999542236328,1,,,,0,0
2015-05-29,1.0,1.22,0,1,0.00675238630555719,0.12533659649471174,0.10226670059550053,13.84000015258789,14.399038516558134,1,1.51,0.1399999999999999,0,0,0,0,1,172.12942428588866,-0.008685683480270212,15.380000114440918,1,,,,0,0
2015-06-05,1.0,1.22,0,1,0.015452622755735224,0.12574261820005886,0.10226670059550053,14.210000038146973,14.465961603017954,1,1.68,0.16999999999999993,0,0,0,0,1,172.50335617065429,-0.01511769251297257,15.960000038146973,1,,,,0,0
2015-06-12,1.0,1.22,0,1,0.024862441391895196,0.11470858523562817,0.10226670059550053,13.779999732971191,14.49673082278325,1,1.65,0.19999999999999996,0,0,0,0,1,172.74961776733397,-0.013990941849122751,15.609999656677246,1,,,,0,0
2015-06-19,1.0,1.22,0,1,0.006774439679404276,0.10551503055449764,0.10226670059550053,13.960000038146973,14.556538508488583,1,1.61,0.28,0,0,0,0,1,173.29883422851563,-0.005420556201244597,15.90999984741211,1,,,,0,0
2015-06-26,1.0,1.22,0,1,0.024791725828040345,0.10515096685540669,0.10226670059550053,14.020000457763672,14.60961543596708,1,1.77,0.3999999999999999,0,0,0,0,1,173.55557403564453,-0.010090984012466664,15.460000038146973,1,,,,0,0
2015-07-03,1.0,1.22,0,1,0.00909915287598495,0.10446437742957662,0.10348669377156187,16.790000915527344,14.734038536365215,1,1.76,0.3899999999999999,0,0,0,0,1,173.53366928100587,-0.021933075494371956,17.68000030517578,1,,,,0,0
2015-07-10,1.0,1.22,0,1,-0.007383247003076687,0.10401940201387713,0.10402028630521157,16.829999923706055,14.825384690211369,1,1.77,0.3800000000000001,0,0,0,0,1,173.45868225097655,-0.02113101114381244,17.729999542236328,1,,,,0,0
2015-07-17,1.0,1.22,0,1,0.026754090361104987,0.1068343781864458,0.10402710549143934,11.949999809265137,14.823269293858456,1,1.66,0.2999999999999998,0,0,0,0,1,173.61550903320312,0.0,14.609999656677246,1,,,,0,0
2015-07-24,1.0,1.22,0,1,-0.012465059914151588,0.1097397791940511,0.10421293789348386,13.739999771118164,14.84346160521874,1,1.57,0.18000000000000016,0,0,0,0,1,173.7162292480469,-0.021084371160227544,15.649999618530273,1,,,,0,0
2015-07-31,1.0,1.4,1,1,0.0038154551261653236,0.10269312844295614,0.10421293789348386,12.119999885559082,14.749038512890156,1,1.53,0.010000000000000009,1,0,0,0,0,173.9897117614746,-0.009318121178576444,14.899999618530273,1,,,,0,0
2015-08-07,1.0,1.0,0,1,-0.012562395542787153,0.09596546225168545,0.10421293789348386,13.390000343322754,14.703269279920137,0,1.45,-0.1200000000000001,0,0,0,0,0,173.9297721862793,-0.0213194094856356,15.420000076293945,1,,,,0,0
2015-08-14,1.0,1.0,0,1,-0.009420754715671165,0.092020817014543,0.10402710549143934,12.829999923706055,14.697115439635057,0,1.47,-0.1200000000000001,0,0,0,0,0,174.12420959472655,-0.014401753202850531,15.510000228881836,1,,,,0,0
2015-08-21,0.6,0.6,0,0,-0.06665868007006859,0.12051195286888546,0.10430911219095419,28.030000686645508,15.015576986166147,0,1.41,-0.16000000000000014,0,0,0,0,0,173.80773162841797,-0.06894756883851172,23.469999313354492,0,,,,0,0
2015-08-28,0.6,0.6,0,0,-0.05158017405342097,0.12122702421775275,0.10430911219095419,26.049999237060547,15.28403850702139,0,1.47,-0.040000000000000036,0,0,0,0,0,173.40257110595704,-0.06212351341713085,25.34000015258789,0,,,,0,0
2015-09-04,0.6,0.6,0,0,-0.07743364212409543,0.12813256337030307,0.10430911219095419,27.799999237060547,15.58615387403048,0,1.42,-0.26,0,0,0,0,0,172.80570373535156,-0.09360897808410085,28.06999969482422,1,,,,0,0
2015-09-11,0.6,0.6,0,0,-0.05863082404300357,0.13216908710512507,0.10430911219095419,23.200000762939453,15.776346188325148,0,1.49,-0.15999999999999992,0,0,0,0,0,172.2282958984375,-0.07407774225051356,24.68000030517578,1,,,,0,0
2015-09-18,0.6,0.6,0,0,-0.06804181385539354,0.1255825290050224,0.10430911219095419,22.280000686645508,15.971923131209154,0,1.44,-0.17000000000000015,0,0,0,0,0,171.67798385620117,-0.07536665374330054,23.200000762939453,1,,,,0,0
2015-09-25,0.6,0.6,0,0,-0.07610069541997277,0.12326053492645397,0.10430911219095419,23.6200008392334,16.140576986166145,0,1.47,-0.30000000000000004,0,0,0,0,0,170.98174896240235,-0.08766661859980363,24.399999618530273,1,,,,0,0
2015-10-02,0.6,0.6,0,0,-0.05448982118631562,0.12444225222307136,0.10430911219095419,20.940000534057617,16.263461608153122,0,1.41,-0.3500000000000001,0,0,0,0,0,170.3414520263672,-0.07749564160195632,22.600000381469727,1,,,,0,0
2015-10-09,1.7,1.7,0,0,-0.024596569203406693,0.13088490312231701,0.10430911219095419,17.079999923706055,16.183461611087505,0,1.47,-0.30000000000000004,0,0,0,0,0,169.9429901123047,-0.047549323941010746,19.850000381469727,1,,,,0,0
2015-10-16,1.7,1.7,0,0,-0.038371431359224384,0.13105534810795577,0.10491066055636616,15.050000190734863,16.05000008069552,0,1.43,-0.22999999999999998,0,0,0,0,0,169.70217666625976,-0.038371431359224384,18.670000076293945,1,,,,0,0
2015-10-23,1.7,1.7,0,1,0.0028309301211706384,0.13200548351335853,0.1053876082598158,14.460000038146973,16.018269300460815,0,1.43,-0.14000000000000012,0,0,0,0,0,169.69528350830078,-0.018313129420460372,17.479999542236328,1,,,,0,0
2015-10-30,1.7,1.7,0,1,-0.00707406562925561,0.1318944126982964,0.10637260651526395,15.069999694824219,16.03826929972722,0,1.41,-0.1200000000000001,0,0,0,0,0,169.69601440429688,-0.016326269807073412,18.399999618530273,1,,,,0,0
2015-11-06,1.0,1.0,0,1,0.015301316688941524,0.13254707928461076,0.106835902750837,14.329999923706055,16.061538531230045,0,1.44,-0.010000000000000009,0,0,0,0,0,169.70940322875975,-0.006344307832855112,17.450000762939453,1,,,,0,0
2015-11-13,0.6,0.6,0,0,-0.0278242156200178,0.14180061639360406,0.10872370976067683,20.079999923706055,16.191730829385612,0,1.42,-0.050000000000000044,0,0,0,0,0,169.4504592895508,-0.04182525133644588,21.579999923706055,1,,,,0,0
2015-11-20,1.0,1.0,0,1,0.06353002735332347,0.15000982655516287,0.10986471663978067,15.470000267028809,16.241153918779812,0,1.33,-0.07999999999999985,0,0,0,0,0,169.57887573242186,-0.009797782419444068,18.940000534057617,1,,,,0,0
2015-11-27,1.0,1.0,0,1,0.0570524760919906,0.14947986506249356,0.1106593974096279,15.119999885559082,16.275576994969295,0,1.3,-0.16999999999999993,0,0,0,0,0,169.7106704711914,-0.008615337589121586,17.350000381469727,1,,,,0,0
2015-12-04,1.0,1.0,0,1,0.09408501251215107,0.14914603492469408,0.11151312531535834,14.8100004196167,16.331730842590332,0,1.32,-0.09999999999999987,0,0,0,0,0,169.6370590209961,-0.008331167446242072,18.170000076293945,1,,,,0,0
2015-12-11,0.6,0.6,0,0,0.03146079025558546,0.1582764352552052,0.11178487855856985,24.389999389648438,16.39538467847384,0,1.25,-0.24,0,0,0,0,0,169.42621231079102,-0.044947496306478874,24.3799991607666,0,,,,0,0
2015-12-18,0.6,0.6,0,0,0.02947256987174951,0.15767304647301028,0.11180324951932905,20.700000762939453,16.476346236008865,0,1.22,-0.21999999999999997,0,0,0,0,0,169.08341293334962,-0.04811533284000036,21.260000228881836,1,,,,0,0
2015-12-25,1.0,1.0,0,1,0.07287549517003655,0.16303351243886544,0.1118605360630567,15.739999771118164,16.500192385453445,0,1.22,-0.25,0,0,0,0,0,169.08464584350585,-0.021179871670110484,19.690000534057617,1,,,,0,0
2016-01-01,0.6,0.6,0,0,0.05170978787499281,0.16261522926022404,0.11372195457875828,18.209999084472656,16.508269273317776,0,1.21,-0.19999999999999996,0,0,0,0,0,168.9486526489258,-0.02979313691543717,19.799999237060547,1,,,,0,0
2016-01-08,0.6,0.6,0,0,-0.041065990524202345,0.18252097482483887,0.11848077419724544,27.010000228881836,16.69019236931434,0,1.19,-0.28,0,0,0,0,0,168.79212799072266,-0.08666265437881926,26.229999542236328,0,,,,0,0
2016-01-15,0.6,0.6,0,0,-0.07055784084110317,0.18018659960658542,0.1209767492456492,27.020000457763672,16.806923132676346,0,1.18,-0.25,0,0,0,0,0,168.40248947143556,-0.1062218668536381,26.8799991607666,0,,,,0,0
2016-01-22,0.6,0.6,0,0,-0.07641126698521705,0.18018455629061847,0.121243288013838,22.34000015258789,16.91615390777588,0,1.19,-0.24,0,0,0,0,0,168.4049980163574,-0.09332506698419574,24.280000686645508,1,,,,0,0
2016-01-29,1.7,1.7,0,0,-0.06279530555352197,0.18111705587784835,0.12255756360706985,20.200000762939453,16.901346243344822,0,1.18,-0.22999999999999998,0,0,0,0,0,168.36949081420897,-0.078096362259511,22.65999984741211,1,,,,0,0
2016-02-05,1.7,1.7,0,0,-0.09984474629671336,0.18476455787494667,0.12402865116925528,23.3799991607666,17.018461594214806,0,1.12,-0.31999999999999984,0,0,0,0,0,168.10275115966797,-0.1055556083235688,24.479999542236328,1,,,,0,0
2016-02-12,1.7,1.7,0,0,-0.07306842714073403,0.1842197956575348,0.12447150633191507,25.399999618530273,17.22442313340994,0,1.03,-0.3899999999999999,0,0,0,0,0,167.8891845703125,-0.11183757314725984,26.229999542236328,1,,,,0,0
2016-02-19,1.7,1.7,0,0,-0.07724112961180007,0.1732312446451294,0.12503460970154304,20.530000686645508,17.344230835254375,0,1.0,-0.33000000000000007,0,0,0,0,0,167.81155014038086,-0.08628212024947568,22.799999237060547,1,,,,0,0
2016-02-26,1.5,1.5,0,0,-0.06350831764479936,0.17448803715127204,0.12533405575826234,19.809999465942383,17.468653898972732,0,0.96,-0.3400000000000001,0,0,0,0,0,167.59925384521483,-0.07157650963769391,21.860000610351562,1,,,,0,0
2016-03-04,1.5,1.5,0,0,-0.038151069353184575,0.17143428042716802,0.12534434016856716,16.860000610351562,17.500576991301315,0,1.0,-0.32000000000000006,0,0,0,0,0,167.53039779663087,-0.04616439385239213,19.6299991607666,1,,,,0,0
2016-03-11,1.5,1.5,0,1,0.010336195789196312,0.1696748295761766,0.1255006222969512,16.5,17.510192375916702,0,1.01,-0.24,0,0,0,0,0,167.38228759765624,-0.03507588663934047,19.469999313354492,1,,,,0,0
2016-03-18,1.5,1.5,0,1,0.027067918665890423,0.17034570009096464,0.1256122855035142,14.020000457763672,17.52942314514747,0,1.04,-0.17999999999999994,0,0,0,0,0,167.3290657043457,-0.022349796090005314,17.93000030517578,1,,,,0,0
2016-03-25,1.5,1.5,0,1,-0.007352897068439113,0.16927129363502905,0.1257026097117532,14.739999771118164,17.52307699276851,0,1.02,-0.19999999999999996,0,0,0,0,0,167.13439178466797,-0.028377035322236455,18.270000457763672,1,,,,0,0
2016-04-01,1.5,1.5,0,1,0.020195347957151943,0.17039078139081856,0.12729608256071762,13.100000381469727,17.492884690944965,0,1.03,-0.17999999999999994,0,0,0,0,0,167.413826751709,-0.010199471725027665,16.5,1,,,,0,0
2016-04-08,1.0,1.0,0,1,0.07104345266086076,0.165884639152976,0.12826145268682887,15.359999656677246,17.546346224271336,0,1.02,-0.16999999999999993,0,0,0,0,0,167.30799102783203,-0.021776015901784684,18.31999969482422,1,,,,0,0
2016-04-15,1.0,1.0,0,1,0.11203655711929117,0.16679977693579373,0.12849595890203697,13.619999885559082,17.54115390777588,0,1.02,-0.15999999999999992,0,0,0,0,0,167.33033905029296,-0.0060860419874122496,17.15999984741211,1,,,,0,0
2016-04-22,1.0,1.0,0,1,0.10249722769403191,0.1645098445453296,0.1293705972873153,13.220000267028809,17.55903852902926,0,1.05,-0.1399999999999999,0,0,0,0,0,167.40047454833984,-0.0003933999304037705,16.639999389648438,1,,,,0,0
2016-04-29,1.0,1.0,0,1,0.07058722263886352,0.1656128915987623,0.12981086633781708,15.699999809265137,17.616730836721565,0,1.06,-0.11999999999999988,0,0,0,0,0,167.68255996704102,-0.013021744930744816,18.450000762939453,1,,,,0,0
2016-05-06,1.0,1.0,0,1,0.10019161780005703,0.16504211971260208,0.13001277786067136,14.720000267028809,17.65250007922833,0,1.05,-0.07000000000000006,0,0,0,0,0,167.96685256958008,-0.015939777689319423,18.270000457763672,1,,,,0,0
2016-05-13,1.0,1.0,0,1,0.10280278155830769,0.15674938061661364,0.13061596838315356,15.039999961853027,17.703653922447792,0,0.95,-0.08000000000000007,0,0,0,0,0,167.9725769042969,-0.020532005191221225,18.25,1,,,,0,0
2016-05-20,1.0,1.0,0,1,0.07578070713350749,0.14944948366736063,0.1309956923629822,15.199999809265137,17.76269237811749,0,0.96,-0.040000000000000036,0,0,0,0,0,168.08526000976562,-0.017039933201451696,18.049999237060547,1,,,,0,0
2016-05-27,1.0,1.0,0,1,0.08321447345072008,0.15300918814359873,0.13124178140710252,13.119999885559082,17.748846219136166,0,0.95,-0.010000000000000009,0,0,0,0,0,168.90118484497071,0.0,16.309999465942383,1,,,,0,0
2016-06-03,1.0,1.0,0,1,0.05455586841607851,0.15300988347894415,0.1317011272527562,13.470000267028809,17.73461545430697,0,0.93,-0.06999999999999995,0,0,0,0,0,169.89161758422853,0.0,16.489999771118164,1,,,,0,0
2016-06-10,1.0,1.0,0,1,0.04139626463763846,0.14269021740610574,0.1319666087280868,17.030000686645508,17.79711547264686,0,0.91,-0.09999999999999998,0,0,0,0,0,170.75922241210938,-0.0009987033338613172,18.940000534057617,1,,,,0,0
2016-06-17,1.0,1.0,0,1,0.015725665956119128,0.14386285187986853,0.1321118258480068,19.40999984741211,17.901923161286575,0,0.92,-0.12,0,0,0,0,0,171.3876220703125,-0.012773513501680989,21.309999465942383,1,,,,0,0
2016-06-24,1.3,1.3,0,1,0.005794469881367226,0.14047939183716734,0.13241478202179077,25.760000228881836,18.127692387654232,0,0.93,-0.08999999999999997,0,0,0,0,0,172.11929168701172,-0.02845282963798501,23.93000030517578,0,,,,0,0
2016-07-01,1.0,1.0,0,1,0.019773847421204804,0.14717374665786628,0.13289269017419736,14.770000457763672,18.08884622500493,0,0.87,-0.16000000000000003,0,0,0,0,0,173.19026565551758,0.0,17.649999618530273,1,,,,0,0
2016-07-08,1.0,1.0,1,1,0.04526123454174713,0.11807150859132272,0.13289269017419736,13.199999809265137,18.019038530496452,0,0.76,-0.26,0,1,1,0,0,174.15142517089845,0.0,16.489999771118164,1,,,,0,0
2016-07-15,1.0,1.0,1,1,0.04414493518890872,0.11255420696609962,0.13289269017419736,12.670000076293945,18.032884689477775,0,0.89,-0.13,0,1,1,0,0,175.1177536010742,0.0,15.989999771118164,1,,,,0,0
2016-07-22,1.0,1.0,1,1,0.04498099344760709,0.11185831432739023,0.13289269017419736,12.020000457763672,17.99980777960557,0,0.86,-0.19000000000000006,0,1,1,0,0,175.91945190429686,0.0,15.800000190734863,1,,,,0,0
2016-07-29,1.0,1.0,1,1,0.05776698111787959,0.11092529599138,0.13289269017419736,11.869999885559082,17.99500008729788,0,0.79,-0.27,0,1,1,0,0,176.61807861328126,-0.0005522739119889764,15.420000076293945,1,,,,0,0
2016-08-05,1.0,1.0,1,1,0.0660828904338091,0.09851243978544857,0.13289269017419736,11.390000343322754,17.956538548836342,0,0.87,-0.18000000000000005,0,1,1,0,0,177.24929504394532,0.0,15.140000343322754,1,,,,0,0
2016-08-12,1.0,1.0,1,1,0.07245611883730207,0.09687269403948756,0.13289269017419736,11.550000190734863,17.931923169356125,0,0.8,-0.1499999999999999,0,1,1,0,0,177.94566497802734,0.0,15.260000228881836,1,,,,0,0
2016-08-19,1.0,1.0,1,1,0.0690369227220311,0.0915059765064002,0.13289269017419736,11.34000015258789,17.61096162062425,0,0.82,-0.14,0,1,1,0,0,178.48481826782228,0.0,15.130000114440918,1,,,,0,0
2016-08-26,1.0,1.0,1,1,0.038907550521422474,0.09143731670013734,0.13289269017419736,13.649999618530273,17.372500089498665,0,0.78,-0.16999999999999993,0,1,1,0,0,179.07315368652343,-0.005719557377501849,16.239999771118164,1,,,,0,0
2016-09-02,1.0,1.0,1,1,0.043872640859533796,0.08511829194580309,0.13289269017419736,11.979999542236328,17.06826932613666,0,0.8,-0.13,0,1,1,0,0,179.5687400817871,-0.0007778367952795406,15.649999618530273,1,,,,0,0
2016-09-09,1.0,1.0,0,1,0.02056039495178985,0.09243390919544393,0.13289269017419736,17.5,16.958653926849365,0,0.88,-0.030000000000000027,0,0,0,0,0,179.79778060913085,-0.024068567965153997,18.829999923706055,1,,,,0,0
2016-09-16,1.0,1.4,1,1,0.038387503635773035,0.0912009659046627,0.13289269017419736,15.369999885559082,16.825769296059242,1,0.93,0.010000000000000009,1,0,0,0,0,180.18801574707032,-0.018724863693674654,17.8799991607666,1,,,,0,0
2016-09-23,1.0,1.0,1,1,0.06810182851482915,0.0914424364306822,0.13289269017419736,12.289999961853027,16.607884663801926,0,0.85,-0.08000000000000007,0,1,1,0,0,180.71590728759764,-0.006675624471636277,16.049999237060547,1,,,,0,0
2016-09-30,1.0,1.0,1,1,0.035597430065401614,0.08841932267384872,0.13289269017419736,13.289999961853027,16.46076926818261,0,0.83,-0.040000000000000036,0,1,1,0,0,181.2976104736328,-0.005250028595732648,16.3700008392334,1,,,,0,0
2016-10-07,1.0,1.4,1,1,0.016347285769056086,0.08688044103099556,0.13289269017419736,13.479999542236328,16.391538491615883,1,0.9,0.14,1,0,0,0,0,181.7946578979492,-0.011044608685477186,16.440000534057617,1,,,,0,0
2016-10-14,1.0,1.22,0,1,-0.0075680965611875095,0.08589626543780933,0.13289269017419736,16.1200008392334,16.412115427163933,1,0.96,0.06999999999999995,0,0,0,0,1,182.00896148681642,-0.019874445012707076,17.420000076293945,1,,,,0,0
2016-10-21,1.0,1.22,0,1,-0.010030785488744587,0.08575370597553124,0.13289269017419736,13.34000015258789,16.390576967826256,1,0.9,0.040000000000000036,0,0,0,0,1,182.25829620361327,-0.01591952371999583,16.040000915527344,1,,,,0,0
2016-10-28,1.0,1.22,0,1,-0.01614943604428476,0.08413925776769947,0.13289269017419736,16.190000534057617,16.412115445503822,1,1.0,0.20999999999999996,0,0,0,0,1,182.45502014160155,-0.022541900965418193,17.3700008392334,1,,,,0,0
2016-11-04,1.0,1.22,0,1,-0.0393091856581651,0.08876673257656034,0.13289269017419736,22.510000228881836,16.56942314368028,1,0.99,0.12,0,0,0,0,1,182.5860221862793,-0.04089156892623358,21.1299991607666,0,,,,0,0
2016-11-11,1.0,1.22,0,1,-0.004333755658251004,0.10235977595169102,0.13289269017419736,14.170000076293945,16.455769300460815,1,1.23,0.42999999999999994,0,0,0,0,1,183.19242401123046,-0.00469775296705377,16.489999771118164,1,,,,0,0
2016-11-18,1.0,1.4,1,1,0.004867848273014896,0.10283153659842177,0.13289269017419736,12.850000381469727,16.405384687276985,1,1.27,0.45000000000000007,1,0,0,0,0,183.60384063720704,0.0,15.520000457763672,1,,,,0,0
2016-11-25,1.0,1.4,1,1,0.024616772023041467,0.09981853344135684,0.13289269017419736,12.34000015258789,16.35192315395062,1,1.24,0.45999999999999996,1,0,0,0,0,184.02822341918946,0.0,15.510000228881836,1,,,,0,0
2016-12-02,1.0,1.4,1,1,0.011080837441413305,0.10094393229253301,0.13289269017419736,14.119999885559082,16.33865391291105,1,1.29,0.49,1,0,0,0,0,184.2389358520508,-0.008306240722728453,16.780000686645508,1,,,,0,0
2016-12-09,1.0,1.4,1,1,0.0673958397008203,0.1087474907690671,0.13289269017419736,11.75,16.095577001571655,1,1.32,0.44000000000000006,1,0,0,0,0,184.6813850402832,0.0,15.220000267028809,1,,,,0,0
2016-12-16,1.0,1.4,1,1,0.060910218273283245,0.10663000862096536,0.13289269017419736,12.199999809265137,15.932115444770226,1,1.32,0.39,1,0,0,0,0,185.12280044555663,-0.0006338946698339898,15.569999694824219,1,,,,0,0
2016-12-23,1.0,1.4,1,1,0.05116141017080156,0.10263756410539167,0.13289269017419736,11.4399995803833,15.84942313340994,1,1.33,0.4800000000000001,1,0,0,0,0,185.54795989990234,0.0,15.25,1,,,,0,0
2016-12-30,1.0,1.4,1,1,0.03951681832040732,0.09562161044802614,0.13289269017419736,14.039999961853027,15.769230842590332,1,1.25,0.42000000000000004,1,0,0,0,0,185.8675849914551,-0.009658556301993526,16.540000915527344,1,,,,0,0
2017-01-06,1.0,1.4,1,1,0.06282176864123756,0.09650099434173114,0.13289269017419736,11.319999694824219,15.467500063089224,1,1.2,0.29999999999999993,1,0,0,0,0,186.34187850952148,0.0,14.5600004196167,1,,,,0,0
2017-01-13,1.0,1.4,1,1,0.07164139387847679,0.09501492113668565,0.13289269017419736,11.229999542236328,15.163846199329083,1,1.19,0.22999999999999998,1,0,0,0,0,186.8624038696289,-0.0007042278846410843,14.539999961853027,1,,,,0,0
2017-01-20,1.0,1.4,1,1,0.06587731557502119,0.09496632157967219,0.13241478202179077,11.539999961853027,14.956153887968798,1,1.28,0.38,1,0,0,0,0,187.3237319946289,-0.0020685912330821177,14.489999771118164,1,,,,0,0
2017-01-27,1.0,1.4,1,1,0.08365280768799765,0.09548608713306452,0.1321118258480068,10.579999923706055,14.771153871829693,1,1.27,0.27,1,0,0,0,0,188.0970901489258,0.0,13.680000305175781,1,,,,0,0
2017-02-03,1.0,1.4,1,1,0.10616978460954285,0.09543190205393823,0.1319666087280868,10.970000267028809,14.53250004695012,1,1.28,0.29000000000000004,1,0,0,0,0,188.83672485351562,0.0,14.050000190734863,1,,,,0,0
2017-02-10,1.0,1.0,1,1,0.07603027225312609,0.09592808222590132,0.1316007400916772,10.850000381469727,14.25269236931434,0,1.21,-0.020000000000000018,0,1,1,0,0,189.55769119262695,0.0,13.90999984741211,1,,,,0,0
2017-02-17,1.0,1.0,1,1,0.0822681506282501,0.09751415993867693,0.1309956923629822,11.489999771118164,14.07884619786189,0,1.21,-0.06000000000000005,0,1,1,0,0,190.4191864013672,0.0,13.720000267028809,1,,,,0,0
2017-02-24,1.0,1.0,1,1,0.07500645068558742,0.09671879234471689,0.13051222809054636,11.470000267028809,13.918461597882784,0,1.19,-0.050000000000000044,0,1,1,0,0,191.40535507202148,0.0,14.760000228881836,1,,,,0,0
2017-03-03,1.0,1.0,1,1,0.09170278115518693,0.09681851905717573,0.12922947343582378,10.960000038146973,13.80500004841731,0,1.17,-0.1200000000000001,0,1,1,0,0,192.54566192626953,0.0,14.260000228881836,1,,,,0,0
2017-03-10,1.0,1.0,1,1,0.0555428511929108,0.08889693580238506,0.12729608256071762,11.65999984741211,13.711923122406006,0,1.22,-0.10000000000000009,0,1,1,0,0,193.61789627075194,-0.0030615971532972353,14.380000114440918,1,,,,0,0
2017-03-17,1.0,1.0,1,1,0.05786158170529054,0.0889954849017222,0.1257026097117532,11.279999732971191,13.659230800775381,0,1.17,-0.15000000000000013,0,1,1,0,0,194.7675582885742,-0.0015049462816130177,13.920000076293945,1,,,,0,0
2017-03-24,1.0,1.0,1,1,0.04061575204841983,0.09169681499339714,0.1256122855035142,12.960000038146973,13.625000036679781,0,1.14,-0.19000000000000017,0,1,1,0,0,195.9508430480957,-0.014858662448446247,14.550000190734863,1,,,,0,0
2017-03-31,1.0,1.0,1,1,0.05921152485772163,0.09185796781276345,0.1255006222969512,12.369999885559082,13.610961565604576,0,1.13,-0.1200000000000001,0,1,1,0,0,196.87917709350586,-0.006939292404059327,13.600000381469727,1,,,,0,0
2017-04-07,1.0,1.0,1,1,0.03966926306398233,0.09122240150468403,0.12534434016856716,12.869999885559082,13.563076954621534,0,1.09,-0.10999999999999988,0,1,1,0,0,197.69540634155274,-0.009213698348865318,14.0600004196167,1,,,,0,0
2017-04-14,1.0,1.0,0,1,0.02850236882140056,0.09202313064673896,0.12533405575826234,15.960000038146973,13.608076957555918,0,1.03,-0.15999999999999992,0,0,0,0,0,198.26663818359376,-0.02054579484482888,15.75,0,,,,0,0
2017-04-21,1.0,1.0,0,1,0.03912226493150639,0.09230792017467374,0.12503460970154304,14.630000114440918,13.63519233923692,0,1.04,-0.24,0,0,0,0,0,199.00616836547852,-0.011783431375865128,14.75,1,,,,0,0
2017-04-28,1.0,1.0,1,1,0.04431034635237796,0.09213378893291463,0.12447150633191507,10.819999694824219,13.54134618318998,0,1.01,-0.26,0,1,1,0,0,199.6046112060547,0.0,12.930000305175781,1,,,,0,0
2017-05-05,1.0,1.0,1,1,0.04972006146278729,0.0853457012705521,0.12402865116925528,10.569999694824219,13.461538479878353,0,1.04,-0.24,0,1,1,0,0,200.27906875610353,0.0,12.850000381469727,1,,,,0,0
2017-05-12,1.0,1.0,1,1,0.036757120728270865,0.07208274376138299,0.12254880617840856,10.399999618530273,13.372307704045223,0,1.04,-0.16999999999999993,0,1,1,0,0,200.89368896484376,-0.003003798224681553,12.970000267028809,1,,,,0,0
2017-05-19,1.0,1.0,1,1,0.018106925488721615,0.07230486840459661,0.1209767492456492,12.039999961853027,13.311538476210375,0,0.95,-0.26,0,1,1,0,0,201.5730422973633,-0.005798936839444435,13.489999771118164,1,,,,0,0
2017-05-26,1.0,1.0,1,1,0.025434973285223483,0.07243619458874015,0.11965779737173851,9.8100004196167,13.247884640326866,0,0.95,-0.24,0,1,1,0,0,202.2410026550293,0.0,12.4399995803833,1,,,,0,0
2017-06-02,1.0,1.0,1,1,0.028572522690790247,0.07070495481112571,0.11689448541682965,9.75,13.176346173653236,0,0.87,-0.29999999999999993,0,1,1,0,0,203.02195663452147,0.0,12.460000038146973,1,,,,0,0
2017-06-09,1.0,1.0,1,1,0.02851999863690491,0.059644161294355826,0.11614045302249466,10.699999809265137,13.054615387549767,0,0.86,-0.36,0,1,1,0,0,203.78344116210937,-0.0031125058109138237,12.960000038146973,1,,,,0,0
2017-06-16,1.0,1.0,1,1,0.02865998328931818,0.05942328554541553,0.11614045302249466,10.380000114440918,12.88096154653109,0,0.84,-0.32999999999999996,0,1,1,0,0,204.46697006225585,-0.0014200432017631437,12.710000038146973,1,,,,0,0
2017-06-23,1.0,1.0,1,1,0.0447092547383654,0.05944913299573286,0.11614045302249466,10.020000457763672,12.578269243240356,0,0.81,-0.32999999999999985,0,1,1,0,0,205.15585021972657,0.0,12.359999656677246,1,,,,0,0
2017-06-30,1.0,1.0,1,1,0.030708447218090962,0.05783045458458965,0.11614045302249466,11.180000305175781,12.509230778767513,0,0.93,-0.19999999999999984,0,1,1,0,0,205.6938690185547,-0.005470547748266386,13.140000343322754,1,,,,0,0
2017-07-07,1.0,1.0,1,1,0.03439898348233994,0.05459931411793521,0.11614045302249466,11.1899995803833,12.470576928212093,0,0.99,-0.10000000000000009,0,1,1,0,0,206.091561126709,-0.004195478898602278,13.520000457763672,1,,,,0,0
2017-07-14,1.0,1.0,1,1,0.06127713927034706,0.05664414632582413,0.11614045302249466,9.510000228881836,12.409807700377245,0,0.98,-0.050000000000000044,0,1,1,0,0,206.56793289184571,0.0,12.229999542236328,1,,,,0,0
2017-07-21,1.0,1.0,1,1,0.05752133329272291,0.05626461774510299,0.11614045302249466,9.359999656677246,12.35865383881789,0,0.88,-0.16000000000000003,0,1,1,0,0,207.0293701171875,0.0,12.0600004196167,1,,,,0,0
2017-07-28,1.0,1.0,1,1,0.04214580818768909,0.05572256578510038,0.11614045302249466,10.289999961853027,12.328269224900465,0,0.96,-0.050000000000000044,0,1,1,0,0,207.52345962524413,0.0,12.579999923706055,1,,,,0,0
2017-08-04,1.0,1.0,1,1,0.03719859274292503,0.05570000986434296,0.11614045302249466,10.029999732971191,12.30211536700909,0,0.91,-0.13,0,1,1,0,0,208.02328186035157,0.0,12.75,1,,,,0,0
2017-08-11,1.0,1.0,0,1,0.026489693255774327,0.059628418632970984,0.11614045302249466,15.510000228881836,12.378269213896532,0,0.89,-0.15000000000000002,0,0,0,0,0,208.51723709106446,-0.013297614846286998,16.389999389648438,1,,,,0,0
2017-08-18,1.0,1.0,0,1,0.023430192258311555,0.057499089249656805,0.11231064454255134,14.260000228881836,12.434423061517569,0,0.86,-0.08999999999999997,0,0,0,0,0,208.86897354125978,-0.018996562150160323,15.649999618530273,1,,,,0,0
2017-08-25,1.0,1.0,1,1,0.016725174533979148,0.05762325813522562,0.11153175790978666,11.279999732971191,12.388846140641432,0,0.82,-0.13,0,1,1,0,0,209.3241943359375,-0.011519254754795982,13.989999771118164,1,,,,0,0
2017-09-01,1.0,1.0,1,1,0.01998012736277288,0.05952864773109643,0.1101630641635705,10.130000114440918,12.353269228568443,0,0.81,-0.05999999999999994,0,1,1,0,0,210.0376419067383,0.0,13.59000015258789,1,,,,0,0
2017-09-08,1.0,1.0,1,1,0.017963376593690183,0.05994492109279634,0.10800637201723151,12.119999885559082,12.249807687906118,0,0.79,-0.06999999999999995,0,1,1,0,0,210.60674285888672,-0.005083596782845756,14.6899995803833,1,,,,0,0
2017-09-15,1.0,1.0,1,1,0.03209139383386983,0.06303619196419959,0.10530054341307513,10.170000076293945,12.149807691574097,0,0.81,-0.029999999999999916,0,1,1,0,0,211.19203872680663,0.0,12.960000038146973,1,,,,0,0
2017-09-22,1.0,1.0,1,1,0.031044531421246413,0.05871181146708278,0.10276364622586123,9.59000015258789,12.097884618318998,0,0.8,-0.010000000000000009,0,1,1,0,0,211.71834182739258,0.0,12.850000381469727,1,,,,0,0
2017-09-29,1.0,1.0,1,1,0.044155566239172384,0.05856707310230938,0.10254033825159645,9.510000228881836,12.02519231576186,0,0.86,-0.07000000000000006,0,1,1,0,0,212.3536849975586,0.0,12.489999771118164,1,,,,0,0
2017-10-06,1.0,1.0,1,1,0.05585220161470472,0.059587023896451756,0.10186423067098573,9.649999618530273,11.951538471075205,0,0.83,-0.16000000000000003,0,1,1,0,0,213.15472030639648,0.0,12.4399995803833,1,,,,0,0
2017-10-13,1.0,1.0,1,1,0.04339158929546705,0.05548482196004102,0.10055004269462135,9.609999656677246,11.826346140641432,0,0.77,-0.20999999999999996,0,1,1,0,0,213.83435134887696,0.0,11.979999542236328,1,,,,0,0
2017-10-20,1.0,1.0,1,1,0.0466053824916568,0.05540017212134263,0.09936140066178896,9.970000267028809,11.761538450534527,0,0.79,-0.08999999999999997,0,1,1,0,0,214.50195922851563,0.0,11.850000381469727,1,,,,0,0
2017-10-27,1.0,1.0,1,1,0.04892042690370069,0.05303867683405431,0.09816304183907851,9.800000190734863,11.63865382854755,0,0.83,-0.13,0,1,1,0,0,215.22849044799804,0.0,12.229999542236328,1,,,,0,0
2017-11-03,1.0,1.0,1,1,0.0498066027175994,0.052813471970899306,0.09728964687396066,9.140000343322754,11.381538446132954,0,0.71,-0.20000000000000007,0,1,1,0,0,215.96943283081055,0.0,12.420000076293945,1,,,,0,0
2017-11-10,1.0,1.0,1,1,0.06247265760968457,0.05246116596305195,0.09685373279567842,11.289999961853027,11.32615382854755,0,0.73,-0.16000000000000003,0,1,1,0,0,216.67344970703124,-0.0013929206481784195,13.609999656677246,1,,,,0,0
2017-11-17,1.0,1.0,0,1,0.06769269280157375,0.052061442219076354,0.09678361470781513,11.430000305175781,11.298846134772667,0,0.62,-0.24,0,0,0,0,0,217.42510452270508,-0.002282706648919275,13.800000190734863,1,,,,0,0
2017-11-24,1.0,1.0,1,1,0.0698890129347094,0.05046070816933014,0.09664256304367187,9.670000076293945,11.247499979459322,0,0.59,-0.22999999999999998,0,1,1,0,0,218.2722267150879,0.0,12.420000076293945,1,,,,0,0
2017-12-01,1.0,1.0,0,1,0.07235479480479778,0.052616410626169556,0.0963004751011907,11.430000305175781,11.195769218298105,0,0.59,-0.22000000000000008,0,0,0,0,0,219.14840545654297,0.0,13.279999732971191,1,,,,0,0
2017-12-08,1.0,1.0,1,1,0.08211388636374028,0.051716529292490904,0.09582081710364501,9.579999923706055,11.154038447600145,0,0.58,-0.21000000000000008,0,1,1,0,0,220.01310958862305,0.0,12.460000038146973,1,,,,0,0
2017-12-15,1.0,1.0,1,1,0.0749723007702372,0.05212250568080313,0.09557417728778957,9.420000076293945,11.100576914273775,0,0.51,-0.30000000000000004,0,1,1,0,0,220.97942657470702,0.0,12.079999923706055,1,,,,0,0
2017-12-22,1.0,1.0,1,1,0.07792383772812062,0.05204114552370181,0.09546712235537032,9.899999618530273,11.070961530391987,0,0.57,-0.2300000000000001,0,1,1,0,0,221.96785049438478,0.0,12.489999771118164,1,,,,0,0
2017-12-29,1.0,1.0,0,1,0.06764322889436336,0.05104673853298316,0.09528595873289983,11.039999961853027,11.013269222699678,0,0.51,-0.35,0,0,0,0,0,223.07042999267577,-0.0024297069995987686,13.09000015258789,1,,,,0,0
2018-01-05,1.0,1.0,1,1,0.08038520809613381,0.05837437836225851,0.09499791129173094,9.220000267028809,10.972884618318998,0,0.51,-0.31999999999999995,0,1,1,0,0,224.5213706970215,0.0,12.0600004196167,1,,,,0,0
2018-01-12,1.0,1.0,1,1,0.0956685322864046,0.05917197095570487,0.09407997724519232,10.15999984741211,10.95230770111084,0,0.56,-0.20999999999999996,0,1,1,0,0,226.08916015625,0.0,12.199999809265137,1,,,,0,0
2018-01-19,1.0,1.0,0,1,0.09619742298956502,0.059411477778020805,0.09238981303817437,11.270000457763672,10.947115402955275,0,0.58,-0.21000000000000008,0,0,0,0,0,227.62379302978516,0.0,13.039999961853027,1,,,,0,0
2018-01-26,1.0,1.0,0,1,0.1177095751026862,0.06334959707654429,0.09224697424005805,11.079999923706055,10.95673078757066,0,0.53,-0.29999999999999993,0,0,0,0,0,229.48320846557618,0.0,13.460000038146973,1,,,,0,0
2018-02-02,1.0,1.0,0,1,0.07122441831366744,0.08976481072850451,0.09209505853275314,17.309999465942383,11.078653849088228,0,0.69,-0.020000000000000018,0,0,0,0,0,230.68852996826172,-0.038837565859397793,17.030000686645508,0,,,,0,0
2018-02-09,1.0,1.22,0,1,0.018391489405015005,0.1167392533649385,0.09209505853275314,29.059999465942383,11.428846139174242,1,0.78,0.050000000000000044,0,0,0,0,1,231.27213973999022,-0.0875150153377301,24.920000076293945,0,,,,0,0
2018-02-16,1.0,1.22,0,1,0.06455408164498899,0.129602193114622,0.09209505853275314,19.459999084472656,11.58211535673875,1,0.66,0.040000000000000036,0,0,0,0,1,232.28612823486327,-0.04700295470108895,19.170000076293945,0,,,,0,0
2018-02-23,1.0,1.22,0,1,0.06050930885796624,0.1295546370426048,0.09209505853275314,16.489999771118164,11.678653808740469,1,0.63,0.040000000000000036,0,0,0,0,1,233.23338623046874,-0.04141980570850656,17.5,1,,,,0,0
2018-03-02,1.0,1.22,0,1,0.022670621023141768,0.13379436604233338,0.09209505853275314,19.59000015258789,11.844615349402794,1,0.61,0.020000000000000018,0,0,0,0,1,233.90886001586915,-0.06106534250595641,19.860000610351562,1,,,,0,0
2018-03-09,1.0,1.22,0,1,0.05568689008869443,0.14078664891505543,0.09209505853275314,14.640000343322754,11.90192305124723,1,0.63,0.050000000000000044,0,0,0,0,1,234.91890640258788,-0.02690378856799358,17.010000228881836,1,,,,0,0
2018-03-16,1.0,1.22,0,1,0.032975066647070506,0.14219604426680943,0.09209505853275314,15.800000190734863,11.988846136973454,1,0.54,0.030000000000000027,0,0,0,0,1,235.74642105102538,-0.039367012884568786,17.739999771118164,1,,,,0,0
2018-03-23,1.0,1.3,0,1,-0.03149949716274736,0.1679255878261143,0.09209505853275314,24.8700008392334,12.217884613917423,0,0.54,-0.029999999999999916,0,0,0,0,0,235.8317108154297,-0.0959471948944477,22.790000915527344,0,,,,0,1
2018-03-30,1.0,1.0,0,1,-0.009952938762934016,0.16967934525902983,0.09209505853275314,19.969999313354492,12.364038449067335,0,0.47,-0.040000000000000036,0,0,0,0,0,236.15688858032226,-0.07807987779671965,20.549999237060547,1,,,,0,0
2018-04-06,1.0,1.3,0,1,-0.04630173369744928,0.17036089177284525,0.09209505853275314,21.489999771118164,12.52980767763578,0,0.5,-0.010000000000000009,0,0,0,0,0,236.34129486083984,-0.09009658638604923,21.200000762939453,0,,,,0,1
2018-04-13,1.0,1.0,0,1,-0.04212776458126022,0.172578061947236,0.09209505853275314,17.40999984741211,12.557692289352417,0,0.45,-0.11000000000000004,0,0,0,0,0,236.6555076599121,-0.07107315592318253,18.549999237060547,1,,,,0,0
2018-04-20,1.0,1.0,0,1,-0.045405722006438,0.17240255941002935,0.09209505853275314,16.8799991607666,12.600961501781757,0,0.5,-0.07999999999999996,0,0,0,0,0,236.85529556274415,-0.06595822828347597,17.719999313354492,1,,,,0,0
2018-04-27,1.0,1.0,0,1,-0.06613321089009538,0.17243003989868758,0.09209505853275314,15.40999984741211,12.68923073548537,0,0.47,-0.06000000000000005,0,0,0,0,0,237.00714111328125,-0.06613321089009538,17.079999923706055,1,,,,0,0
2018-05-04,1.0,1.0,0,1,-0.030366938852296244,0.17251339327504261,0.09209505853275314,14.770000457763672,12.769999980926514,0,0.44,-0.24999999999999994,0,0,0,0,0,237.03233337402344,-0.06802512672406968,16.649999618530273,1,,,,0,0
2018-05-11,1.0,1.0,0,1,0.047582019647042006,0.1757082924843956,0.09209505853275314,12.649999618530273,12.813269211695744,0,0.43,-0.35000000000000003,0,0,0,0,0,237.31400146484376,-0.044097136869899245,14.819999694824219,1,,,,0,0
2018-05-18,1.0,1.0,0,1,-0.0025384906159934273,0.17603603287261607,0.09209505853275314,13.420000076293945,12.839807675434994,0,0.51,-0.15000000000000002,0,0,0,0,0,237.55730972290038,-0.04942212875764962,15.1899995803833,1,,,,0,0
2018-05-25,1.0,1.0,0,1,-0.0053509101139324056,0.17572939571898216,0.09209505853275314,13.220000267028809,12.905384595577534,0,0.45,-0.18,0,0,0,0,0,237.54942932128907,-0.046549082165156186,14.829999923706055,1,,,,0,0
2018-06-01,1.0,1.0,0,1,0.02087038089654425,0.17469116976618262,0.09209505853275314,13.460000038146973,12.976730750157284,0,0.42,-0.19,0,0,0,0,0,237.40824813842772,-0.04146941856708941,15.270000457763672,1,,,,0,0
2018-06-08,1.0,1.0,0,1,0.0015570902150741084,0.17593456856367928,0.09209505853275314,12.180000305175781,13.005192298155565,0,0.43,-0.2,0,0,0,0,0,237.3598304748535,-0.025388589978847076,14.600000381469727,1,,,,0,0
2018-06-15,1.0,1.0,0,1,0.015223293665908244,0.17569079353565545,0.09209505853275314,11.979999542236328,13.03596151792086,0,0.38,-0.16000000000000003,0,0,0,0,0,237.04934692382812,-0.024743014816551945,14.420000076293945,1,,,,0,0
2018-06-22,1.0,1.0,0,1,0.06945793983726967,0.17632223687564244,0.09209505853275314,13.770000457763672,13.108076902536245,0,0.34,-0.2,0,0,0,0,0,237.12067184448242,-0.033153549547711325,15.5,1,,,,0,0
2018-06-29,1.0,1.0,0,1,0.03552416774834666,0.1773932003750749,0.09209505853275314,16.09000015258789,13.20249997652494,0,0.33,-0.13999999999999996,0,0,0,0,0,237.65003051757813,-0.04532943272499412,17.139999389648438,1,,,,0,0
2018-07-06,1.0,1.0,0,1,0.06521139054568104,0.17532099431353923,0.09209505853275314,13.369999885559082,13.244423059316782,0,0.29,-0.21000000000000002,0,0,0,0,0,237.8538459777832,-0.030760519522021412,15.710000038146973,1,,,,0,0
2018-07-13,1.0,1.0,0,1,0.05919480751367412,0.1750874218871678,0.09209505853275314,12.180000305175781,13.295769214630127,0,0.24,-0.21000000000000002,0,0,0,0,0,238.17174911499023,-0.01608551019377047,14.539999961853027,1,,,,0,0
2018-07-20,1.0,1.0,0,1,0.05373327316087839,0.17468028577950231,0.09209505853275314,12.859999656677246,13.363076906937819,0,0.29,-0.21000000000000002,0,0,0,0,0,238.74014129638672,-0.015769106620161066,15.079999923706055,1,,,,0,0
2018-07-27,1.0,1.0,0,1,0.06048809890184215,0.17204731384034744,0.09209505853275314,13.029999732971191,13.415769210228554,0,0.29,-0.18,0,0,0,0,0,238.95670547485352,-0.009645384189269635,15.0,1,,,,0,0
2018-08-03,1.0,1.0,0,1,0.07087248367682819,0.16258134204764257,0.09209505853275314,11.640000343322754,13.446730760427622,0,0.32,-0.12,0,0,0,0,0,239.42592849731446,-0.001973752730607181,14.489999771118164,1,,,,0,0
2018-08-10,1.0,1.0,0,1,0.04244670612033996,0.14340042661987407,0.09209505853275314,13.15999984741211,13.401538445399357,0,0.26,-0.16999999999999998,0,0,0,0,0,240.5857078552246,-0.003522208959024331,15.220000267028809,1,,,,0,0
2018-08-17,1.0,1.0,0,1,0.055320398764628465,0.13040563329156876,0.09224697424005805,12.640000343322754,13.370384601446299,0,0.26,-0.25,0,0,0,0,0,241.60518569946288,0.0,15.170000076293945,1,,,,0,0
2018-08-24,1.0,1.0,0,1,0.06118351662506849,0.13062541685333998,0.09238981303817437,11.989999771118164,13.38403844833374,0,0.19,-0.26,0,0,0,0,0,242.8836471557617,0.0,14.819999694824219,1,,,,0,0
2018-08-31,1.0,1.0,0,1,0.06583914393692925,0.1266167764193035,0.09407997724519232,12.859999656677246,13.436538439530592,0,0.24,-0.18,0,0,0,0,0,244.04703521728516,0.0,15.149999618530273,1,,,,0,0
2018-09-07,1.0,1.0,0,1,0.03846779124895949,0.11806593345819803,0.09499791129173094,14.880000114440918,13.48961536700909,0,0.23,-0.19999999999999998,0,0,0,0,0,245.02656784057618,-0.009334855260229258,16.59000015258789,1,,,,0,0
2018-09-14,1.0,1.0,0,1,0.04961611910731367,0.11686063922979095,0.09528595873289983,12.069999694824219,13.526153821211595,0,0.21,-0.17,0,0,0,0,0,246.15314025878905,0.0,14.369999885559082,1,,,,0,0
2018-09-21,1.0,1.0,1,1,0.0675973384833577,0.07418641769840695,0.09528595873289983,11.680000305175781,13.566346131838285,0,0.26,-0.08000000000000002,0,1,1,0,0,247.41083221435548,0.0,14.579999923706055,1,,,,0,0
2018-09-28,1.0,1.0,1,1,0.07651148275993824,0.07212358913294108,0.09528595873289983,12.119999885559082,13.616538432928232,0,0.24,-0.09000000000000002,0,1,1,0,0,248.31194000244142,-0.004348825393040601,14.770000457763672,1,,,,0,0
2018-10-05,1.0,1.22,0,1,0.04975271964479955,0.07071617427910828,0.09528595873289983,14.819999694824219,13.7159615113185,1,0.35,0.06,0,0,0,0,1,249.15122146606444,-0.014281028954589048,16.25,1,,,,0,0
2018-10-12,1.0,1.22,0,1,-0.008551432896130029,0.09189985008876325,0.09528595873289983,21.309999465942383,13.940961507650522,1,0.3,0.06,0,0,0,0,1,249.42790832519532,-0.0549330924112732,19.84000015258789,0,,,,0,0
2018-10-19,1.0,1.0,0,1,-0.0077925676870672644,0.09175775573984278,0.09528595873289983,19.889999389648438,14.131730721547054,0,0.28,-0.009999999999999953,0,0,0,0,0,249.65416259765624,-0.05390558448554916,19.84000015258789,0,,,,0,0
2018-10-26,-1.0,-1.0,0,0,-0.052906651650947434,0.108807468455376,0.09546712235537032,24.15999984741211,14.40788456109854,0,0.27,-0.019999999999999962,0,0,0,0,0,249.1942268371582,-0.0913041869946618,22.479999542236328,0,,,,0,0
2018-11-02,-1.0,-1.0,0,0,-0.03695066782675194,0.11407763041390967,0.09557417728778957,19.510000228881836,14.60730763582083,0,0.31,-0.010000000000000009,0,0,0,0,0,249.0171890258789,-0.06883743521675623,20.299999237060547,1,,,,0,0
2018-11-09,-1.0,-1.0,0,1,-0.014629927676504395,0.11239669941498485,0.09557417728778957,17.360000610351562,14.724038417522724,0,0.25,-0.010000000000000009,0,0,0,0,0,249.20607833862306,-0.04873393988736996,18.459999084472656,1,,,,0,0
2018-11-16,-1.0,-1.0,0,0,-0.035399425627320125,0.11420484859862308,0.09557417728778957,18.139999389648438,14.853076861454891,1,0.27,0.010000000000000009,0,0,0,0,0,249.36898345947264,-0.06253608559063273,19.350000381469727,1,,,,0,0
2018-11-23,1.0,1.22,0,0,-0.08023518009874764,0.1267862730407556,0.09557417728778957,21.520000457763672,15.080961484175463,1,0.24,0.04999999999999999,0,0,0,0,1,248.88419189453126,-0.09842753118071879,21.75,1,,,,0,0
2018-11-30,1.0,1.0,0,1,-0.046199368455883016,0.14362085729759272,0.09557417728778957,18.06999969482422,15.20865378013024,0,0.21,-0.03,0,0,0,0,0,248.76530685424805,-0.05596030582085243,18.889999389648438,1,,,,0,0
2018-12-07,0.6,0.6,0,0,-0.07940477715187011,0.15475908776741806,0.09557417728778957,23.229999542236328,15.471153772794283,0,0.13,-0.1,0,0,0,0,0,248.1065933227539,-0.09733157770296019,22.440000534057617,0,,,,0,0
2018-12-14,0.6,0.6,0,0,-0.10049117814449704,0.15539312356972096,0.09557417728778957,21.6299991607666,15.70596144749568,0,0.16,-0.04999999999999999,0,0,0,0,0,247.23352432250977,-0.10794835459131236,21.959999084472656,1,,,,0,0
2018-12-21,0.6,0.6,0,0,-0.17084245400747533,0.18307082977041195,0.09557417728778957,30.110000610351562,16.094615312723015,0,0.16,-0.1,0,0,0,0,0,245.44955825805664,-0.17084245400747533,26.229999542236328,0,,,,0,0
2018-12-28,0.6,0.6,0,0,-0.14282914303401584,0.18865153653237746,0.09577338394340844,28.34000015258789,16.427307624083298,0,0.2,-0.03999999999999998,0,0,0,0,0,243.99958038330078,-0.146556829422964,25.31999969482422,0,,,,0,0
2019-01-04,1.7,1.7,0,0,-0.11797682746036353,0.18940255888714608,0.09577338394340844,21.3799991607666,16.661153756655178,0,0.17,-0.17999999999999997,0,0,0,0,0,242.6727279663086,-0.1305730259260206,21.860000610351562,1,,,,0,0
2019-01-11,1.7,1.7,0,0,-0.056015747302220587,0.19215746033799172,0.09644204380313144,18.190000534057617,16.815576846782978,0,0.16,-0.13999999999999999,0,0,0,0,0,241.5317184448242,-0.10787172149045432,19.739999771118164,1,,,,0,0
2019-01-18,1.7,1.7,0,0,-0.029806230829176994,0.19711724340652725,0.09678361470781513,17.799999237060547,16.941153746384842,0,0.17,-0.11000000000000001,0,0,0,0,0,240.6008102416992,-0.08210509302056823,18.84000015258789,1,,,,0,0
2019-01-25,1.7,1.7,0,0,0.007545637572538011,0.19682977952961406,0.09727068563015151,17.420000076293945,17.063076826242302,0,0.16,-0.11000000000000001,0,0,0,0,0,239.75923385620118,-0.08444749772604088,18.81999969482422,1,,,,0,0
2019-02-01,0.6,0.6,0,0,-0.0009305211899158783,0.19799215641333284,0.10485481047453139,16.139999389648438,17.04057682477511,0,0.18,-0.13,0,0,0,0,0,238.96377868652343,-0.06970390171454344,17.59000015258789,1,,,,0,0
2019-02-08,0.6,0.6,0,0,-0.020559774637728845,0.19802566542052868,0.11114046857912178,15.720000267028809,16.784038378642155,0,0.18,-0.07,0,0,0,0,0,238.0792350769043,-0.06829175570380586,17.260000228881836,1,,,,0,0
2019-02-15,1.0,1.0,0,1,0.019215255637601514,0.2013056208850144,0.11348930456428599,14.90999984741211,16.696538393314068,0,0.14,-0.13,0,0,0,0,0,237.55888900756835,-0.04452247682423005,16.479999542236328,1,,,,0,0
2019-02-22,1.0,1.0,0,1,0.0665530771800904,0.20112704058303968,0.11416032223397339,13.510000228881836,16.639230709809524,0,0.17,-0.06999999999999998,0,0,0,0,0,237.24616470336915,-0.038425109079944564,15.460000038146973,1,,,,0,0
2019-03-01,1.0,1.0,0,1,0.023245456405955878,0.20072058329192644,0.11585221169672812,13.569999694824219,16.523461470237145,0,0.21,0.0,0,0,0,0,0,237.51709594726563,-0.03401567226431901,15.380000114440918,1,,,,0,0
2019-03-08,1.0,1.22,0,1,0.04739817026219284,0.20250461071601825,0.1168181541770926,16.049999237060547,16.550576833578255,1,0.17,0.04000000000000001,0,0,0,0,1,237.50879135131837,-0.054546746132620116,17.110000610351562,1,,,,0,0
2019-03-15,1.0,1.0,0,1,0.09110078544757161,0.20638447780174732,0.11764408047825556,12.880000114440918,16.49442298595722,0,0.16,0.0,0,0,0,0,0,238.34580841064454,-0.026681749034782265,14.979999542236328,1,,,,0,0
2019-03-22,1.0,1.0,0,1,0.165268105109996,0.20620411387440862,0.12362398138291664,16.479999542236328,16.333076807168815,0,0.13,-0.03,0,0,0,0,0,238.79950942993165,-0.03380915754363645,17.3700008392334,1,,,,0,0
2019-03-29,1.0,1.0,0,1,0.14520374661905056,0.2068815464915864,0.12672694922324737,13.710000038146973,16.212692205722515,0,0.14,-0.06,0,0,0,0,0,239.13757095336913,-0.02263368352873696,15.800000190734863,1,,,,0,0
2019-04-05,1.0,1.0,0,1,0.1483857330426428,0.20861713447717145,0.1285857096419576,12.819999694824219,16.045961435024555,0,0.15,-0.020000000000000018,0,0,0,0,0,239.92732696533204,-0.0015624670510062666,15.0600004196167,1,,,,0,0
2019-04-12,1.0,1.0,0,1,0.12533016058725743,0.19923964592011328,0.129585548489416,12.010000228881836,15.942115288514357,0,0.16,0.0,0,0,0,0,0,241.2532196044922,0.0,14.460000038146973,1,,,,0,0
2019-04-19,1.0,1.22,0,1,0.09321239034595163,0.19927843859292643,0.1301244292296374,12.09000015258789,15.84999992297246,1,0.19,0.01999999999999999,0,0,0,0,1,242.0227798461914,-0.00048287161106852494,14.569999694824219,1,,,,0,0
2019-04-26,1.0,1.22,0,1,0.1088207400562029,0.1896676235169896,0.13054849260672005,12.729999542236328,15.798461455565233,1,0.23,0.07,0,0,0,0,1,243.4801239013672,0.0,14.890000343322754,1,,,,0,0
2019-05-03,1.0,1.22,0,1,0.09355370058887647,0.1873612460300238,0.13268523382618572,12.869999885559082,15.761922983022837,1,0.21,0.03,0,0,0,0,1,245.10276565551757,0.0,15.069999694824219,1,,,,0,0
2019-05-10,1.0,1.22,0,1,0.06987497288623068,0.18838998820931094,0.13833934990960275,16.040000915527344,15.827115315657396,1,0.21,0.03,0,0,0,0,1,247.27428817749023,-0.02016792359622277,16.899999618530273,1,,,,0,0
2019-05-17,1.0,1.22,0,1,0.03507607973299032,0.18739852683836203,0.14170275589369555,15.960000038146973,15.875961468769955,1,0.19,0.04999999999999999,0,0,0,0,1,249.02997283935548,-0.027854134874798375,17.059999465942383,1,,,,0,0
2019-05-24,1.0,1.0,0,1,0.01750205440788788,0.17880920396298383,0.14297889279630144,15.850000381469727,15.926538394047665,0,0.16,-0.010000000000000009,0,0,0,0,0,250.44149475097657,-0.03826129389593813,17.09000015258789,1,,,,0,0
2019-05-31,1.3,1.3,0,1,-0.014041818556330354,0.1716041490751544,0.1435437065603912,18.709999084472656,16.02749991416931,0,0.19,-0.01999999999999999,0,0,0,0,0,251.222420501709,-0.0638029647989472,18.829999923706055,1,,,,0,0
2019-06-07,1.0,1.22,0,1,0.052674363735796925,0.16971069111286902,0.15086070710297925,16.299999237060547,16.106730662859402,1,0.24,0.06999999999999998,0,0,0,0,1,252.22441329956055,-0.02169833366413476,17.149999618530273,1,,,,0,0
2019-06-14,1.0,1.22,0,1,0.02826079510182211,0.168118569205872,0.15517121103891496,15.279999732971191,16.17019220498892,1,0.25,0.09,0,0,0,0,1,253.32889862060546,-0.01622262463937052,16.600000381469727,1,,,,0,0
2019-06-21,1.0,1.4,1,1,0.0579404280431286,0.1280637672533699,0.15517121103891496,15.399999618530273,16.20153834269597,1,0.3,0.16999999999999998,1,0,0,0,0,254.51891860961913,0.0,16.670000076293945,1,,,,0,0
2019-06-28,1.0,1.4,1,1,0.042286792071667856,0.1251959195824644,0.15517121103891496,15.079999923706055,16.18211526137132,1,0.25,0.10999999999999999,1,0,0,0,0,255.64562072753907,-0.0034009438371160883,16.059999465942383,1,,,,0,0
2019-07-05,1.0,1.4,1,1,0.039303094332712396,0.12517767330058954,0.15517121103891496,13.279999732971191,16.18038448920617,1,0.17,0.020000000000000018,1,0,0,0,0,256.71033172607423,0.0,14.979999542236328,1,,,,0,0
2019-07-12,1.0,1.4,1,1,0.041191823358406765,0.12198192740673632,0.15517121103891496,12.390000343322754,16.184422951478226,1,0.28,0.12000000000000002,1,0,0,0,0,257.7946830749512,0.0,14.800000190734863,1,,,,0,0
2019-07-19,1.0,1.4,1,1,0.02963728156233425,0.11976630845903738,0.15517121103891496,14.449999809265137,16.21499987748953,1,0.25,0.06,1,0,0,0,0,258.66520767211915,-0.011574931860455218,15.930000305175781,1,,,,0,0
2019-07-26,1.0,1.0,1,1,0.03431667495417701,0.12035773724583924,0.15517121103891496,12.15999984741211,16.19826911045955,0,0.22,-0.010000000000000009,0,1,1,0,0,260.0196174621582,0.0,14.6899995803833,1,,,,0,0
2019-08-02,1.0,1.0,0,1,4.504611958355831e-05,0.12977967264796506,0.15517121103891496,17.610000610351562,16.31307680790241,0,0.14,-0.06999999999999998,0,0,0,0,0,260.59025344848635,-0.031091521978031222,17.889999389648438,1,,,,0,0
2019-08-09,1.3,1.3,0,1,0.017141070211283305,0.13013177068796628,0.15517121103891496,17.969999313354492,16.405576797632072,0,0.11,-0.09999999999999999,0,0,0,0,0,261.20817337036135,-0.0344027137568782,18.559999465942383,1,,,,0,0
2019-08-16,1.3,1.3,0,1,0.015445160169847538,0.12715020638032756,0.15517121103891496,18.469999313354492,16.517692162440373,0,0.07,-0.12,0,0,0,0,0,261.5566032409668,-0.04357460166799332,19.700000762939453,1,,,,0,0
2019-08-23,1.3,1.3,0,1,0.012219595349170387,0.12892816093750745,0.15517121103891496,19.8700008392334,16.669230644519512,0,0.01,-0.15,0,0,0,0,0,261.4519813537598,-0.05681903220033868,20.360000610351562,1,,,,0,0
2019-08-30,1.0,1.0,0,1,0.06757889287897667,0.1337981837791935,0.15517121103891496,18.979999542236328,16.786922950011032,0,0.0,-0.19,0,0,0,0,0,261.61835250854494,-0.03165428882527466,19.540000915527344,1,,,,0,0
2019-09-06,1.0,1.0,1,1,0.0411947327104325,0.13128253994816716,0.15517121103891496,15.0,16.78923064011794,0,0.02,-0.22,0,1,1,0,0,262.04318618774414,-0.013111816813557109,17.459999084472656,1,,,,0,0
2019-09-13,1.0,1.0,1,1,0.04595996799247404,0.12613882585453634,0.15517121103891496,13.739999771118164,16.821346026200516,0,0.11,-0.14,0,1,1,0,0,262.4529914855957,-0.0030460765356180586,16.670000076293945,1,,,,0,0
2019-09-20,1.0,1.0,1,1,0.01924301022426822,0.12575591515684204,0.15517121103891496,15.319999694824219,16.891346014462986,0,0.05,-0.25,0,1,1,0,0,262.77049789428713,-0.007789653549464481,17.709999084472656,1,,,,0,0
2019-09-27,1.0,1.0,0,1,0.012846701822555318,0.12634611228374548,0.15517121103891496,17.219999313354492,16.989422926535973,0,0.06,-0.19,0,0,0,0,0,263.22346420288085,-0.01736959230257018,18.75,1,,,,0,0
2019-10-04,1.0,1.0,0,1,-0.00921672065527901,0.12331128259568581,0.15517121103891496,17.040000915527344,17.032115257703342,0,0.12,-0.05000000000000002,0,0,0,0,0,263.7302055358887,-0.020862538924426466,18.59000015258789,1,,,,0,0
2019-10-11,1.0,1.0,0,1,-0.009984595909733884,0.1233950416930253,0.15517121103891496,15.579999923706055,16.921922958814182,0,0.13,-0.15000000000000002,0,0,0,0,0,264.4613914489746,-0.014442778358383479,17.549999237060547,1,,,,0,0
2019-10-18,1.0,1.0,1,1,0.007322812631409992,0.12351853397218808,0.15517121103891496,14.25,16.813461432090172,0,0.18,-0.07,0,1,1,0,0,265.60560150146483,-0.008820495214630575,16.649999618530273,1,,,,0,0
2019-10-25,1.0,1.0,1,1,0.003254421438993571,0.1236047258832947,0.15517121103891496,12.649999618530273,16.592115273842445,0,0.17,-0.04999999999999999,0,1,1,0,0,266.3592269897461,0.0,15.710000038146973,1,,,,0,0
2019-11-01,1.0,1.4,1,1,0.05103472297247458,0.12507020712522693,0.15517121103891496,12.300000190734863,16.453461426955002,1,0.17,0.03,1,0,0,0,0,267.24609222412107,0.0,15.420000076293945,1,,,,0,0
2019-11-08,1.0,1.4,1,1,0.06428477645306385,0.12103854748552496,0.15517121103891496,12.069999694824219,16.35173064011794,1,0.26,0.15000000000000002,1,0,0,0,0,267.9831314086914,0.0,15.529999732971191,1,,,,0,0
2019-11-15,1.0,1.4,1,1,0.08440335870269045,0.1202063416031895,0.15517121103891496,12.050000190734863,16.234615270908062,1,0.23,0.16,1,0,0,0,0,268.8941345214844,0.0,14.989999771118164,1,,,,0,0
2019-11-22,1.0,1.4,1,1,0.09670379630652848,0.11870998767168693,0.15517121103891496,12.34000015258789,16.058076803500835,1,0.16,0.15,1,0,0,0,0,269.521711730957,-0.002661875211956377,15.399999618530273,1,,,,0,0
2019-11-29,1.0,1.4,1,1,0.07971076705541802,0.11004364824060746,0.15517121103891496,12.619999885559082,15.953269114861122,1,0.17,0.17,1,0,0,0,0,270.2022232055664,0.0,15.510000228881836,1,,,,0,0
2019-12-06,1.0,1.4,1,1,0.06131177896732676,0.09361845590922091,0.15517121103891496,13.619999885559082,15.76846142915579,1,0.23,0.21000000000000002,1,0,0,0,0,271.0647827148438,0.0,16.209999084472656,1,,,,0,0
2019-12-13,1.0,1.4,1,1,0.058770723011764,0.09375018723691046,0.15517121103891496,12.630000114440918,15.595384524418758,1,0.21,0.09999999999999999,1,0,0,0,0,271.8202209472656,0.0,15.279999732971191,1,,,,0,0
2019-12-20,1.0,1.4,1,1,0.08055180679977503,0.09191163119118728,0.15517121103891496,12.510000228881836,15.256922978621263,1,0.29,0.24,1,0,0,0,0,273.22413024902346,0.0,15.319999694824219,1,,,,0,0
2019-12-27,1.0,1.4,1,1,0.0983320027841057,0.0913712077830226,0.15517121103891496,13.430000305175781,14.970192212324877,1,0.29,0.22999999999999998,1,0,0,0,0,274.7699035644531,0.0,15.949999809265137,1,,,,0,0
2020-01-03,1.0,1.4,1,1,0.10071380650395234,0.08914579131895638,0.15517121103891496,14.020000457763672,14.828653775728666,1,0.27,0.15000000000000002,1,0,0,0,0,276.4199584960937,-0.0013938342792583214,16.010000228881836,1,,,,0,0
2020-01-10,1.0,1.4,1,1,0.10473687655638564,0.08950460894456118,0.15517121103891496,12.5600004196167,14.720384542758648,1,0.27,0.14,1,0,0,0,0,278.4001708984375,0.0,14.949999809265137,1,,,,0,0
2020-01-17,1.0,1.4,1,1,0.1195154851662581,0.08927252798425003,0.15517121103891496,12.100000381469727,14.610769180151133,1,0.26,0.08000000000000002,1,0,0,0,0,280.3218292236328,0.0,14.40999984741211,1,,,,0,0
2020-01-24,1.0,1.22,0,1,0.09544546075915838,0.08978716942189845,0.15517121103891496,14.5600004196167,14.555769186753492,1,0.21,0.03999999999999998,0,0,0,0,1,281.846728515625,-0.00957994892999181,16.06999969482422,1,,,,0,0
2020-01-31,1.0,1.22,0,1,0.05609164017214141,0.08275113206153942,0.15517121103891496,18.84000015258789,14.607692278348482,1,0.18,0.009999999999999981,0,0,0,0,1,282.91467742919923,-0.030787500334922613,18.6299991607666,0,,,,0,0
2020-02-07,1.0,1.0,0,1,0.08057656689849657,0.09116869919663823,0.15517121103891496,15.470000267028809,14.60288458604079,0,0.18,-0.08000000000000002,0,0,0,0,0,284.5231369018555,0.0,16.290000915527344,1,,,,0,0
2020-02-14,1.0,1.0,1,1,0.08810345042072165,0.08963705000281606,0.15517121103891496,13.680000305175781,14.579230748690092,0,0.17,-0.06,0,1,1,0,0,286.5073837280273,0.0,15.5,1,,,,0,0
2020-02-21,1.0,1.0,0,1,0.07769315638331609,0.08888940750231543,0.15517121103891496,17.079999923706055,14.647884588975172,0,0.12,-0.04000000000000001,0,0,0,0,0,288.35182800292966,-0.01220378331797678,17.610000610351562,1,,,,0,0
2020-02-28,0.6,0.6,0,0,-0.05279297620289325,0.18588433850290198,0.16006546558037005,40.11000061035156,15.158269221966084,1,0.27,0.1,0,0,0,0,0,288.4168273925781,-0.12245249975046435,29.850000381469727,0,,,,0,0
2020-03-06,0.6,0.6,0,0,-0.05064810850478996,0.1840699182140274,0.16605510180364924,41.939998626708984,15.656153825613169,1,0.25,0.01999999999999999,0,0,0,0,0,288.459912109375,-0.11889835688247086,35.459999084472656,0,,,,0,0
2020-03-13,0.6,0.6,0,0,-0.14709382432687101,0.22731565980183902,0.16805102572295683,57.83000183105469,16.52057693554805,1,0.45,0.24000000000000002,0,0,0,0,0,287.05944595336916,-0.20225125871336647,48.310001373291016,0,,,,0,0
2020-03-20,0.6,0.6,0,0,-0.28243251996719565,0.3034050201120348,0.1691330736404246,66.04000091552734,17.473653885034416,1,0.55,0.26000000000000006,0,0,0,0,0,283.6725929260254,-0.3182895496070858,65.58999633789062,0,,,,0,0
2020-03-27,0.6,0.6,0,0,-0.21046216708796328,0.3451767888321947,0.16915344844542007,65.54000091552734,18.470384671137882,1,0.47,0.18,0,0,0,0,0,281.28494415283205,-0.2449344765180017,55.75,0,,,,0,0
2020-04-03,1.7,1.7,0,0,-0.22567675747701976,0.3459435510805457,0.16915344844542007,46.79999923706055,19.123846200796272,1,0.39,0.12,0,0,0,0,0,278.5291938781738,-0.260516932433706,44.84000015258789,0,,,,0,0
2020-04-10,1.7,1.7,0,0,-0.14084330413049806,0.3889922493221088,0.16915344844542007,41.66999816894531,19.694230776566727,1,0.5,0.22999999999999998,0,0,0,0,0,277.18335647583007,-0.17110230324364495,40.61000061035156,0,,,,0,0
2020-04-17,1.7,1.7,0,0,-0.13141887365910898,0.3913712643202715,0.16915344844542007,38.150001525878906,20.195384649130013,1,0.45,0.19,0,0,0,0,0,276.0719352722168,-0.14595517664139768,37.279998779296875,0,,,,0,0
2020-04-24,1.7,1.7,0,0,-0.13424614490021847,0.3913989732103677,0.16915344844542007,35.93000030517578,20.641538509955772,1,0.38,0.17,0,0,0,0,0,274.7673454284668,-0.15689020551793853,37.810001373291016,1,,,,0,0
2020-05-01,1.7,1.7,0,0,-0.11586478647789666,0.3907236487138034,0.16915344844542007,37.189998626708984,21.109230793439426,1,0.44,0.26,0,0,0,0,0,273.343692779541,-0.1574261603207736,37.970001220703125,1,,,,0,0
2020-05-08,1.7,1.7,0,0,-0.11451075719390025,0.393683046100494,0.16915344844542007,27.979999542236328,21.338846151645367,1,0.53,0.35000000000000003,0,0,0,0,0,272.13571853637694,-0.1286741883928355,31.639999389648438,1,,,,0,0
2020-05-15,1.7,1.7,0,0,-0.14702788157973745,0.3945002312582042,0.16915344844542007,31.889999389648438,21.645192293020393,1,0.48,0.30999999999999994,0,0,0,0,0,270.54921493530276,-0.14702788157973745,34.5099983215332,1,,,,0,0
2020-05-22,1.7,1.7,0,0,-0.1088602677353806,0.39730282012570706,0.16915344844542007,28.15999984741211,21.881923051980827,1,0.49,0.37,0,0,0,0,0,269.4020622253418,-0.1197355439339779,31.540000915527344,1,,,,0,0
2020-05-29,1.7,1.7,0,1,0.03324571175192226,0.3993270022543312,0.16915344844542007,27.510000228881836,22.051153843219463,1,0.49,0.21999999999999997,0,0,0,0,0,268.51096267700194,-0.09327780850854839,30.270000457763672,1,,,,0,0
2020-06-05,1.5,1.5,0,1,0.07986913277104568,0.40522321827366203,0.16915344844542007,24.520000457763672,22.209230789771446,1,0.69,0.43999999999999995,0,0,0,0,0,268.02304153442384,-0.04852553276353044,27.420000076293945,1,,,,0,0
2020-06-12,1.5,1.5,0,1,0.13619084026306338,0.41119645266570193,0.16915344844542007,36.09000015258789,22.609423105533306,1,0.52,0.07,0,0,0,0,0,266.9877983093262,-0.09360518731873868,38.04999923706055,1,,,,0,0
2020-06-19,1.5,1.5,0,1,0.3548869713334044,0.411479630005277,0.16915344844542007,35.119998931884766,22.988653861559353,0,0.51,-0.040000000000000036,0,0,0,0,0,266.5373023986816,-0.07635939254081348,36.68000030517578,1,,,,0,0
2020-06-26,1.5,1.5,0,1,0.1892131702244073,0.4132970820110622,0.16915344844542007,34.72999954223633,23.366538469608013,0,0.47,0.0,0,0,0,0,0,265.2162544250488,-0.10206613509282125,35.79999923706055,1,,,,0,0
2020-07-03,1.5,1.5,0,1,0.26356370029872034,0.417417786265911,0.16915344844542007,27.68000030517578,23.643461557535026,1,0.52,0.13,0,0,0,0,0,264.2091575622559,-0.06561603883768496,30.8700008392334,1,,,,0,0
2020-07-10,1.5,1.5,0,1,0.14661258248756837,0.4178582435252864,0.16915344844542007,27.290000915527344,23.93000003007742,0,0.49,-0.010000000000000009,0,0,0,0,0,263.63556442260744,-0.04957547130419848,31.020000457763672,1,,,,0,0
2020-07-17,1.0,1.22,0,1,0.12732267846813827,0.41739467254850604,0.16915344844542007,25.68000030517578,24.145961578075703,1,0.5,0.04999999999999999,0,0,0,0,1,264.94380416870115,-0.0372159021995323,30.3700008392334,1,,,,0,0
2020-07-24,1.0,1.22,0,1,0.13896215763671682,0.41714912658206577,0.16915344844542007,25.84000015258789,24.40903850702139,1,0.45,0.07,0,0,0,0,1,266.15890884399414,-0.03972984935206236,30.559999465942383,1,,,,0,0
2020-07-31,1.0,1.3,0,1,0.15971842027264538,0.41641461230614063,0.17094143878835452,24.459999084472656,24.540769246908333,0,0.44,0.0,0,0,0,0,0,268.91239471435546,-0.02285159768415035,29.709999084472656,1,,,,0,1
2020-08-07,1.0,1.3,0,1,0.14909820887726255,0.4153831666437738,0.17628743475224357,22.209999084472656,24.622307704045223,0,0.44,-0.09000000000000002,0,0,0,0,0,273.8166244506836,0.0,28.280000686645508,1,,,,0,1
2020-08-14,1.0,1.22,0,1,0.18178794157470524,0.4149372201884349,0.18157926073781214,22.049999237060547,24.691153856424187,1,0.57,0.08999999999999997,0,0,0,0,1,277.69924087524413,0.0,28.3700008392334,1,,,,0,0
2020-08-21,1.0,1.3,0,1,0.15412248193025269,0.414484146002429,0.183720237258762,22.540000915527344,24.74250001173753,0,0.48,-0.010000000000000009,0,0,0,0,0,281.9422866821289,0.0,28.170000076293945,1,,,,0,1
2020-08-28,1.0,1.22,0,1,0.15708093651704225,0.38054909779966845,0.18524929140179588,22.959999084472656,24.819038464472843,1,0.6,0.10999999999999999,0,0,0,0,1,285.3228073120117,0.0,29.6200008392334,1,,,,0,0
2020-09-04,1.0,1.3,0,1,0.07746457607955048,0.383060964267397,0.18684432839553117,30.75,25.12192307985746,0,0.58,-0.10999999999999999,0,0,0,0,0,287.94944763183594,-0.02284793119126005,34.75,1,,,,0,1
2020-09-11,1.0,1.22,0,1,0.10295510466605817,0.356256362662098,0.18738547855544366,26.8700008392334,25.374423100398136,1,0.54,0.020000000000000018,0,0,0,0,1,290.35304260253906,-0.047122081349157074,31.1299991607666,1,,,,0,0
2020-09-18,1.0,1.22,0,1,0.07560139491393936,0.275141527630234,0.18804297672947884,25.829999923706055,25.576538489415096,1,0.56,0.050000000000000044,0,0,0,0,1,292.6690338134766,-0.053073236073873375,30.459999084472656,1,,,,0,0
2020-09-25,1.0,1.22,0,1,0.09997007318285922,0.24054349099349118,0.18855999461930417,26.3799991607666,25.75269233263456,1,0.54,0.07000000000000006,0,0,0,0,1,294.45518951416017,-0.0585717266564314,32.029998779296875,1,,,,0,0
2020-10-02,1.0,1.22,0,1,0.07349186422381115,0.23607713028601784,0.18913970106297706,27.6299991607666,25.956346145043007,1,0.57,0.04999999999999993,0,0,0,0,1,296.7586898803711,-0.04393779710526158,32.38999938964844,1,,,,0,0
2020-10-09,1.0,1.4,1,1,0.09650335459549253,0.17925970338578706,0.18913970106297706,25.0,26.137499992664043,1,0.63,0.14,1,0,0,0,0,299.2432662963867,-0.006678999245528172,28.280000686645508,1,,,,0,0
2020-10-16,1.0,1.22,0,1,0.08380002315077495,0.17680712374100666,0.18913970106297706,27.40999984741211,26.390576912806583,1,0.62,0.12,0,0,0,0,1,301.3420471191406,-0.005419177229619598,29.209999084472656,1,,,,0,0
2020-10-23,1.0,1.22,0,1,0.081912887121244,0.17513181032099792,0.18913970106297706,27.549999237060547,26.67711536700909,1,0.67,0.22000000000000003,0,0,0,0,1,302.6843231201172,-0.009743413248722299,28.989999771118164,1,,,,0,0
2020-10-30,1.0,1.22,0,1,0.004064676283344948,0.1969221564795923,0.18957485089654436,38.02000045776367,27.171730756759644,1,0.74,0.3,0,0,0,0,1,303.831233215332,-0.06484364087899286,36.27000045776367,0,,,,0,0
2020-11-06,1.0,1.22,0,1,0.050786772428877525,0.21478325827197722,0.191286017450641,24.860000610351562,27.417692312827477,1,0.67,0.23000000000000004,0,0,0,0,1,305.80269622802734,0.0,27.3700008392334,1,,,,0,0
2020-11-13,1.0,1.22,0,1,0.06737171946837095,0.21148040731112397,0.19519446781254626,23.100000381469727,27.630192316495457,1,0.72,0.15000000000000002,0,0,0,0,1,308.53487091064454,0.0,25.690000534057617,1,,,,0,0
2020-11-20,1.0,1.22,0,1,0.050878813467020834,0.21010403753114446,0.1968898245470999,23.700000762939453,27.848653866694523,1,0.67,0.19000000000000006,0,0,0,0,1,310.5798599243164,-0.007735116295164435,26.059999465942383,1,,,,0,0
2020-11-27,1.0,1.22,0,1,0.041490643772366775,0.20885942460213305,0.1970489629821,20.84000015258789,28.006730794906616,1,0.68,0.08000000000000007,0,0,0,0,1,312.7632583618164,0.0,24.43000030517578,1,,,,0,0
2020-12-04,1.0,1.22,0,1,0.08395511930707267,0.20023922095115437,0.1976859368609509,20.790000915527344,28.144615430098312,1,0.81,0.2300000000000001,0,0,0,0,1,315.0419494628906,0.0,24.290000915527344,1,,,,0,0
2020-12-11,1.0,1.4,1,1,0.10089893439553999,0.18575482185438827,0.1976859368609509,23.309999465942383,28.350000033011803,1,0.79,0.25,1,0,0,0,0,317.1955139160156,-0.009598572300715813,26.049999237060547,1,,,,0,0
2020-12-18,1.0,1.4,1,1,0.12128729813853556,0.18514521021456962,0.1976859368609509,21.56999969482422,28.524230791972233,1,0.82,0.2599999999999999,1,0,0,0,0,319.29541015625,0.0,25.170000076293945,1,,,,0,0
2020-12-25,1.0,1.4,1,1,0.1272865956461251,0.1781845057972137,0.1976859368609509,21.530000686645508,28.68000003007742,1,0.81,0.27,1,0,0,0,0,321.01722412109376,-0.0004873710566206668,25.3700008392334,1,,,,0,0
2021-01-01,1.0,1.4,1,1,0.1247118881907634,0.17206136606536626,0.1976859368609509,22.75,28.84788463665889,1,0.8,0.2300000000000001,1,0,0,0,0,322.86077575683595,0.0,25.280000686645508,1,,,,0,0
2021-01-08,1.0,1.4,1,1,0.10389250981197984,0.172398596566794,0.1976859368609509,21.559999465942383,29.02096154139592,1,0.99,0.36,1,0,0,0,0,324.9248443603516,0.0,24.899999618530273,1,,,,0,0
2021-01-15,1.0,1.4,1,1,0.08641621495806606,0.1750096386895143,0.19761765643652365,24.34000015258789,29.256346152378963,1,0.98,0.36,1,0,0,0,0,326.22157592773436,-0.014583304707355249,27.260000228881836,1,,,,0,0
2021-01-22,1.0,1.4,1,1,0.1120135345979596,0.1753316032013546,0.19761765643652365,21.90999984741211,29.397692295221184,1,0.97,0.29999999999999993,1,0,0,0,0,328.21874237060547,0.0,25.989999771118164,1,,,,0,0
2021-01-29,1.0,1.22,0,1,0.1381377714647143,0.18383045333476686,0.1943830699426814,33.09000015258789,29.671730756759644,1,1.0,0.26,0,0,0,0,1,330.0135330200195,-0.03345683288406809,33.880001068115234,1,,,,0,0
2021-02-05,1.0,1.22,0,1,0.11195660585977385,0.19154796099197272,0.19088984287572863,20.8700008392334,29.775576921609733,1,1.1,0.43000000000000005,0,0,0,0,1,332.7210983276367,0.0,26.520000457763672,1,,,,0,0
2021-02-12,1.0,1.22,0,1,0.10112753960673548,0.19176001878286442,0.19088984287572863,19.969999313354492,29.896538440997784,1,1.09,0.3700000000000001,0,0,0,0,1,335.7455230712891,0.0,26.5,1,,,,0,0
2021-02-19,1.0,1.22,0,1,0.10233435023047566,0.19265292821109983,0.19088984287572863,22.049999237060547,29.992115350869987,1,1.23,0.5599999999999999,0,0,0,0,1,338.4134216308594,-0.006647616654889443,27.09000015258789,1,,,,0,0
2021-02-26,1.0,1.22,0,1,0.0503511440158122,0.19324483722052901,0.19088984287572863,27.950000762939453,29.758269199958214,1,1.3,0.62,0,0,0,0,1,340.03351440429685,-0.03127576926946618,29.600000381469727,1,,,,0,0
2021-03-05,1.0,1.4,1,1,0.04168002659580172,0.18930161867897644,0.189539521823685,24.65999984741211,29.425961531125584,1,1.42,0.6099999999999999,1,0,0,0,0,341.78476867675784,-0.022947116203980933,27.889999389648438,1,,,,0,0
2021-03-12,1.0,1.4,1,1,0.08037070700336946,0.18651492597486627,0.18898254801459352,20.690000534057617,28.71173073695256,1,1.5,0.71,1,0,0,0,0,344.08868713378905,0.0,25.739999771118164,1,,,,0,0
2021-03-19,1.0,1.4,1,1,0.05844195657033935,0.18685558564977972,0.18804297672947884,20.950000762939453,27.844615349402794,1,1.58,0.7600000000000001,1,0,0,0,0,347.1268341064453,-0.008385596469476009,24.989999771118164,1,,,,0,0
2021-03-26,1.0,1.4,1,1,0.07663126585219371,0.18637389022719836,0.18738547855544366,18.860000610351562,26.94692303584172,1,1.53,0.72,1,0,0,0,0,349.3777542114258,0.0,22.31999969482422,1,,,,0,0
2021-04-02,1.0,1.4,1,1,0.07500264151212765,0.1861201783164367,0.18718426489693837,17.329999923706055,26.380192279815674,1,1.52,0.72,1,0,0,0,0,351.47763977050784,0.0,20.969999313354492,1,,,,0,0
2021-04-09,1.0,1.4,1,1,0.08282478473048416,0.18270342145058915,0.18673635476356001,16.690000534057617,25.899807709913986,1,1.51,0.52,1,0,0,0,0,354.21079406738284,0.0,20.739999771118164,1,,,,0,0
2021-04-16,1.0,1.4,1,1,0.11425773645029369,0.18273352749464508,0.1864655634631825,16.25,25.478653834416317,1,1.43,0.44999999999999996,1,0,0,0,0,356.8274353027344,0.0,20.530000686645508,1,,,,0,0
2021-04-23,1.0,1.4,1,1,0.09199992255283074,0.1823610491296315,0.18628509105843177,17.329999923706055,25.120961519388054,1,1.42,0.44999999999999996,1,0,0,0,0,359.1349243164062,-0.001246205071804396,21.56999969482422,1,,,,0,0
2021-04-30,1.0,1.4,1,1,0.13131759186163072,0.1571942714977886,0.18603763438169954,18.610000610351562,24.763653865227333,1,1.49,0.49,1,0,0,0,0,361.63214416503905,0.0,22.06999969482422,1,,,,0,0
2021-05-07,1.0,1.4,1,1,0.0923178415799144,0.12781261258575322,0.18583900767592218,16.690000534057617,24.546538499685433,1,1.46,0.3599999999999999,1,0,0,0,0,364.14793701171874,0.0,20.790000915527344,1,,,,0,0
2021-05-14,1.0,1.4,1,1,0.06444672185312927,0.12908355734065308,0.18554145778045175,18.809999465942383,24.295000039614163,1,1.47,0.3799999999999999,1,0,0,0,0,366.41465148925784,-0.013124325829824923,22.260000228881836,1,,,,0,0
2021-05-21,1.0,1.4,1,1,0.06735151610940959,0.1283354102936559,0.18554145778045175,20.149999618530273,24.14096157367413,1,1.46,0.22999999999999998,1,0,0,0,0,368.37916259765626,-0.017009490993494913,23.489999771118164,1,,,,0,0
2021-05-28,1.0,1.4,1,1,0.10793958042462037,0.12620293054866574,0.18554145778045175,16.760000228881836,23.93423080444336,1,1.44,0.1399999999999999,1,0,0,0,0,370.2388610839844,-0.004927427878135271,20.479999542236328,1,,,,0,0
2021-06-04,1.0,1.0,1,1,0.10518988514797534,0.12516436106780032,0.18554145778045175,16.420000076293945,23.778461566338173,0,1.42,0.0,0,1,1,0,0,372.4749984741211,0.0,20.6200008392334,1,,,,0,0
2021-06-11,1.0,1.0,1,1,0.080291377592139,0.12319544387851299,0.18554145778045175,15.649999618530273,23.38538463299091,0,1.31,-0.18999999999999995,0,1,1,0,0,374.45806579589845,0.0,19.639999389648438,1,,,,0,0
2021-06-18,1.0,1.0,1,1,0.06880326897674482,0.1277762778363529,0.18554145778045175,20.700000762939453,23.10807697589581,0,1.19,-0.3900000000000001,0,1,1,0,0,376.6611694335937,-0.018930690329004074,22.93000030517578,1,,,,0,0
2021-06-25,1.0,1.0,1,1,0.08087667806455401,0.13163108162878764,0.18554145778045175,15.619999885559082,22.74057698249817,0,1.26,-0.27,0,1,1,0,0,378.59226379394534,0.0,19.0,1,,,,0,0
2021-07-02,1.0,1.0,1,1,0.0861909706977062,0.13211265045352344,0.18554145778045175,15.069999694824219,22.49807697076064,0,1.2,-0.32000000000000006,0,1,1,0,0,380.62647857666013,0.0,19.299999237060547,1,,,,0,0
2021-07-09,1.0,1.0,1,1,0.06185987524258629,0.13060589349642704,0.18554145778045175,16.18000030517578,22.284423112869263,0,1.14,-0.3700000000000001,0,1,1,0,0,382.8654815673828,0.0,20.440000534057617,1,,,,0,0
2021-07-16,1.0,1.0,1,1,0.03712595549078701,0.12919069749969211,0.18554145778045175,18.450000762939453,22.14538466013395,0,1.06,-0.3699999999999999,0,1,1,0,0,385.357470703125,-0.009597611036779141,22.06999969482422,1,,,,0,0
2021-07-23,1.0,1.0,1,1,0.059124156615397716,0.1293740175768132,0.18554145778045175,17.200000762939453,21.979230825717632,0,1.08,-0.33999999999999986,0,1,1,0,0,388.09891204833986,0.0,21.649999618530273,1,,,,0,0
2021-07-30,1.0,1.0,1,1,0.05426453404550813,0.11676497685303905,0.18554145778045175,18.239999771118164,21.85961545430697,0,1.05,-0.43999999999999995,0,1,1,0,0,390.29065399169923,-0.0032507647567130427,22.18000030517578,1,,,,0,0
2021-08-06,1.0,1.0,1,1,0.05168571231853081,0.10036000432888646,0.18554145778045175,16.149999618530273,21.743077003038845,0,1.1,-0.3599999999999999,0,1,1,0,0,392.8209625244141,0.0,20.8700008392334,1,,,,0,0
2021-08-13,1.0,1.0,1,1,0.07393283189337252,0.09985590698934542,0.18554145778045175,15.449999809265137,21.616153937119705,0,1.06,-0.4099999999999999,0,1,1,0,0,395.20914764404296,0.0,20.260000228881836,1,,,,0,0
2021-08-20,1.0,1.0,1,1,0.07198763067634695,0.0996392037953438,0.18554145778045175,18.559999465942383,21.53961544770461,0,1.03,-0.42999999999999994,0,1,1,0,0,397.262873840332,-0.00574099030669728,22.40999984741211,1,,,,0,0
2021-08-27,1.0,1.0,1,1,0.07542835349776,0.09019284683655213,0.18554145778045175,16.389999389648438,21.41326929972722,0,1.09,-0.34999999999999987,0,1,1,0,0,399.1322479248047,0.0,20.610000610351562,1,,,,0,0
2021-09-03,1.0,1.0,1,1,0.07563244756779386,0.09015822844105341,0.18554145778045175,16.40999984741211,21.137500066023605,0,1.12,-0.2999999999999998,0,1,1,0,0,400.8654510498047,0.0,20.31999969482422,1,,,,0,0
2021-09-10,1.0,1.0,1,1,0.053233216061857824,0.09090527610313202,0.18554145778045175,20.950000762939453,21.023653910710262,0,1.12,-0.18999999999999995,0,1,1,0,0,402.2666732788086,-0.016862228668469093,23.309999465942383,1,,,,0,0
2021-09-17,1.0,1.0,1,1,0.06722781224619556,0.09020493728871043,0.18554145778045175,20.809999465942383,20.927115440368652,0,1.14,-0.050000000000000044,0,1,1,0,0,403.51947021484375,-0.022657782174172025,23.219999313354492,1,,,,0,0
2021-09-24,1.0,1.0,1,1,0.043886035615481545,0.0886050726693478,0.18554145778045175,17.75,20.76115391804622,0,1.18,-0.08000000000000007,0,1,1,0,0,404.66568756103516,-0.017100278391746215,20.81999969482422,1,,,,0,0
2021-10-01,1.0,1.22,0,1,0.004406576325361566,0.09550945768712171,0.18554145778045175,21.100000381469727,20.635577018444355,1,1.21,0.010000000000000009,0,0,0,0,1,405.61709747314455,-0.038511460269970765,22.950000762939453,1,,,,0,0
2021-10-08,1.0,1.4,1,1,0.008593867083105833,0.08929335726147195,0.18554145778045175,18.770000457763672,20.51576933493981,1,1.29,0.15000000000000013,1,0,0,0,0,406.81399688720705,-0.03049615630973368,21.8799991607666,1,,,,0,0
2021-10-15,1.0,1.4,1,1,0.03699733970541286,0.09061302806173878,0.18554145778045175,16.299999237060547,20.302115477048435,1,1.18,0.11999999999999988,1,0,0,0,0,408.1485168457031,-0.01276047660805657,20.299999237060547,1,,,,0,0
2021-10-22,1.0,1.4,1,1,0.03325808160014021,0.09232142837846513,0.18554145778045175,15.430000305175781,20.069038574512188,1,1.18,0.09999999999999987,1,0,0,0,0,409.703141784668,0.0,20.010000228881836,1,,,,0,0
2021-10-29,1.0,1.4,1,1,0.05065176947673988,0.09331785440933064,0.18554145778045175,16.260000228881836,19.650577031649075,1,1.07,0.020000000000000018,1,0,0,0,0,411.46498413085936,0.0,20.3700008392334,1,,,,0,0
2021-11-05,1.0,1.0,1,1,0.062241046666174915,0.0955469877671249,0.18554145778045175,16.479999542236328,19.48942316495455,0,1.06,-0.040000000000000036,0,1,1,0,0,414.0340270996094,0.0,20.489999771118164,1,,,,0,0
2021-11-12,1.0,1.0,1,1,0.05123537840040204,0.09267296184642358,0.18554145778045175,16.290000915527344,19.35846163676335,0,1.05,-0.010000000000000009,0,1,1,0,0,415.99920959472655,-0.0026892992048540565,20.690000534057617,1,,,,0,0
2021-11-19,1.0,1.0,1,1,0.06097107193646645,0.09181608127143047,0.18554145778045175,17.90999984741211,19.247115465310905,0,1.02,-0.010000000000000009,0,1,1,0,0,417.7087142944336,0.0,21.920000076293945,1,,,,0,0
2021-11-26,1.0,1.3,0,1,0.022632766250411773,0.09827892830015102,0.18554145778045175,28.6200008392334,19.39673086313101,0,0.98,-0.1100000000000001,0,0,0,0,0,418.87039947509766,-0.02115641190026507,29.170000076293945,1,,,,0,1
2021-12-03,1.3,1.3,0,1,0.00395668260841231,0.10071325895646095,0.18554145778045175,30.670000076293945,19.586730846991905,0,0.75,-0.3700000000000001,0,0,0,0,0,419.96739196777344,-0.032992782385237285,31.780000686645508,1,,,,0,0
2021-12-10,1.0,1.0,1,1,0.06018336677506908,0.11232479473670899,0.18554145778045175,18.690000534057617,19.497884713686428,0,0.81,-0.31000000000000005,0,1,1,0,0,421.473454284668,0.0,23.18000030517578,1,,,,0,0
2021-12-17,1.7,1.7,0,1,0.045504425073135124,0.11264328240833686,0.18554145778045175,21.56999969482422,19.497884713686428,0,0.75,-0.3899999999999999,0,0,0,0,0,422.6134063720703,-0.019658999108283726,25.3799991607666,1,,,,0,0
2021-12-24,1.0,1.0,1,1,0.06384918724434852,0.11070388987735182,0.18554145778045175,17.959999084472656,19.429230836721565,0,0.79,-0.3899999999999999,0,1,1,0,0,424.0713745117188,0.0,23.239999771118164,1,,,,0,0
2021-12-31,1.0,1.0,1,1,0.09761549387973956,0.10945153480185317,0.18554145778045175,17.219999313354492,19.322884669670692,0,0.79,-0.41999999999999993,0,1,1,0,0,425.57405548095704,0.0,21.8799991607666,1,,,,0,0
2022-01-07,1.0,1.0,1,1,0.06821252817442391,0.1139951766673013,0.18554145778045175,18.760000228881836,19.269038530496452,0,0.89,-0.4,0,1,1,0,0,426.7798156738281,-0.018675003635067133,22.8700008392334,1,,,,0,0
2022-01-14,1.0,1.0,0,1,0.04593853503324552,0.11284896159283456,0.18554145778045175,19.190000534057617,19.170000076293945,0,0.79,-0.3899999999999999,0,0,0,0,0,427.60009918212893,-0.021559645086005275,22.81999969482422,1,,,,0,0
2022-01-21,0.6,0.6,0,0,-0.030016883151110618,0.13914337074301641,0.18554145778045175,28.850000381469727,19.30346162502582,0,0.74,-0.43999999999999995,0,0,0,0,0,427.0335723876953,-0.07785896322681152,29.950000762939453,1,,,,0,0
2022-01-28,1.0,1.3,0,1,-0.034289161510808186,0.13958501494866535,0.18554145778045175,27.65999984741211,19.199038542233982,0,0.63,-0.44000000000000006,0,0,0,0,0,427.0094955444336,-0.06950043086841551,28.81999969482422,1,,,,0,1
2022-02-04,1.0,1.3,0,1,-0.038959287100674755,0.14062598477767263,0.18554145778045175,23.219999313354492,19.244230820582462,0,0.62,-0.44000000000000006,0,0,0,0,0,427.42459869384766,-0.05528868731494363,26.25,1,,,,0,1
2022-02-11,0.6,0.6,0,0,-0.05406411307233361,0.14284240197662418,0.18554145778045175,27.360000610351562,19.3863462301401,0,0.42,-0.6300000000000001,0,0,0,0,0,427.3356246948242,-0.07263754176904413,28.829999923706055,1,,,,0,0
2022-02-18,0.6,0.6,0,0,-0.07066562648285168,0.14403117979648458,0.18554145778045175,27.75,19.495961629427395,0,0.45,-0.5700000000000001,0,0,0,0,0,427.40650177001953,-0.08575431546139889,29.219999313354492,1,,,,0,0
2022-02-25,0.6,0.6,0,0,-0.04288313773397068,0.14270296919480394,0.18476885801437984,27.59000015258789,19.48903854076679,0,0.42,-0.56,0,0,0,0,0,427.47327880859376,-0.0783432965664429,28.040000915527344,1,,,,0,0
2022-03-04,0.6,0.6,0,0,-0.043517632931606154,0.14332036536801454,0.18468504530663865,31.979999542236328,19.629807765667255,0,0.24,-0.51,0,0,0,0,0,426.9035980224609,-0.09009175156020366,32.34000015258789,1,,,,0,0
2022-03-11,0.6,0.6,0,0,-0.10450401618882621,0.1466512732131035,0.18344652929072425,30.75,19.823269293858456,0,0.25,-0.56,0,0,0,0,0,425.4270248413086,-0.11556754831079596,32.34000015258789,1,,,,0,0
2022-03-18,1.0,1.3,0,1,-0.03037633249219962,0.17157859782337131,0.18272299037922551,23.8700008392334,19.879423141479492,0,0.17,-0.58,0,0,0,0,0,424.87601470947266,-0.06118201431737269,26.549999237060547,1,,,,0,1
2022-03-25,1.0,1.3,0,1,-0.03506940042276929,0.17326170299733415,0.18258359113825398,20.809999465942383,19.916923119471623,0,0.18,-0.6100000000000001,0,0,0,0,0,424.2756286621094,-0.04392708287980562,24.719999313354492,1,,,,0,1
2022-04-01,1.0,1.0,0,1,-0.043441243485973335,0.16992410236660785,0.18127557811928596,19.6299991607666,19.96115387403048,0,-0.05,-0.8400000000000001,0,0,0,0,0,423.74499664306643,-0.043441243485973335,24.209999084472656,1,,,,0,0
2022-04-08,1.0,1.3,0,1,-0.036751890088733696,0.17078346358052726,0.1788833842297864,21.15999984741211,20.047115399287296,0,0.19,-0.7,0,0,0,0,0,422.8867462158203,-0.05474055204279826,25.170000076293945,1,,,,0,1
2022-04-15,0.6,0.6,0,0,-0.05502208074277548,0.1719404234816844,0.17770242207754125,22.700000762939453,20.171153875497673,0,0.36,-0.43000000000000005,0,0,0,0,0,422.03201751708986,-0.07539546929607299,26.030000686645508,1,,,,0,0
2022-04-22,0.6,0.6,0,0,-0.024239651376981808,0.17415986933499233,0.17629069155212845,28.209999084472656,20.380384628589336,0,0.18,-0.56,0,0,0,0,0,420.8836975097656,-0.10021134047860214,29.8700008392334,1,,,,0,0
2022-04-29,-1.0,-1.0,0,0,-0.0648717458627448,0.17799542759649348,0.17629069155212845,33.400001525878906,20.66480772311871,0,0.19,-0.44,0,0,0,0,0,418.26447143554685,-0.12986356244251318,33.18000030517578,0,,,,0,0
2022-05-06,-1.0,-1.0,0,0,-0.08041482697149227,0.1745616182228317,0.17526167569322976,30.190000534057617,20.924423107734093,0,0.4,-0.21999999999999997,0,0,0,0,0,416.04695281982424,-0.1312574840625237,32.310001373291016,1,,,,0,0
2022-05-13,-1.0,-1.0,0,0,-0.0851200740552639,0.17656732241835052,0.17526167569322976,28.8700008392334,21.117884672605076,0,0.32,-0.09999999999999998,0,0,0,0,0,412.8730239868164,-0.15157470288973462,30.700000762939453,1,,,,0,0
2022-05-20,-1.0,-1.0,0,0,-0.09992329484148077,0.17947400296856592,0.17526167569322976,29.43000030517578,21.296346224271336,0,0.18,-0.27,0,0,0,0,0,408.925341796875,-0.17710875655510094,31.139999389648438,1,,,,0,0
2022-05-27,-1.0,-1.0,0,0,-0.04842938859232937,0.2050453667529129,0.17526167569322976,25.719999313354492,21.468653898972732,0,0.27,-0.14999999999999997,0,0,0,0,0,406.6004577636719,-0.12297856720575195,28.020000457763672,1,,,,0,0
2022-06-03,-1.0,-1.0,0,0,-0.04709850692997741,0.20498247894468752,0.17526167569322976,24.790000915527344,21.629615453573372,1,0.3,0.06,0,0,0,0,0,404.11767730712893,-0.13294707150498897,27.329999923706055,1,,,,0,0
2022-06-10,-1.0,-1.0,0,0,-0.06917673714316719,0.20612988012951397,0.17526167569322976,27.75,21.86230776860164,0,0.09,-0.16,0,0,0,0,0,401.91344299316404,-0.1767496995421869,29.719999313354492,1,,,,0,0
2022-06-17,1.0,1.3,0,0,-0.1733996384273302,0.2176753816922195,0.17526167569322976,31.1299991607666,22.062884660867546,0,0.08,-0.09000000000000001,0,0,0,0,0,398.47031860351564,-0.22397271358381476,32.36000061035156,1,,,,0,1
2022-06-24,0.6,0.6,0,0,-0.13458430646810682,0.2380172868595643,0.17526167569322976,27.229999542236328,22.286153885034416,0,0.09,-0.09,0,0,0,0,0,395.8555084228516,-0.17259949336336677,28.950000762939453,1,,,,0,0
2022-07-01,0.6,0.6,0,0,-0.15462604623115606,0.23793222946987275,0.17526167569322976,26.700000762939453,22.50980775172894,1,0.04,0.09,0,0,0,0,0,393.2094528198242,-0.1913501419935284,28.520000457763672,1,,,,0,0
2022-07-08,0.6,0.6,0,0,-0.1278480981489526,0.24035232826644184,0.17526167569322976,24.639999389648438,22.67250004181495,0,-0.03,-0.22,0,0,0,0,0,391.207048034668,-0.17559017472145533,27.299999237060547,1,,,,0,0
2022-07-15,0.6,0.6,0,0,-0.11648577524961767,0.24033927077462955,0.17526167569322976,24.229999542236328,22.783653864493736,0,-0.2,-0.56,0,0,0,0,0,388.87209167480466,-0.1830987448544289,27.079999923706055,1,,,,0,0
2022-07-22,1.0,1.3,0,0,-0.06863985818462626,0.2322218787721327,0.17526167569322976,23.030000686645508,22.89576924764193,0,-0.21,-0.39,0,0,0,0,0,387.2698944091797,-0.16197270646428585,25.969999313354492,1,,,,0,1
2022-07-29,1.0,1.3,0,0,0.004295279118796014,0.24065911127779033,0.17526167569322976,21.329999923706055,22.95519232749939,0,-0.22,-0.41000000000000003,0,0,0,0,0,387.0345489501953,-0.12612608357176913,23.790000915527344,1,,,,0,1
2022-08-05,1.0,1.3,0,0,0.00952031455114244,0.23949123154155458,0.17526167569322976,21.149999618530273,23.051346173653236,0,-0.41,-0.81,0,0,0,0,0,385.6569458007813,-0.1229867820468481,24.18000030517578,1,,,,0,1
2022-08-12,1.0,1.0,0,0,0.06777082173960025,0.24331465245154862,0.17526167569322976,19.530000686645508,23.129807728987473,0,-0.41,-0.73,0,0,0,0,0,384.5391418457031,-0.0940762233199075,23.309999465942383,1,,,,0,0
2022-08-19,1.0,1.3,0,0,0.0881184770586716,0.2430425324112474,0.17526167569322976,20.600000381469727,23.16903851582454,0,-0.27,-0.45,0,0,0,0,0,383.176008605957,-0.10459683339781989,24.31999969482422,1,,,,0,1
2022-08-26,1.0,1.3,0,0,-0.01974479819452757,0.24900414480183666,0.17526167569322976,25.559999465942383,23.345384671137882,0,-0.33,-0.6000000000000001,0,0,0,0,0,381.26903076171874,-0.14029517840854977,26.559999465942383,1,,,,0,1
2022-09-02,1.0,1.3,0,0,-0.04044835893221799,0.2522434893976222,0.17526167569322976,25.469999313354492,23.519615430098312,0,-0.2,-0.5,0,0,0,0,0,379.2045135498047,-0.1680179395699859,26.479999542236328,1,,,,0,1
2022-09-09,1.0,1.3,0,0,0.04760514892980083,0.25537750437598916,0.17526167569322976,22.790000915527344,23.555000048417313,0,-0.23,-0.32,0,0,0,0,0,378.37205505371094,-0.1375587463823894,25.139999389648438,1,,,,0,1
2022-09-16,-1.0,-1.0,0,0,0.058174767421960816,0.24696202531264386,0.17526167569322976,26.299999237060547,23.66057696709266,0,-0.4,-0.48000000000000004,0,0,0,0,0,377.2806686401367,-0.17882750668345782,27.6299991607666,1,,,,0,0
2022-09-23,-1.0,-1.0,0,0,-0.052857317196772446,0.25115561314436086,0.17526167569322976,29.920000076293945,23.894615430098312,0,-0.51,-0.6,0,0,0,0,0,375.38435516357424,-0.21633366439142954,30.31999969482422,1,,,,0,0
2022-09-30,-1.0,-1.0,0,0,-0.059261100996137905,0.2528193513246332,0.17526167569322976,31.6200008392334,24.096923131209152,0,-0.39,-0.43,0,0,0,0,0,373.42962646484375,-0.23927162289936243,31.860000610351562,1,,,,0,0
2022-10-07,-1.0,-1.0,0,0,-0.06275167657056058,0.25498418510392323,0.17526167569322976,31.360000610351562,24.33903851875892,0,-0.41,-0.38,0,0,0,0,0,372.3103652954102,-0.2273232734389269,32.099998474121094,1,,,,0,0
2022-10-14,-1.0,-1.0,0,0,-0.06759006809237034,0.25429523056203895,0.17526167569322976,32.02000045776367,24.641346234541672,0,-0.48,-0.27999999999999997,0,0,0,0,0,369.7396041870117,-0.23831315631446082,32.45000076293945,1,,,,0,0
2022-10-21,-1.0,-1.0,0,0,-0.04875467032325198,0.2633199509636142,0.17613482069240197,29.690000534057617,24.915577008174015,0,-0.28,-0.07000000000000003,0,0,0,0,0,368.1819320678711,-0.20283045088250673,30.469999313354492,1,,,,0,0
2022-10-28,-1.0,-1.0,0,0,-0.051874946877451755,0.26662266206839147,0.17613482069240197,25.75,25.098077003772442,0,-0.39,-0.17,0,0,0,0,0,368.2998764038086,-0.17145824656407427,26.899999618530273,1,,,,0,0
2022-11-04,1.0,1.3,0,0,-0.08603768919159738,0.2702845177536129,0.17613482069240197,24.549999237060547,25.253269305595985,0,-0.49,-0.08000000000000002,0,0,0,0,0,368.8689239501953,-0.1984429727100241,26.389999389648438,1,,,,0,1
2022-11-11,1.0,1.3,0,0,-0.06310680418665704,0.2818047502563328,0.17613482069240197,22.520000457763672,25.37307698910053,0,-0.52,-0.11000000000000004,0,0,0,0,0,369.34488067626955,-0.15124617770289495,25.739999771118164,1,,,,0,1
2022-11-18,1.0,1.3,0,0,-0.05799765256134126,0.27837188614674396,0.17613482069240197,23.1200008392334,25.473269315866325,0,-0.69,-0.41999999999999993,0,0,0,0,0,370.12104949951174,-0.1565281151567378,25.329999923706055,1,,,,0,1
2022-11-25,1.0,1.3,0,1,-0.0032746426133374307,0.2629886801199988,0.17613482069240197,20.5,25.317115453573372,0,-0.74,-0.41,0,0,0,0,0,370.8450103759766,-0.14311040445222478,23.59000015258789,1,,,,0,1
2022-12-02,1.0,1.0,0,1,0.041662089739693986,0.2629573901018564,0.17613482069240197,19.059999465942383,25.093846211066612,0,-0.77,-0.5700000000000001,0,0,0,0,0,371.953759765625,-0.13335582830653514,22.959999084472656,1,,,,0,0
2022-12-09,1.0,1.3,0,0,-0.028786208286997628,0.2571084331095686,0.17613482069240197,22.829999923706055,25.173461583944466,0,-0.76,-0.53,0,0,0,0,0,371.94456634521487,-0.16238515994432523,25.209999084472656,1,,,,0,1
2022-12-16,1.0,1.3,0,0,-0.001374521401785067,0.24469829128950873,0.17613482069240197,22.6200008392334,25.193653913644646,0,-0.69,-0.2899999999999999,0,0,0,0,0,370.7447143554688,-0.17995622585007864,25.149999618530273,1,,,,0,1
2022-12-23,1.0,1.3,0,0,0.045436633751672506,0.2261632682186434,0.17613482069240197,20.8700008392334,25.24961548585158,0,-0.56,-0.050000000000000044,0,0,0,0,0,369.45771942138674,-0.18072650411686764,24.1299991607666,1,,,,0,1
2022-12-30,0.6,0.6,0,0,0.07560919246059705,0.22369625212420322,0.17749559078414345,21.670000076293945,25.335192423600418,0,-0.53,-0.14,0,0,0,0,0,367.50342712402346,-0.16618201064269056,24.290000915527344,1,,,,0,0
2023-01-06,0.6,0.6,0,0,0.07462171645416915,0.22298014292708576,0.17895650158834056,21.1299991607666,25.38076932613666,0,-0.69,-0.27999999999999997,0,0,0,0,0,366.05308837890624,-0.15136861844354743,23.18000030517578,1,,,,0,0
2023-01-13,1.0,1.0,0,1,0.11939676622448814,0.22546376672468918,0.18135058297325857,18.350000381469727,25.364615477048435,0,-0.73,-0.25,0,0,0,0,0,365.8953887939453,-0.10864880605499228,21.139999389648438,1,,,,0,0
2023-01-20,1.0,1.0,0,1,0.06253939519889529,0.22301164353472414,0.18258359113825398,19.850000381469727,25.19153855397151,0,-0.66,-0.38,0,0,0,0,0,366.23066864013674,-0.11450912469080843,21.719999313354492,1,,,,0,0
2023-01-27,1.0,1.0,0,1,0.047614098078706535,0.21735280721516984,0.18258359113825398,18.510000228881836,25.015577022845928,0,-0.67,-0.28,0,0,0,0,0,366.3543930053711,-0.09258891224880095,20.469999313354492,1,,,,0,0
2023-02-03,1.0,1.0,0,1,0.10068681878272034,0.21852928604077615,0.18258359113825398,18.329999923706055,24.921538573044998,0,-0.77,-0.28,0,0,0,0,0,367.716081237793,-0.07766956453782625,20.780000686645508,1,,,,0,0
2023-02-10,1.0,1.3,0,1,0.028615747839954242,0.21375758956570234,0.18258359113825398,20.530000686645508,24.790192420666035,0,-0.76,-0.24,0,0,0,0,0,369.7082183837891,-0.08731006672734976,22.549999237060547,1,,,,0,1
2023-02-17,1.0,1.3,0,1,0.033078620402849035,0.21319519480112797,0.18258359113825398,20.020000457763672,24.641538583315334,0,-0.78,-0.09000000000000008,0,0,0,0,0,372.17443695068357,-0.08905462920228835,21.770000457763672,1,,,,0,1
2023-02-24,1.0,1.3,0,1,-0.0102646815464138,0.20892813266379376,0.18258359113825398,21.670000076293945,24.52769242800199,0,-0.83,-0.08999999999999997,0,0,0,0,0,373.85545501708987,-0.11339069246541811,22.43000030517578,1,,,,0,1
2023-03-03,1.0,1.0,0,1,-0.0021232755791317226,0.20519660059562392,0.18258359113825398,18.489999771118164,24.268269355480488,0,-0.89,-0.12,0,0,0,0,0,376.15389556884764,-0.09592166565961491,19.979999542236328,1,,,,0,0
2023-03-10,0.6,0.6,0,0,-0.014233918261523537,0.20898732906205417,0.18258359113825398,24.799999237060547,24.153846263885498,0,-0.9,-0.14,0,0,0,0,0,376.7896560668945,-0.13680963844109095,25.389999389648438,1,,,,0,0
2023-03-17,1.3,1.3,0,1,0.021416717311018685,0.19840567890351535,0.18258359113825398,25.510000228881836,24.185384713686428,0,-0.42,0.26999999999999996,0,0,0,0,0,376.99170379638673,-0.12435444854843203,27.420000076293945,1,,,,0,0
2023-03-24,1.0,1.3,0,1,0.03747710087846401,0.18682650927852792,0.18258359113825398,21.739999771118164,24.20326933493981,0,-0.38,0.18000000000000005,0,0,0,0,0,378.0709762573242,-0.11142155612797155,23.959999084472656,1,,,,0,1
2023-03-31,1.0,1.0,0,1,0.07458211342118792,0.1853461210898189,0.18258359113825398,18.700000762939453,24.18538475036621,0,-0.58,-0.04999999999999993,0,0,0,0,0,378.75123596191406,-0.06980778057823267,21.229999542236328,1,,,,0,0
2023-04-07,1.0,1.0,0,1,0.05842013558249959,0.18497887282036238,0.18260316006689034,18.399999618530273,24.132307822887714,0,-0.52,0.16999999999999993,0,0,0,0,0,379.53965454101564,-0.049492561019247705,21.0,1,,,,0,0
2023-04-14,1.0,1.0,0,1,0.03898155651476243,0.18276194061116155,0.18262162859262604,17.06999969482422,24.024038571577805,0,-0.56,0.16999999999999993,0,0,0,0,0,380.1855407714844,-0.022139998050398013,20.030000686645508,1,,,,0,0
2023-04-21,1.0,1.0,1,1,0.045198366130341006,0.17296026820452343,0.1816111624362531,16.770000457763672,23.804038597987248,0,-0.6,0.06000000000000005,0,1,1,0,0,380.60155334472654,-0.02275646523549757,20.389999389648438,1,,,,0,0
2023-04-28,1.0,1.0,1,1,0.029179279671062597,0.16533280105033016,0.1816111624362531,15.779999732971191,23.4651924096621,0,-0.6,0.07000000000000006,0,1,1,0,0,381.8431854248047,-0.013913282003888638,19.540000915527344,1,,,,0,0
2023-05-05,1.2,1.2,0,1,0.004498347434993777,0.15775926220672382,0.1816111624362531,17.190000534057617,23.2151924096621,0,-0.48,0.29000000000000004,0,0,0,0,0,383.31849365234376,-0.021736702467304525,20.780000686645508,1,,,,0,0
2023-05-12,1.2,1.2,0,1,0.01254993281652439,0.13577650189007448,0.1816111624362531,17.030000686645508,22.987500099035408,0,-0.52,0.24,0,0,0,0,0,384.7611801147461,-0.024202495641732713,20.65999984741211,1,,,,0,0
2023-05-19,1.0,1.0,1,1,0.03181653451055211,0.13692919941840187,0.1816111624362531,16.809999465942383,22.744807775204,0,-0.58,0.20000000000000007,0,1,1,0,0,386.5633026123047,-0.0075358919467078955,20.040000915527344,1,,,,0,0
2023-05-26,1.0,1.0,1,1,0.06368371907708203,0.13554166653490698,0.1816111624362531,17.950000762939453,22.595384726157555,0,-0.74,0.08999999999999997,0,1,1,0,0,388.1629928588867,-0.004216807836493364,20.440000534057617,1,,,,0,0
2023-06-02,1.0,1.0,1,1,0.06275075092190541,0.13699270239023476,0.1816111624362531,14.600000381469727,22.39942317742568,0,-0.81,0.07999999999999996,0,1,1,0,0,389.6439437866211,0.0,17.920000076293945,1,,,,0,0
2023-06-09,1.0,1.0,1,1,0.11824186964907768,0.12639276466273688,0.1816111624362531,13.829999923706055,22.131730868266178,0,-0.84,0.06000000000000005,0,1,1,0,0,391.3446319580078,0.0,16.959999084472656,1,,,,0,0
2023-06-16,1.0,1.0,1,1,0.13103515913925934,0.12461794428175096,0.1816111624362531,13.539999961853027,21.793461652902458,0,-0.93,-0.51,0,1,1,0,0,393.1137634277344,0.0,16.75,1,,,,0,0
2023-06-23,1.0,1.0,1,1,0.09872188990162312,0.12747528673030192,0.1816111624362531,13.4399995803833,21.528269345943745,0,-0.97,-0.59,0,1,1,0,0,394.2644775390625,-0.014222050595167568,16.8700008392334,1,,,,0,0
2023-06-30,1.0,1.0,1,1,0.08680370998094622,0.12958632829899377,0.1816111624362531,13.59000015258789,21.276153949590828,0,-1.06,-0.4800000000000001,0,1,1,0,0,396.1046081542969,0.0,16.020000457763672,1,,,,0,0
2023-07-07,1.0,1.0,1,1,0.07573254450167011,0.1310487506578321,0.1816111624362531,14.829999923706055,21.08750011370732,0,-0.88,-0.36,0,1,1,0,0,397.75465698242186,-0.010670399289810173,17.239999771118164,1,,,,0,0
2023-07-14,1.0,1.0,1,1,0.09331554213479398,0.13026950937942008,0.1816111624362531,13.34000015258789,20.878077048521774,0,-0.91,-0.35,0,1,1,0,0,400.43916778564454,0.0,16.040000915527344,1,,,,0,0
2023-07-21,1.0,1.0,1,1,0.10106676116889446,0.12914492427767024,0.1816111624362531,13.600000381469727,20.696730888806858,0,-0.98,-0.38,0,1,1,0,0,402.8905624389648,0.0,16.399999618530273,1,,,,0,0
2023-07-28,1.0,1.0,1,1,0.10263094350530433,0.1262811290502646,0.1816111624362531,13.329999923706055,20.5428847349607,0,-0.91,-0.31000000000000005,0,1,1,0,0,406.4415023803711,0.0,15.920000076293945,1,,,,0,0
2023-08-04,1.0,1.0,1,1,0.08685662041595199,0.13072882561280808,0.1816111624362531,17.100000381469727,20.465000134248,0,-0.73,-0.25,0,1,1,0,0,409.24109039306643,-0.022126381022330444,18.610000610351562,1,,,,0,0
2023-08-11,1.0,1.0,1,1,0.08677424093680353,0.12944555937028704,0.1816111624362531,14.84000015258789,20.374807816285355,0,-0.73,-0.20999999999999996,0,1,1,0,0,411.70919342041014,-0.024665124150926032,17.559999465942383,1,,,,0,0
2023-08-18,1.0,1.0,1,1,0.04658511693238432,0.1337733776155437,0.1816111624362531,17.299999237060547,20.311346255815945,0,-0.66,-0.08000000000000007,0,1,1,0,0,413.0846481323242,-0.044690538686973036,19.239999771118164,1,,,,0,0
2023-08-25,1.0,1.0,1,1,0.05138883840364161,0.12647237760374594,0.1816111624362531,15.680000305175781,20.12134627195505,0,-0.78,-0.040000000000000036,0,1,1,0,0,414.63641052246095,-0.03709627110765901,17.719999313354492,1,,,,0,0
2023-09-01,1.0,1.0,1,1,0.058295904003143884,0.1281804021191694,0.1816111624362531,13.09000015258789,19.88326936501723,0,-0.69,0.1200000000000001,0,1,1,0,0,416.57075958251954,-0.012540469493382833,15.739999771118164,1,,,,0,0
2023-09-08,1.0,1.0,1,1,0.040183447915992376,0.10854818123859036,0.1816111624362531,13.84000015258789,19.711153965729935,0,-0.72,0.12,0,1,1,0,0,418.24510650634767,-0.02494979364241845,16.139999389648438,1,,,,0,0
2023-09-15,1.0,1.0,1,1,0.012456072755483216,0.10827004504659649,0.1816111624362531,13.789999961853027,19.470577056591328,0,-0.69,0.2400000000000001,0,1,1,0,0,419.71272735595704,-0.02623233534066094,16.020000457763672,1,,,,0,0
2023-09-22,1.0,1.0,0,1,-0.0029354251906028583,0.11774611032409163,0.1816111624362531,17.200000762939453,19.225961685180664,0,-0.66,0.30999999999999994,0,0,0,0,0,420.71387634277346,-0.05467412571160424,18.09000015258789,1,,,,0,0
2023-09-29,1.0,1.0,0,1,-0.03224172875526787,0.10945122878676579,0.1816111624362531,17.520000457763672,18.95480783169086,0,-0.44,0.6200000000000001,0,0,0,0,0,421.6230438232422,-0.06113145280963783,18.510000228881836,1,,,,0,0
2023-10-06,1.0,1.0,0,1,-0.017090129821323297,0.10945218794171638,0.1816111624362531,17.450000762939453,18.687307834625244,0,-0.3,0.5800000000000001,0,0,0,0,0,422.2950012207031,-0.05660711217812753,18.729999542236328,1,4.33,,,0,0
2023-10-13,1.0,1.0,0,1,-0.03618680736376778,0.10918570060177962,0.1816111624362531,19.31999969482422,18.44307705072256,0,-0.41,0.5,0,0,0,0,0,422.99444885253905,-0.0523023896113427,20.56999969482422,1,4.3,,,0,0
2023-10-20,0.6,0.6,0,0,-0.06524911142368783,0.11519803131907136,0.1816111624362531,21.709999084472656,18.28961548438439,0,-0.14,0.84,0,0,0,0,0,422.8185501098633,-0.07494605457536707,22.440000534057617,1,4.52,,,0,0
2023-10-27,0.6,0.6,0,0,-0.09802909466761778,0.12032064781477059,0.1816111624362531,21.270000457763672,18.20346164703369,0,-0.15,0.76,0,0,0,0,0,422.0410690307617,-0.09802909466761778,22.270000457763672,1,4.53,,,0,0
2023-11-03,1.0,1.0,0,1,-0.02369403865518216,0.1453414676471491,0.1816111624362531,14.90999984741211,18.018077043386604,0,-0.26,0.47,0,0,0,0,0,421.8855438232422,-0.04529615635027029,17.219999313354492,1,4.04,,-0.29000000000000004,1,0
2023-11-10,1.0,1.0,0,1,-0.007822017812954662,0.1459779211454937,0.1816111624362531,14.170000076293945,17.857500112973728,0,-0.43,0.3,0,0,0,0,0,422.31579742431643,-0.032294210923413336,16.520000457763672,1,4.03,,-0.2699999999999996,1,0
2023-11-17,1.0,1.2,1,1,0.03638056477932805,0.14741968043613035,0.1816111624362531,13.800000190734863,17.67826933127183,0,-0.44,0.22000000000000003,0,1,0,1,0,422.75306701660156,-0.00993584094536959,15.850000381469727,1,3.99,,-0.5299999999999994,1,0
2023-11-24,1.0,1.2,1,1,0.03849351837175896,0.14772164856282602,0.1816111624362531,12.460000038146973,17.52365394739004,0,-0.45,0.33,0,1,0,1,0,423.6350845336914,-3.0718729306600245e-05,15.119999885559082,1,3.85,,-0.6800000000000002,1,0
2023-12-01,1.2,1.2,0,1,0.02112058578103193,0.14621233427729516,0.1816111624362531,12.630000114440918,17.40000011370732,0,-0.34,0.3499999999999999,0,0,0,0,0,424.1847549438477,0.0,15.359999656677246,1,3.87,,-0.16999999999999993,1,0
2023-12-08,1.2,1.2,0,1,0.03659399828491461,0.14620055860074477,0.1816111624362531,12.350000381469727,17.198461660972008,0,-0.48,0.24,0,0,0,0,0,424.6481216430664,0.0,15.15999984741211,1,3.75,,-0.28000000000000025,1,0
2023-12-15,1.0,1.2,1,1,0.06284329308996273,0.1455556561298982,0.1816111624362531,12.279999732971191,16.99961548585158,0,-0.53,0.15999999999999992,0,1,0,1,0,425.4157318115234,0.0,15.130000114440918,1,3.51,,-0.4800000000000004,1,0
2023-12-22,1.2,1.2,0,1,0.10489826775330657,0.1435406136497051,0.1816111624362531,13.029999732971191,16.84884623380808,0,-0.41,0.25000000000000006,0,0,0,0,0,426.8782897949219,0.0,15.989999771118164,1,3.39,,-0.45999999999999996,1,0
2023-12-29,1.0,1.2,1,1,0.11639638673985142,0.14069914628618005,0.1816111624362531,12.449999809265137,16.671538536365215,0,-0.35,0.09000000000000002,0,1,0,1,0,428.4769546508789,0.0,15.260000228881836,1,3.34,3.957692307692308,-0.5300000000000002,1,0
2024-01-05,1.0,1.2,1,1,0.09376830229411581,0.14186061416947532,0.1816111624362531,13.350000381469727,16.52192317522489,0,-0.35,-0.04999999999999999,0,1,0,1,0,430.1574951171875,-0.015547607586023027,15.510000228881836,1,3.68,3.937857142857143,-0.06999999999999984,1,0
2024-01-12,1.2,1.2,0,1,0.10918354184057755,0.14027355171164965,0.1816111624362531,12.699999809265137,16.413269318067112,0,-0.18,0.22999999999999998,0,0,0,0,0,432.0954193115234,0.0,14.9399995803833,1,3.56,3.9126666666666665,0.050000000000000266,1,0
2024-01-19,1.0,1.2,1,1,0.15004147932352274,0.14080467095798663,0.1816111624362531,13.300000190734863,16.287307775937595,0,-0.24,-0.09999999999999998,0,1,0,1,0,433.7726028442383,0.0,15.260000228881836,1,3.54,3.8893750000000002,0.1499999999999999,1,0
2024-01-26,1.0,1.2,1,1,0.19164843147844368,0.14078710257264374,0.1816111624362531,13.260000228881836,16.186346237476055,0,-0.19,-0.04000000000000001,0,1,0,1,0,435.9633453369141,0.0,15.029999732971191,1,3.39,3.8600000000000003,0.050000000000000266,1,0
2024-02-02,1.0,1.2,1,1,0.14185825632584192,0.1366405939035722,0.1816111624362531,13.850000381469727,16.10019240012536,0,-0.33,-0.07,0,1,0,1,0,438.51825561523435,0.0,15.609999656677246,1,3.47,3.8383333333333334,-0.20999999999999996,1,0
2024-02-09,1.0,1.2,1,1,0.142125935986398,0.13687931729545855,0.1816111624362531,12.930000305175781,15.954038546635555,0,-0.31,0.12,0,1,0,1,0,442.0292572021484,0.0,15.079999923706055,1,3.33,3.811578947368421,-0.22999999999999998,1,0
2024-02-16,1.0,1.2,1,1,0.11256935712248506,0.1322981968877463,0.1816111624362531,14.239999771118164,15.842884687276987,0,-0.34,0.09999999999999998,0,1,0,1,0,445.60020751953124,-0.0033719633920880066,15.859999656677246,1,3.34,3.7880000000000003,-0.20000000000000018,1,0
2024-02-23,1.0,1.2,1,1,0.1199407235414307,0.1331893677870581,0.1816111624362531,13.75,15.690576993502104,0,-0.41,0.040000000000000036,0,1,0,1,0,449.4756103515625,0.0,15.25,1,3.23,3.761428571428571,-0.16000000000000014,1,0
2024-03-01,1.0,1.2,1,1,0.12160582167635381,0.13022582529221605,0.1816111624362531,13.109999656677246,15.587115452839779,0,-0.35,-0.009999999999999953,0,1,0,1,0,453.49857940673826,0.0,14.930000305175781,1,3.32,3.7413636363636367,-0.15000000000000036,1,0
2024-03-08,1.0,1.2,1,1,0.11645962465987991,0.12806069544481924,0.1816111624362531,14.739999771118164,15.393653924648579,0,-0.39,0.08999999999999997,0,1,0,1,0,457.96399078369143,-0.0022032195322798653,16.299999237060547,1,3.26,3.720434782608695,-0.07000000000000028,1,0
2024-03-15,1.0,1.2,1,1,0.08966841007899906,0.12798194530362886,0.1816111624362531,14.40999984741211,15.180192378851084,0,-0.41,0.12000000000000005,0,1,0,1,0,462.9213836669922,-0.0027998070370039985,16.40999984741211,1,3.16,3.6970833333333335,-0.17999999999999972,1,0
2024-03-22,1.0,1.2,1,1,0.10383052482741406,0.11909132964221411,0.1816111624362531,13.0600004196167,15.013269314399132,0,-0.37,0.03999999999999998,0,1,0,1,0,467.2736877441406,0.0,15.300000190734863,1,3.08,3.6724,-0.1499999999999999,1,0
2024-03-29,1.0,1.2,1,1,0.10390109154177796,0.11732991944109974,0.1816111624362531,13.010000228881836,14.903846227205717,0,-0.39,-0.040000000000000036,0,1,0,1,0,471.43086700439454,0.0,15.1899995803833,1,3.12,3.6511538461538464,-0.19999999999999973,1,0
2024-04-05,1.0,1.0,0,1,0.11138820524633353,0.11972205729792056,0.1816111624362531,16.030000686645508,14.858269324669472,0,-0.34,0.009999999999999953,0,0,0,0,0,474.87181701660154,-0.008870644355167934,17.18000030517578,1,3.18,3.606923076923077,-0.07999999999999963,1,0
2024-04-12,1.0,1.0,0,1,0.075013107533344,0.12376289245825829,0.1816111624362531,17.309999465942383,14.862884704883282,0,-0.38,-0.2,0,0,0,0,0,477.72716522216797,-0.02336207043609484,18.200000762939453,1,3.25,3.5665384615384617,0.08999999999999986,1,0
2024-04-19,1.0,1.0,0,1,0.029576278300566416,0.12761199863205694,0.1816111624362531,18.709999084472656,14.900192370781532,0,-0.35,-0.10999999999999999,0,0,0,0,0,479.637272644043,-0.0533581132981219,19.25,1,3.37,3.522307692307692,0.29000000000000004,1,0
2024-04-26,1.0,1.0,0,1,0.04601713456431766,0.12168827051643633,0.1816111624362531,15.029999732971191,14.885769293858456,0,-0.29,-0.09999999999999998,0,0,0,0,0,482.1305526733398,-0.028313658565065403,16.270000457763672,1,3.16,3.469615384615385,0.040000000000000036,1,0
2024-05-03,1.0,1.2,1,1,0.037480726694082644,0.09716035309702202,0.1816111624362531,13.489999771118164,14.814615433032696,0,-0.31,0.020000000000000018,0,1,0,1,0,484.2389877319336,-0.022520788188844176,15.270000457763672,1,3.08,3.4326923076923075,-0.10000000000000009,1,0
2024-05-10,1.0,1.2,1,1,0.04241471414555109,0.09817585790659275,0.1816111624362531,12.550000190734863,14.728461577342106,0,-0.37,-0.06,0,1,0,1,0,486.602067565918,-0.004263353658814917,14.65999984741211,1,3.12,3.397692307692308,-0.1299999999999999,1,0
2024-05-17,1.0,1.2,1,1,0.06323234807493106,0.09633087799839217,0.17933135526883826,11.989999771118164,14.635769275518564,0,-0.41,-0.06999999999999995,0,1,0,1,0,489.30294036865234,0.0,13.989999771118164,1,3.09,3.3630769230769237,-0.28000000000000025,1,0
2024-05-24,1.0,1.2,1,1,0.04575167454785323,0.09662962311964021,0.17029065470055582,11.930000305175781,14.520000035946186,0,-0.47,-0.06,0,1,0,1,0,492.3611068725586,-1.9226816138973035e-05,14.170000076293945,1,3.11,3.3346153846153848,-0.050000000000000266,1,0
2024-05-31,1.0,1.2,1,1,0.031507538769277144,0.09760825513140711,0.16268206245506797,12.920000076293945,14.487692337769728,0,-0.38,-0.030000000000000027,0,1,0,1,0,494.8946273803711,-0.003928798115107379,14.65999984741211,1,3.2,3.308846153846154,0.1200000000000001,1,0
2024-06-07,1.0,1.2,1,1,0.04680114146361536,0.0979522612634879,0.15424609743135964,12.220000267028809,14.456730805910551,0,-0.44,-0.04999999999999999,0,1,0,1,0,497.47223205566405,0.0,14.40999984741211,1,3.15,3.285769230769231,0.029999999999999805,1,0
2024-06-14,1.0,1.0,1,1,0.06462960783238292,0.09564167681073403,0.14761595971848254,12.65999984741211,14.439807726786686,0,-0.47,-0.06,0,1,1,0,0,500.2346618652344,0.0,14.84000015258789,1,3.29,3.2773076923076925,0.20000000000000018,0,0
2024-06-21,1.0,1.2,1,1,0.048074128741524724,0.0955173033716667,0.14699710928053805,13.199999809265137,14.435192346572876,0,-0.45,-0.08000000000000002,0,1,0,1,0,502.83040924072264,0.0,15.170000076293945,1,3.21,3.2703846153846152,0.10000000000000009,1,0
2024-06-28,1.0,1.2,1,1,0.04379076518843017,0.09588077126550457,0.14620821279050253,12.4399995803833,14.413076950953556,0,-0.35,0.040000000000000036,0,1,0,1,0,505.08038024902345,-0.0005327059113676702,14.520000457763672,1,3.18,3.2642307692307693,-0.020000000000000018,1,0
2024-07-05,1.0,1.0,1,1,0.07329682824634132,0.09249583337519457,0.1461226354914069,12.479999542236328,14.367884635925293,0,-0.32,0.020000000000000018,0,1,1,0,0,507.9198684692383,0.0,14.350000381469727,1,3.27,3.2484615384615387,0.1200000000000001,0,0
2024-07-12,1.0,1.2,1,1,0.09972886545090232,0.09095792885167778,0.14583012839003529,12.460000038146973,14.35096155680143,0,-0.27,0.10999999999999999,0,1,0,1,0,510.6162338256836,0.0,14.369999885559082,1,3.19,3.2342307692307695,-0.10000000000000009,1,0
2024-07-19,1.0,1.0,0,1,0.11228916573905856,0.09774905329822799,0.145480690160936,16.520000457763672,14.407115404422466,0,-0.24,0.10999999999999999,0,0,0,0,0,512.5345748901367,-0.019643093627020214,17.15999984741211,1,3.09,3.2169230769230768,-0.1200000000000001,1,0
2024-07-26,1.0,1.0,0,1,0.07463989502639512,0.09929746378066726,0.1447111687480437,16.389999389648438,14.465961547998281,0,-0.16,0.12999999999999998,0,0,0,0,0,514.2859359741211,-0.02776814619681056,17.239999771118164,1,3.1,3.2057692307692305,-0.08000000000000007,1,0
2024-08-02,1.3,1.3,0,1,0.04562809349529284,0.10464450590910222,0.1429526138316247,23.389999389648438,14.586923067386333,0,-0.08,0.22999999999999998,0,0,0,0,0,515.4898513793945,-0.04837561584950101,23.34000015258789,0,3.72,3.215384615384615,0.4500000000000002,0,0
2024-08-09,1.3,1.3,0,1,0.02662899614403158,0.10354001537934276,0.1414910340454543,20.3700008392334,14.693269234437208,0,-0.11,0.26,0,0,0,0,0,516.1454681396484,-0.048215110213124635,21.18000030517578,1,3.49,3.221538461538462,0.30000000000000027,0,0
2024-08-16,1.7,1.7,0,1,0.050331769394041936,0.11569513160892747,0.14079852202311663,14.800000190734863,14.645192329700176,0,-0.17,0.23999999999999996,0,0,0,0,0,517.7495208740235,-0.010142837712806996,17.809999465942383,1,3.29,3.2196153846153845,0.20000000000000018,0,0
2024-08-23,1.7,1.7,0,1,0.06516995289339467,0.11517866304024944,0.14075631787238144,15.859999656677246,14.64865385569059,0,-0.09,0.38,0,0,0,0,0,519.9599304199219,0.0,18.190000534057617,1,3.19,3.2180769230769233,0.08999999999999986,1,0
2024-08-30,1.7,1.7,0,1,0.07229927594797769,0.11490211422360261,0.1405501881850944,15.0,14.685384621986977,0,0.0,0.38,0,0,0,0,0,522.6139907836914,0.0,17.43000030517578,1,3.13,3.210769230769231,-0.5900000000000003,1,0
2024-09-06,1.7,1.7,0,1,0.01515586005054903,0.13146338408321484,0.13912525444915447,22.3799991607666,14.849615372144259,1,0.06,0.5,0,0,0,0,0,524.8938415527343,-0.041370934316805164,22.739999771118164,1,3.39,3.2157692307692307,-0.10000000000000009,1,0
2024-09-13,1.2,1.2,0,1,0.03876883031424305,0.14165281792978235,0.13912525444915447,16.559999465942383,14.902884593376747,1,0.09,0.5599999999999999,0,0,0,0,0,527.5923202514648,-0.0029627497802633407,19.280000686645508,1,3.37,3.2238461538461536,0.08000000000000007,0,0
2024-09-20,1.2,1.2,0,1,0.04679989950941832,0.13993160845324026,0.13890299133118836,16.149999618530273,14.88269226367657,1,0.18,0.63,0,0,0,0,0,530.5325958251954,0.0,18.940000534057617,1,3.15,3.2265384615384614,-0.040000000000000036,1,0
2024-09-27,1.2,1.2,0,1,0.05329253868319639,0.1399573197767029,0.13890299133118836,16.959999084472656,14.871923006497896,1,0.2,0.55,0,0,0,0,0,533.1664337158203,0.0,19.540000915527344,1,3.14,3.227307692307692,0.010000000000000231,1,0
2024-10-04,1.2,1.2,0,1,0.03623512464367917,0.138725307110137,0.13811889545817121,19.209999084472656,14.905769128065844,1,0.05,0.37,0,0,0,0,0,535.455908203125,0.0,20.649999618530273,1,2.89,3.2161538461538464,-0.5,1,0
2024-10-11,1.2,1.2,0,1,0.03815739082037517,0.13622182605455244,0.13697047635009324,20.459999084472656,14.92769219325139,1,0.13,0.4,0,0,0,0,0,538.0684326171875,0.0,20.770000457763672,1,2.98,3.205769230769231,-0.3900000000000001,1,0
2024-10-18,1.2,1.2,0,1,0.0681126500691338,0.12554306276588312,0.1369117406753717,18.030000686645508,14.856922993293175,1,0.13,0.37,0,0,0,0,0,541.0263397216797,0.0,19.190000534057617,1,2.88,3.186923076923077,-0.27,1,0
2024-10-25,1.0,1.22,0,1,0.06681342600608464,0.1241190828473438,0.13679576410829833,20.329999923706055,14.838846059945913,1,0.14,0.30000000000000004,0,0,0,0,1,543.3905242919922,-0.00949414412239602,20.940000534057617,1,2.89,3.1765384615384615,-0.25,1,0
2024-11-01,1.0,1.22,0,1,0.07485724602062493,0.12705376184958894,0.1364940251564153,21.8799991607666,14.972884508279654,1,0.16,0.24,0,0,0,0,1,544.9378021240234,-0.02317879450657112,21.90999984741211,1,2.83,3.166923076923077,-0.06000000000000005,1,0
2024-11-08,1.0,1.22,0,1,0.1257714236760188,0.13961955140556018,0.1364940251564153,14.9399995803833,14.987692191050602,1,0.04,0.15,0,0,0,0,1,547.6426361083984,0.0,16.829999923706055,1,2.63,3.148076923076923,-0.3500000000000001,1,0
2024-11-15,1.0,1.22,0,1,0.05996035622895568,0.143554937904942,0.1364940251564153,16.139999389648438,15.032692175645094,1,0.12,0.29000000000000004,0,0,0,0,1,549.7536315917969,-0.020796119115560563,17.809999465942383,1,2.72,3.1338461538461533,-0.1599999999999997,1,0
2024-11-22,1.0,1.22,0,1,0.06263064555954401,0.14444032966220807,0.1364940251564153,15.239999771118164,15.086153708971464,1,0.04,0.13,0,0,0,0,1,551.8339263916016,-0.00448021602409765,17.299999237060547,1,2.61,3.114615384615384,-0.28000000000000025,1,0
2024-11-29,1.0,1.22,0,1,0.07223629104574636,0.14414224697631067,0.1364940251564153,13.510000228881836,15.103076788095327,1,0.05,0.05,0,0,0,0,1,553.9976165771484,0.0,16.260000228881836,1,2.72,3.0961538461538463,-0.10999999999999988,1,0
2024-12-06,1.0,1.0,0,1,0.12827433472399052,0.14385440356312829,0.1364940251564153,12.770000457763672,15.111153712639442,0,0.05,-0.009999999999999995,0,0,0,0,0,556.9543243408203,0.0,16.31999969482422,1,2.67,3.0776923076923075,0.040000000000000036,1,0
2024-12-13,1.0,1.22,0,1,0.0783852481296976,0.14377187729852867,0.1364940251564153,13.8100004196167,15.14057680276724,1,0.15,0.06,0,0,0,0,1,559.9567749023438,-0.005923011433128789,17.149999618530273,1,2.68,3.0542307692307693,-0.040000000000000036,1,0
2024-12-20,1.0,1.22,0,1,0.043800465923825804,0.1473218302936609,0.1364940251564153,18.360000610351562,15.24307681963994,1,0.22,0.04000000000000001,0,0,0,0,1,562.9804534912109,-0.024136479629445318,20.100000381469727,1,2.86,3.040769230769231,0.25,1,0
2024-12-27,1.0,1.22,0,1,0.04469640555674226,0.14724695904955895,0.1364940251564153,15.949999809265137,15.310384511947632,1,0.31,0.10999999999999999,0,0,0,0,1,566.1890319824219,-0.01776451393612588,18.06999969482422,1,2.84,3.0276923076923077,0.11999999999999966,1,0
2025-01-03,1.0,1.22,0,1,0.036584779750798546,0.14601200588303012,0.1364940251564153,16.1299991607666,15.36384602693411,1,0.32,0.27,0,0,0,0,1,568.2087860107422,-0.022815917144207054,18.139999389648438,1,2.81,3.0100000000000002,0.14000000000000012,1,0
2025-01-10,1.0,1.22,0,1,0.004941151576412839,0.14897752078941318,0.1364940251564153,19.540000915527344,15.495384509746845,1,0.37,0.24,0,0,0,0,1,569.2855682373047,-0.04173394559598986,20.969999313354492,1,2.81,2.9953846153846153,0.1299999999999999,1,0
2025-01-17,1.0,1.22,0,1,0.02566120294693075,0.150423202813694,0.1364940251564153,15.970000267028809,15.54673066506019,1,0.34,0.21000000000000002,0,0,0,0,1,571.1248718261719,-0.013521844809559647,18.190000534057617,1,2.64,2.9780769230769226,-0.21999999999999975,1,0
2025-01-24,1.0,1.22,0,1,0.053496104224385777,0.15054127430554506,0.1364940251564153,14.850000381469727,15.577307591071495,1,0.36,0.21999999999999997,0,0,0,0,1,574.6098754882812,0.0,17.549999237060547,1,2.6,2.958846153846154,-0.23999999999999977,1,0
2025-01-31,1.0,1.22,0,1,0.05744876449431424,0.14735699445683037,0.1364940251564153,16.43000030517578,15.626922974219688,1,0.36,0.19999999999999998,0,0,0,0,1,576.7384582519531,-0.01011571018793822,18.43000030517578,1,2.68,2.918846153846154,-0.1299999999999999,1,0
2025-02-07,1.0,1.22,0,1,0.007693165277474989,0.14751592020510576,0.1364940251564153,16.540000915527344,15.696346062880297,1,0.2,0.16,0,0,0,0,1,578.4265991210938,-0.011842692778487818,18.6299991607666,1,2.67,2.887307692307692,-0.14000000000000012,1,0
2025-02-14,1.0,1.22,0,1,0.04439103787322818,0.1391806243926881,0.1364940251564153,14.770000457763672,15.706538383777325,1,0.21,0.09,0,0,0,0,1,580.3952728271485,0.0,17.809999465942383,1,2.62,2.8615384615384616,-0.020000000000000018,1,0
2025-02-21,1.0,1.22,0,1,0.010829786616052717,0.14117681564295045,0.1364940251564153,18.209999084472656,15.79230759694026,1,0.23,0.19,0,0,0,0,1,581.8115539550781,-0.01600778208528042,19.479999542236328,1,2.78,2.845769230769231,0.17999999999999972,1,0
2025-02-28,1.0,1.22,0,1,-0.010572056938944141,0.14228717848728226,0.1364940251564153,19.6299991607666,15.917692202788134,1,0.25,0.2,0,0,0,0,1,582.6228240966797,-0.025455196869200947,20.18000030517578,1,2.87,2.8357692307692304,0.18999999999999995,0,0
2025-03-07,1.0,1.22,0,1,-0.04927802093565148,0.13613207201189992,0.13619041213962405,23.3700008392334,16.083653761790348,1,0.33,0.28,0,0,0,0,1,582.293832397461,-0.05540428259666874,22.59000015258789,0,2.97,2.8196153846153846,0.30000000000000027,0,0
2025-03-14,0.6,0.6,0,0,-0.06538403266282067,0.1292501878119847,0.136007622469261,21.770000457763672,16.22519223506634,1,0.29,0.13999999999999999,0,0,0,0,0,581.5932220458984,-0.0769065802716381,22.170000076293945,1,3.25,2.8150000000000004,0.6299999999999999,0,0
2025-03-21,0.6,0.6,0,0,-0.043091369608749264,0.12786911469503157,0.13569430951576586,19.280000686645508,16.344807624816895,1,0.31,0.09,0,0,0,0,0,581.4241485595703,-0.07220507387060748,20.350000381469727,1,3.21,2.8173076923076925,0.43000000000000016,0,0
2025-03-28,0.6,0.6,0,0,-0.06332419743252038,0.12927475714248218,0.13492276541312984,21.649999618530273,16.51096145923321,1,0.38,0.07,0,0,0,0,0,579.5189758300781,-0.08589231651774143,22.010000228881836,1,3.47,2.83,0.6000000000000001,0,0
2025-04-04,0.6,0.6,0,0,-0.14384664401443825,0.1812053545368795,0.13492276541312984,45.310001373291016,17.074038395514854,1,0.33,0.010000000000000009,0,0,0,0,0,575.743879699707,-0.16877157579061042,36.709999084472656,0,4.45,2.89,1.48,0,0
2025-04-11,0.6,0.6,0,0,-0.07742392820201416,0.19972648922988528,0.13492276541312984,37.560001373291016,17.463461509117714,1,0.52,0.15000000000000002,0,0,0,0,0,572.9014083862305,-0.12162345894500892,33.90999984741211,0,4.26,2.9392307692307686,1.0099999999999998,0,0
2025-04-18,1.7,1.7,0,0,-0.11644718199004744,0.19966986195461336,0.13492276541312984,29.649999618530273,17.673846134772667,1,0.53,0.19,0,0,0,0,0,569.3445236206055,-0.13401089736915706,29.350000381469727,0,4.02,2.983076923076923,0.8099999999999996,0,0
2025-04-25,1.7,1.7,0,0,-0.09157296780386903,0.2112517812132792,0.13492276541312984,24.84000015258789,17.862499988996067,1,0.55,0.19000000000000006,0,0,0,0,0,566.722297668457,-0.09415057477599964,25.3700008392334,1,3.67,3.013076923076923,0.19999999999999973,0,0
2025-05-02,1.7,1.7,0,0,-0.055423541150628974,0.21469060342941018,0.13492276541312984,22.68000030517578,18.039230768497173,1,0.5,0.14,0,0,0,0,0,565.0688674926757,-0.06763166973907964,24.0,1,3.6,3.042692307692308,-0.8500000000000001,1,0
2025-05-09,1.7,1.7,0,0,-0.05781297101426752,0.20321608264774565,0.13492276541312984,21.899999618530273,18.21903844980093,1,0.49,0.29,0,0,0,0,0,563.8374435424805,-0.07161274122524974,23.3799991607666,1,3.53,3.0773076923076923,-0.73,1,0
2025-05-16,1.0,1.22,0,1,-0.022490573510287937,0.21512344798173763,0.13492276541312984,17.239999771118164,18.31999998826247,1,0.45,0.24000000000000002,0,0,0,0,1,563.8853775024414,-0.022490573510287937,20.079999923706055,1,3.16,3.0942307692307693,-0.8599999999999994,1,0
2025-05-23,1.0,1.22,0,1,-0.03181648529455394,0.21706137800049513,0.13530652897317524,22.290000915527344,18.51923076923077,1,0.51,0.28,0,0,0,0,1,563.3411727905274,-0.04731495601651958,23.799999237060547,1,3.4,3.124615384615385,-0.27,1,0
2025-05-30,1.2,1.2,0,1,-0.005077465999139719,0.21791548393003857,0.13530652897317524,18.56999969482422,18.62788460804866,1,0.52,0.27,0,0,0,0,0,563.8645431518555,-0.03040341497173582,21.3799991607666,1,3.31,3.1473076923076926,-0.29000000000000004,1,0
2025-06-06,1.0,1.22,0,1,0.04344757637502705,0.21885651023501032,0.13619041213962405,16.770000457763672,18.715384611716637,1,0.47,0.13999999999999996,0,0,0,0,1,564.0294174194336,-0.014363888021263982,20.020000457763672,1,3.09,3.1634615384615383,-0.43999999999999995,1,0
2025-06-13,1.0,1.22,0,1,0.0639395485135763,0.2187462550911229,0.1364940251564153,20.81999969482422,18.87230768570533,1,0.45,0.16000000000000003,0,0,0,0,1,563.5795486450195,-0.01788440377835343,22.6200008392334,1,3.18,3.1826923076923075,0.020000000000000018,1,0
2025-06-20,1.0,1.22,0,1,0.05684045407673066,0.2170684791128253,0.13679576410829833,20.6200008392334,19.01500001320472,1,0.48,0.16999999999999998,0,0,0,0,1,563.3838882446289,-0.019468788979326024,22.479999542236328,1,3.13,3.193076923076923,-0.27,1,0
2025-06-27,1.0,1.22,0,1,0.10990169601865252,0.22219512384669451,0.13807921067499956,16.31999969482422,19.089615400020893,1,0.56,0.18000000000000005,0,0,0,0,1,564.2573837280273,0.0,19.450000762939453,1,3.02,3.1999999999999997,-0.29000000000000004,1,0
2025-07-04,1.0,1.22,0,1,0.2412696937168417,0.2229237800444547,0.13902126334379522,16.3799991607666,19.164615392684937,1,0.47,0.13999999999999996,0,0,0,0,1,565.2074905395508,0.0,19.209999084472656,1,2.8,3.1996153846153845,-0.29000000000000004,1,0
2025-07-11,1.0,1.22,0,1,0.17141174797207137,0.22071501155595252,0.13946592695105495,16.399999618530273,19.240384615384617,1,0.53,0.010000000000000009,0,0,0,0,1,566.5513412475586,-0.0027506405448808335,19.3700008392334,1,2.97,3.205769230769231,-0.20999999999999996,1,0
2025-07-18,1.0,1.22,0,1,0.19571299959193644,0.21745003493255347,0.13982238848655223,16.40999984741211,19.2382692190317,1,0.56,0.030000000000000027,0,0,0,0,1,568.3729934692383,0.0,19.579999923706055,1,2.93,3.2169230769230768,-0.19999999999999973,1,0
2025-07-25,1.0,1.0,0,1,0.1604377946651523,0.2171579404310943,0.13994832081349098,14.930000305175781,19.210192313561073,0,0.49,-0.06000000000000005,0,0,0,0,0,571.5596694946289,0.0,18.31999969482422,1,2.84,3.226153846153846,-0.18000000000000016,1,0
2025-08-01,1.0,1.22,0,1,0.10021510174527126,0.21973946993383373,0.14016287053441828,20.3799991607666,19.152307693774883,1,0.54,0.040000000000000036,0,0,0,0,1,574.6305252075196,-0.024140628504832118,21.239999771118164,1,3.13,3.2434615384615384,0.33000000000000007,1,0
2025-08-08,1.0,1.22,0,1,0.13240889780193688,0.22202380114681197,0.1405501881850944,15.149999618530273,19.051923054915207,1,0.51,0.020000000000000018,0,0,0,0,1,578.323454284668,0.0,18.700000762939453,1,2.94,3.2538461538461543,-0.03000000000000025,1,0
2025-08-15,1.0,1.22,0,1,0.0860690252610472,0.2215755621433342,0.14075631787238144,15.09000015258789,19.057499977258537,1,0.58,0.12999999999999995,0,0,0,0,1,582.7344039916992,0.0,18.639999389648438,1,2.88,3.2638461538461536,-0.050000000000000266,1,0
2025-08-22,1.0,1.22,0,1,0.11760764280928049,0.21985055695431183,0.14079852202311663,14.220000267028809,19.025961527457603,1,0.58,0.06999999999999995,0,0,0,0,1,589.7154937744141,0.0,17.760000228881836,1,2.88,3.2676923076923075,0.040000000000000036,1,0
2025-08-29,1.0,1.22,0,1,0.09767183963115289,0.21909480992973987,0.1410465650032131,15.359999656677246,19.03288459777832,1,0.64,0.12,0,0,0,0,1,595.2741333007813,-0.0004031256087627666,18.350000381469727,1,2.82,3.265769230769231,-0.31000000000000005,1,0
2025-09-05,1.0,1.22,0,1,0.08347518609663762,0.21312714640987274,0.1414862171293912,15.180000305175781,18.89442308132465,1,0.59,0.12,0,0,0,0,1,601.3111602783204,0.0,18.420000076293945,1,2.83,3.2603846153846154,-0.10999999999999988,1,0
2025-09-12,1.0,1.22,0,1,0.10444467471220364,0.2095591809932683,0.14178788548558277,14.760000228881836,18.85980771138118,1,0.5,0.04999999999999999,0,0,0,0,1,606.6581420898438,0.0,18.059999465942383,1,2.79,3.242692307692307,-0.08999999999999986,1,0
2025-09-19,1.0,1.22,0,1,0.11990982421947982,0.20970015267597877,0.14213788097604982,15.449999809265137,18.84634617658762,1,0.57,0.08999999999999997,0,0,0,0,1,611.6133239746093,0.0,18.479999542236328,1,2.72,3.2238461538461536,-0.1599999999999997,1,0
2025-09-26,1.0,1.22,0,1,0.07927152378511915,0.2078071769723861,0.14310191134285713,15.289999961853027,18.814230808844933,1,0.57,0.009999999999999898,0,0,0,0,1,616.5945373535156,-0.0028324977997761236,18.40999984741211,1,2.75,3.196153846153846,-0.06999999999999984,1,0
2025-10-03,1.0,1.22,0,1,0.07312079876607003,0.14963529383576307,0.1435499244156091,16.649999618530273,18.765000049884502,1,0.55,0.08000000000000007,0,0,0,0,1,620.4726715087891,0.0,19.079999923706055,1,2.8,3.1326923076923077,-0.03000000000000025,1,0
2025-10-10,1.0,1.3,0,1,0.050047384093487635,0.14210287819968828,0.1435499244156091,21.65999984741211,18.78807698763334,0,0.53,0.0,0,0,0,0,0,624.2921356201172,-0.024192726122882036,22.809999465942383,1,3.18,3.091153846153846,0.3900000000000001,0,1
2025-10-17,1.0,1.3,0,1,0.061588869048710526,0.1387743522228986,0.1435499244156091,20.780000686645508,18.840961603017952,0,0.56,0.0,0,0,0,0,0,628.1684112548828,-0.007202707399346031,22.09000015258789,1,3.04,3.0534615384615384,0.31999999999999984,1,1
2025-10-24,1.0,1.4,1,1,0.06596711956421464,0.12890312618835129,0.1435499244156091,16.3700008392334,18.764807774470402,1,0.54,0.050000000000000044,1,0,0,0,0,632.2012817382813,0.0,19.200000762939453,1,2.88,3.023076923076923,0.1299999999999999,1,0
2025-10-31,1.0,1.2,1,1,0.1000948786901068,0.12518238174752722,0.14310191134285713,17.440000534057617,18.67942318549523,0,0.51,-0.030000000000000027,0,1,0,1,0,636.5773406982422,0.0,20.489999771118164,1,2.94,2.9976923076923074,0.14000000000000012,1,0
2025-11-07,1.0,1.22,0,1,0.055949875994895315,0.12863063366822944,0.14222267338662437,19.079999923706055,18.759038576712975,1,0.56,0.050000000000000044,0,0,0,0,1,640.4521850585937,-0.016259639009963855,21.190000534057617,1,3.15,2.983076923076923,-0.03000000000000025,1,0
2025-11-14,1.0,1.0,0,1,0.047172587785609954,0.10965913993727269,0.14201808578911373,19.829999923706055,18.83000012544485,0,0.52,-0.05999999999999994,0,0,0,0,0,643.3568450927735,-0.01485220697283074,21.579999923706055,1,3.07,2.9796153846153848,0.029999999999999805,0,0
2025-11-21,1.3,1.3,0,1,0.02409253118016008,0.10637885417887122,0.14178788548558277,23.43000030517578,18.98750013571519,0,0.55,-0.029999999999999916,0,0,0,0,0,645.1088897705079,-0.03376525336128422,23.959999084472656,1,3.19,2.971538461538461,0.31000000000000005,0,0
2025-11-28,1.0,1.2,1,1,0.06237463180172376,0.11423208217663998,0.1414862171293912,16.350000381469727,19.042115523264957,0,0.55,-0.08999999999999997,0,1,0,1,0,648.15078125,0.0,19.639999389648438,1,2.95,2.9576923076923074,0.010000000000000231,1,0
2025-12-05,1.0,1.2,1,1,0.06234337046355609,0.11322998049316173,0.1410465650032131,15.40999984741211,19.092884742296658,0,0.58,-0.010000000000000009,0,1,0,1,0,651.1110992431641,0.0,19.270000457763672,1,2.85,2.948461538461539,-0.2999999999999998,1,0
2025-12-12,1.0,1.4,1,1,0.03991444471452188,0.11363203475266323,0.14079852202311663,15.739999771118164,19.130000114440918,1,0.67,0.17000000000000004,1,0,0,0,0,653.4073974609375,-0.005731465432116001,19.25,1,2.91,2.938076923076923,-0.1599999999999997,1,0
2025-12-19,1.0,1.4,1,1,0.028478445242032135,0.11333440199427637,0.14075631787238144,14.90999984741211,19.06365394592285,1,0.68,0.1100000000000001,1,0,0,0,0,656.5039916992188,-0.0045047723973373754,18.25,1,2.9,2.9292307692307693,-0.29000000000000004,1,0
2025-12-26,1.0,1.4,1,1,0.04613002963218715,0.10584096720117459,0.14060735977129582,13.600000381469727,19.018461649234478,1,0.68,0.1100000000000001,1,0,0,0,0,659.320181274414,0.0,17.770000457763672,1,2.86,2.9230769230769225,-0.0900000000000003,1,0
2026-01-02,1.0,1.4,1,1,0.023876795260760586,0.10634872221626478,0.14016287053441828,14.510000228881836,18.98730782362131,1,0.72,0.16999999999999993,1,0,0,0,0,661.4733306884766,-0.010343255912179106,18.020000457763672,1,2.83,2.9242307692307694,-0.020000000000000018,1,0
2026-01-09,1.0,1.4,1,1,0.06600242383383703,0.10726302119469165,0.13994832081349098,14.489999771118164,18.890192416998055,1,0.64,0.10999999999999999,1,0,0,0,0,664.0750152587891,0.0,17.8799991607666,1,2.74,2.9153846153846152,-0.16999999999999993,1,0
2026-01-16,1.0,1.4,1,1,0.04412146514405002,0.10779964767521978,0.13982238848655223,15.859999656677246,18.88807702064514,1,0.65,0.08999999999999997,1,0,0,0,0,666.5699645996094,-0.00347232315612378,18.989999771118164,1,2.65,2.904615384615385,-0.25,1,0
2026-01-23,1.0,1.4,1,1,0.02069627050647549,0.10703527758487745,0.13946592695105495,16.09000015258789,18.91192317008972,1,0.64,0.09999999999999998,1,0,0,0,0,668.8363189697266,-0.006973538026103898,19.149999618530273,1,2.68,2.8984615384615386,-0.17999999999999972,1,0
2026-01-30,1.0,1.4,1,1,0.017527322814617996,0.09910355809055008,0.13946592695105495,17.440000534057617,18.93134625141437,1,0.74,0.22999999999999998,1,0,0,0,0,670.736929321289,-0.0030257423397963557,20.06999969482422,1,2.8,2.8857692307692306,-0.03000000000000025,1,0
2026-02-06,1.0,1.22,0,1,0.032327537855480815,0.09476683641307351,0.13946592695105495,20.3700008392334,19.00500009610103,1,0.72,0.15999999999999992,0,0,0,0,1,672.1695129394532,-0.004970704156649131,20.3700008392334,0,2.87,2.883076923076923,0.1299999999999999,1,0
2026-02-13,1.0,1.22,0,1,0.017612893700678978,0.0969698446228982,0.13946592695105495,20.600000381469727,19.11711547924922,1,0.64,0.12,0,0,0,0,1,673.2550262451172,-0.017750413169233092,22.170000076293945,1,2.95,2.8857692307692306,0.30000000000000027,0,0
2026-02-20,1.0,1.4,1,1,0.04921945187651988,0.09775396043396942,0.13946592695105495,19.09000015258789,19.134038576712975,1,0.6,0.04999999999999993,1,0,0,0,0,674.3560028076172,-0.006685329886652269,21.09000015258789,1,2.86,2.8850000000000002,0.17999999999999972,1,0
2026-02-27,1.0,1.22,0,1,0.006770692183208693,0.09828570925221708,0.13946592695105495,19.860000610351562,19.138461681512688,1,0.59,0.039999999999999925,0,0,0,0,1,676.0871734619141,-0.011641588186373175,21.559999465942383,1,3.1,2.8957692307692304,0.30000000000000027,0,0
2026-03-06,1.0,1.22,0,1,-0.016513479992460223,0.10329854600598184,0.13946592695105495,29.489999771118164,19.256153968664314,1,0.59,0.010000000000000009,0,0,0,0,1,676.5806945800781,-0.03125046528066788,27.559999465942383,0,3.13,2.9073076923076924,0.2599999999999998,0,0
2026-03-13,1.0,1.3,0,1,-0.025687888758148425,0.10381765746791723,0.13946592695105495,27.190000534057617,19.360384739362278,0,0.55,-0.12,0,0,0,0,0,675.9374847412109,-0.04578796034426158,27.280000686645508,1,3.28,2.926153846153846,0.3299999999999996,0,1
2026-03-20,0.6,0.6,0,0,-0.04444501886099761,0.10554358003557562,0.13946592695105495,26.780000686645508,19.504615508593044,0,0.51,-0.17000000000000004,0,0,0,0,0,674.4635314941406,-0.06300352230759354,27.43000030517578,1,3.24,2.9461538461538463,0.38000000000000034,0,0
2026-03-27,0.6,0.6,0,0,-0.07893304319892791,0.1099238406165257,0.13946592695105495,31.049999237060547,19.68538473202632,0,0.56,-0.12,0,0,0,0,0,672.8178161621094,-0.08392280701256838,29.270000457763672,0,3.42,2.971923076923077,0.31999999999999984,0,0
2026-04-03,1.0,1.3,0,0,-0.03739748281809918,0.11980264807427342,0.13946592695105495,23.8700008392334,19.273077029448288,0,0.52,-0.19999999999999996,0,0,0,0,0,672.2061370849609,-0.05251476667902688,24.719999313354492,1,3.17,2.9861538461538464,0.040000000000000036,0,1
2026-04-10,1.0,1.0,0,1,-0.01837628213627107,0.12510870999929954,0.13946592695105495,19.229999542236328,18.9205769942357,0,0.5,-0.14,0,0,0,0,0,673.4081085205078,-0.01837628213627107,21.860000610351562,1,2.94,2.976923076923077,-0.33999999999999986,1,0
2026-04-17,1.0,1.0,1,1,0.02952234067795234,0.13777784148308614,0.13946592695105495,17.479999542236328,18.686538531230045,0,0.55,-0.09999999999999998,0,1,1,0,0,674.9313537597657,0.0,20.510000228881836,1,2.83,2.9688461538461537,-0.41000000000000014,1,0
2026-04-24,1.0,1.0,0,1,0.03868056496370409,0.13571876732490065,0.13946592695105495,18.709999084472656,18.568653895304752,0,0.53,-0.10999999999999999,0,0,0,0,0,676.5298645019532,0.0,21.299999237060547,1,2.86,2.9680769230769233,-0.56,1,0
2026-05-01,1.0,1.2,1,1,0.044291098586756616,0.13592230904148045,0.13946592695105495,16.989999771118164,18.459230808111336,0,0.51,-0.22999999999999998,0,1,0,1,0,678.6565887451172,0.0,20.3700008392334,1,2.77,2.9615384615384617,-0.3999999999999999,1,0
2026-05-08,1.0,1.2,1,1,0.07097157184305392,0.13614876666402562,0.13946592695105495,17.190000534057617,18.36865390264071,0,0.48,-0.24,0,1,0,1,0,681.5859283447265,0.0,20.5,1,2.81,2.9484615384615385,-0.1299999999999999,1,0
2026-05-15,1.0,1.0,0,1,0.0871854536924046,0.13612535459632397,0.13946592695105495,18.43000030517578,18.391538528295662,0,0.5,-0.14,0,0,0,0,0,684.1101470947266,0.0,21.360000610351562,1,2.8,2.938076923076923,-0.03000000000000025,1,0
2026-05-22,1.0,1.2,1,1,0.08448486885976347,0.13186298942417304,0.13946592695105495,16.700000762939453,18.284038525361282,0,0.43,-0.16999999999999998,0,1,0,1,0,687.3104705810547,0.0,20.030000686645508,1,2.74,2.9207692307692312,-0.11999999999999966,1,0
2026-05-29,1.0,1.2,1,1,0.10576826682988782,0.12419632233768418,0.13946592695105495,15.319999694824219,18.221538525361282,0,0.47,-0.12,0,1,0,1,0,690.5092803955079,0.0,18.65999984741211,1,2.72,2.911923076923077,-0.04999999999999982,1,0
2026-06-05,1.0,1.3,0,1,0.09991997911973738,0.13093574799814148,0.13946592695105495,21.510000228881836,18.312692367113552,0,0.38,-0.20999999999999996,0,0,0,0,0,692.8859283447266,-0.025023804507700365,21.81999969482422,1,2.76,2.908461538461538,-0.050000000000000266,1,1
2026-06-12,1.0,1.2,1,1,0.12303630128849963,0.13031307437476852,0.13946592695105495,17.68000030517578,18.25230776346647,0,0.39,-0.16000000000000003,0,1,0,1,0,695.5920806884766,-0.019471771040776353,20.510000228881836,1,2.71,2.9007692307692308,-0.08999999999999986,1,0
2026-06-19,1.0,1.2,1,1,0.15432999473829123,0.13050631745963026,0.13946592695105495,16.399999618530273,18.171153893837563,0,0.27,-0.24,0,1,0,1,0,698.5062377929687,-0.01033239704702471,19.56999969482422,1,2.66,2.891538461538462,-0.08000000000000007,1,0
2026-06-26,1.0,1.0,0,1,0.15262502989386806,0.13524005758060828,0.13946592695105495,18.40999984741211,18.211346204464252,0,0.31,-0.25000000000000006,0,0,0,0,0,700.6020690917969,-0.033856732462958505,20.1299991607666,1,2.83,2.8903846153846158,0.10999999999999988,1,0
2026-07-03,1.0,1.2,1,1,0.13855527113044364,0.13650008319716614,0.13946592695105495,16.149999618530273,18.206923136344322,0,0.35,-0.17000000000000004,0,1,0,1,0,703.9255096435547,-0.012929930655129596,19.040000915527344,1,2.75,2.887307692307692,-0.009999999999999787,1,0
2026-07-10,1.0,1.2,1,1,0.11396536869311147,0.1361088085959718,0.13946592695105495,15.029999732971191,18.180576984698956,0,0.35,-0.15000000000000002,0,1,0,1,0,707.3751678466797,0.0,18.56999969482422,1,2.69,2.8853846153846154,-0.020000000000000018,1,0
2026-07-17,1.0,1.0,0,1,0.04937730055334644,0.1384384520759921,0.13946592695105495,18.770000457763672,18.225961611821102,0,0.37,-0.18000000000000005,0,0,0,0,0,710.4139343261719,-0.015444793686603675,20.540000915527344,1,2.73,2.8884615384615384,0.06999999999999984,1,0
2026-07-24,1.0,1.0,0,1,0.0376693716873735,0.13871377043807256,0.13946592695105495,18.579999923706055,18.296153912177452,0,0.36,-0.17000000000000004,0,0,0,0,0,713.9104644775391,-0.021219986737406993,20.510000228881836,1,2.79,2.892692307692308,-0.040000000000000036,1,0
2026-07-31,1.0,1.2,1,1,0.03927647289859104,0.13916055808514605,0.13946592695105495,15.989999771118164,18.211730846991905,0,0.47,-0.040000000000000036,0,1,0,1,0,718.3115875244141,-0.010490691627530246,19.020000457763672,1,2.85,2.894615384615385,0.10000000000000009,1,0
2026-08-07,1.0,1.0,0,1,0.05101830442190458,0.1459403776784958,0.13982238848655223,14.899999618530273,18.206923154684212,0,0.46,-0.019999999999999962,0,0,0,0,0,724.61376953125,0.0,18.719999313354492,1,2.7,2.888076923076923,0.010000000000000231,1,0
2026-08-14,1.0,1.22,0,1,0.05299189901407697,0.14364142187664872,0.13994832081349098,14.25,18.190769305595985,1,0.51,0.010000000000000009,0,0,0,0,1,731.7899169921875,0.0,18.459999084472656,1,2.67,2.8773076923076926,-0.06000000000000005,1,0
2026-08-21,1.0,1.22,0,1,0.029575422968227683,0.14583941833090627,0.14074999208976383,15.130000114440918,18.208269302661602,1,0.5,0.07,0,0,0,0,1,737.3548553466796,-0.013679645600331858,18.5,1,2.7,2.8711538461538457,-0.08999999999999986,1,0
2026-08-28,1.0,1.0,0,1,0.019633062697448578,0.1451778708061447,0.1414862171293912,14.430000305175781,18.190384699748112,0,0.39,-0.07999999999999996,0,0,0,0,0,741.9253021240235,-0.00900382785437126,17.479999542236328,1,2.6,2.851923076923077,-0.25,1,0
2026-09-04,1.0,1.4,1,1,0.04694491742237794,0.14073275399821308,0.1414862171293912,14.529999732971191,18.17788468874418,1,0.41,0.02999999999999997,1,0,0,0,0,745.011376953125,-0.00792178592010373,17.610000610351562,1,2.68,2.8346153846153843,-0.020000000000000018,1,0
2026-09-11,1.0,1.2,1,1,0.03304208929554098,0.13886391824327762,0.1410213940672924,15.84000015258789,18.19865391804622,0,0.33,-0.06,0,1,0,1,0,747.6141418457031,-0.015521615302842462,18.600000381469727,1,2.65,2.8103846153846157,-0.020000000000000018,1,0
2026-09-18,1.0,1.0,1,1,0.022553313664826824,0.134773809373764,0.1410213940672924,14.8100004196167,18.186346237476055,0,0.25,-0.020000000000000018,0,1,1,0,0,749.8477569580078,-0.016434285242300506,18.239999771118164,1,2.68,2.7888461538461535,-0.020000000000000018,1,0
2026-09-25,1.0,1.4,1,1,0.06073523942506531,0.12809242581168903,0.1410213940672924,14.869999885559082,18.178269312931942,1,0.36,0.04999999999999999,1,0,0,0,0,751.7201477050781,-0.0039604200740728235,17.93000030517578,1,2.93,2.77,0.33000000000000007,0,0
