Date,v12_signal,v17_signal,calm_bull_trigger,tier_intersection,tier_cb_only,tier_cb_weak,tier_cb_strong,tier_yc_only,yc_pos_steep,tier_nervous_market,weight_SPY,weight_SPXL,weight_SPXS,weight_TLT,weight_GLD,weight_SHY,net_equity_exposure,regime,reason
2008-11-21,0.6,0.6,0,0,0,0,0,0,0,0,0.6,0.0,0.0,0.2,0.08000000000000002,0.12,0.6,DEFENSIVE,V12 defensive risk-control signal retained.
2008-11-28,0.6,0.6,0,0,0,0,0,0,0,0,0.6,0.0,0.0,0.2,0.08000000000000002,0.12,0.6,DEFENSIVE,V12 defensive risk-control signal retained.
2008-12-05,0.6,0.6,0,0,0,0,0,0,0,0,0.6,0.0,0.0,0.2,0.08000000000000002,0.12,0.6,DEFENSIVE,V12 defensive risk-control signal retained.
2008-12-12,0.6,0.6,0,0,0,0,0,0,0,0,0.6,0.0,0.0,0.2,0.08000000000000002,0.12,0.6,DEFENSIVE,V12 defensive risk-control signal retained.
2008-12-19,0.6,0.6,0,0,0,0,0,0,0,0,0.6,0.0,0.0,0.2,0.08000000000000002,0.12,0.6,DEFENSIVE,V12 defensive risk-control signal retained.
2008-12-26,0.6,0.6,0,0,0,0,0,0,0,0,0.6,0.0,0.0,0.2,0.08000000000000002,0.12,0.6,DEFENSIVE,V12 defensive risk-control signal retained.
2009-01-02,0.6,0.6,0,0,0,0,0,0,0,0,0.6,0.0,0.0,0.2,0.08000000000000002,0.12,0.6,DEFENSIVE,V12 defensive risk-control signal retained.
2009-01-09,0.6,0.6,0,0,0,0,0,0,0,0,0.6,0.0,0.0,0.2,0.08000000000000002,0.12,0.6,DEFENSIVE,V12 defensive risk-control signal retained.
2009-01-16,0.6,0.6,0,0,0,0,0,0,0,0,0.6,0.0,0.0,0.2,0.08000000000000002,0.12,0.6,DEFENSIVE,V12 defensive risk-control signal retained.
2009-01-23,0.6,0.6,0,0,0,0,0,0,0,0,0.6,0.0,0.0,0.16749601684495063,0.09083466105168314,0.14166932210336625,0.6,DEFENSIVE,V12 defensive risk-control signal retained.
2009-01-30,0.6,0.6,0,0,0,0,0,0,0,0,0.6,0.0,0.0,0.16164777225047686,0.09278407591650772,0.14556815183301544,0.6,DEFENSIVE,V12 defensive risk-control signal retained.
2009-02-06,0.6,0.6,0,0,0,0,0,0,0,0,0.6,0.0,0.0,0.17252810329388255,0.08915729890203916,0.13831459780407832,0.6,DEFENSIVE,V12 defensive risk-control signal retained.
2009-02-13,0.6,0.6,0,0,0,0,0,0,0,0,0.6,0.0,0.0,0.1739630901072392,0.08867896996425362,0.13735793992850723,0.6,DEFENSIVE,V12 defensive risk-control signal retained.
2009-02-20,0.6,0.6,0,0,0,0,0,0,0,0,0.6,0.0,0.0,0.18918799747487572,0.0836040008417081,0.12720800168341617,0.6,DEFENSIVE,V12 defensive risk-control signal retained.
2009-02-27,0.6,0.6,0,0,0,0,0,0,1,0,0.6,0.0,0.0,0.2,0.08000000000000002,0.12,0.6,DEFENSIVE,V12 defensive risk-control signal retained.
2009-03-06,0.6,0.6,0,0,0,0,0,0,1,0,0.6,0.0,0.0,0.2,0.08000000000000002,0.12,0.6,DEFENSIVE,V12 defensive risk-control signal retained.
2009-03-13,0.6,0.6,0,0,0,0,0,0,1,0,0.6,0.0,0.0,0.2,0.08000000000000002,0.12,0.6,DEFENSIVE,V12 defensive risk-control signal retained.
2009-03-20,1.5,1.5,0,0,0,0,0,0,1,0,0.75,0.25,0.0,0.0,0.0,0.0,1.5,LEVERAGED_LONG,V12 high-conviction leverage signal retained (dip-buy / recovery).
2009-03-27,1.0,1.22,0,0,0,0,0,1,1,0,0.89,0.10999999999999999,0.0,0.0,0.0,0.0,1.22,YC_BOOST,Yield curve positive AND steepening (YC only); exposure 1.22x.
2009-04-03,1.0,1.22,0,0,0,0,0,1,1,0,0.89,0.10999999999999999,0.0,0.0,0.0,0.0,1.22,YC_BOOST,Yield curve positive AND steepening (YC only); exposure 1.22x.
2009-04-10,1.0,1.22,0,0,0,0,0,1,1,0,0.89,0.10999999999999999,0.0,0.0,0.0,0.0,1.22,YC_BOOST,Yield curve positive AND steepening (YC only); exposure 1.22x.
2009-04-17,1.0,1.22,0,0,0,0,0,1,1,0,0.89,0.10999999999999999,0.0,0.0,0.0,0.0,1.22,YC_BOOST,Yield curve positive AND steepening (YC only); exposure 1.22x.
2009-04-24,1.0,1.22,0,0,0,0,0,1,1,0,0.89,0.10999999999999999,0.0,0.0,0.0,0.0,1.22,YC_BOOST,Yield curve positive AND steepening (YC only); exposure 1.22x.
2009-05-01,1.0,1.22,0,0,0,0,0,1,1,0,0.89,0.10999999999999999,0.0,0.0,0.0,0.0,1.22,YC_BOOST,Yield curve positive AND steepening (YC only); exposure 1.22x.
2009-05-08,1.0,1.22,0,0,0,0,0,1,1,0,0.89,0.10999999999999999,0.0,0.0,0.0,0.0,1.22,YC_BOOST,Yield curve positive AND steepening (YC only); exposure 1.22x.
2009-05-15,1.0,1.22,0,0,0,0,0,1,1,0,0.89,0.10999999999999999,0.0,0.0,0.0,0.0,1.22,YC_BOOST,Yield curve positive AND steepening (YC only); exposure 1.22x.
2009-05-22,1.0,1.22,0,0,0,0,0,1,1,0,0.89,0.10999999999999999,0.0,0.0,0.0,0.0,1.22,YC_BOOST,Yield curve positive AND steepening (YC only); exposure 1.22x.
2009-05-29,1.0,1.22,0,0,0,0,0,1,1,0,0.89,0.10999999999999999,0.0,0.0,0.0,0.0,1.22,YC_BOOST,Yield curve positive AND steepening (YC only); exposure 1.22x.
2009-06-05,1.0,1.22,0,0,0,0,0,1,1,0,0.89,0.10999999999999999,0.0,0.0,0.0,0.0,1.22,YC_BOOST,Yield curve positive AND steepening (YC only); exposure 1.22x.
2009-06-12,1.0,1.22,0,0,0,0,0,1,1,0,0.89,0.10999999999999999,0.0,0.0,0.0,0.0,1.22,YC_BOOST,Yield curve positive AND steepening (YC only); exposure 1.22x.
2009-06-19,1.0,1.22,0,0,0,0,0,1,1,0,0.89,0.10999999999999999,0.0,0.0,0.0,0.0,1.22,YC_BOOST,Yield curve positive AND steepening (YC only); exposure 1.22x.
2009-06-26,1.0,1.22,0,0,0,0,0,1,1,0,0.89,0.10999999999999999,0.0,0.0,0.0,0.0,1.22,YC_BOOST,Yield curve positive AND steepening (YC only); exposure 1.22x.
2009-07-03,1.0,1.22,0,0,0,0,0,1,1,0,0.89,0.10999999999999999,0.0,0.0,0.0,0.0,1.22,YC_BOOST,Yield curve positive AND steepening (YC only); exposure 1.22x.
2009-07-10,1.0,1.22,0,0,0,0,0,1,1,0,0.89,0.10999999999999999,0.0,0.0,0.0,0.0,1.22,YC_BOOST,Yield curve positive AND steepening (YC only); exposure 1.22x.
2009-07-17,1.0,1.22,0,0,0,0,0,1,1,0,0.89,0.10999999999999999,0.0,0.0,0.0,0.0,1.22,YC_BOOST,Yield curve positive AND steepening (YC only); exposure 1.22x.
2009-07-24,1.0,1.22,0,0,0,0,0,1,1,0,0.89,0.10999999999999999,0.0,0.0,0.0,0.0,1.22,YC_BOOST,Yield curve positive AND steepening (YC only); exposure 1.22x.
2009-07-31,1.0,1.22,0,0,0,0,0,1,1,0,0.89,0.10999999999999999,0.0,0.0,0.0,0.0,1.22,YC_BOOST,Yield curve positive AND steepening (YC only); exposure 1.22x.
2009-08-07,1.0,1.22,0,0,0,0,0,1,1,0,0.89,0.10999999999999999,0.0,0.0,0.0,0.0,1.22,YC_BOOST,Yield curve positive AND steepening (YC only); exposure 1.22x.
2009-08-14,1.0,1.22,0,0,0,0,0,1,1,0,0.89,0.10999999999999999,0.0,0.0,0.0,0.0,1.22,YC_BOOST,Yield curve positive AND steepening (YC only); exposure 1.22x.
2009-08-21,1.0,1.3,0,0,0,0,0,0,0,1,0.85,0.15000000000000002,0.0,0.0,0.0,0.0,1.3,NERVOUS_MARKET,VIX >= 20 with V12 normal — elevated risk premium; exposure 1.30x.
2009-08-28,1.0,1.3,0,0,0,0,0,0,0,1,0.85,0.15000000000000002,0.0,0.0,0.0,0.0,1.3,NERVOUS_MARKET,VIX >= 20 with V12 normal — elevated risk premium; exposure 1.30x.
2009-09-04,1.0,1.3,0,0,0,0,0,0,0,1,0.85,0.15000000000000002,0.0,0.0,0.0,0.0,1.3,NERVOUS_MARKET,VIX >= 20 with V12 normal — elevated risk premium; exposure 1.30x.
2009-09-11,1.0,1.3,0,0,0,0,0,0,0,1,0.85,0.15000000000000002,0.0,0.0,0.0,0.0,1.3,NERVOUS_MARKET,VIX >= 20 with V12 normal — elevated risk premium; exposure 1.30x.
2009-09-18,1.0,1.3,0,0,0,0,0,0,0,1,0.85,0.15000000000000002,0.0,0.0,0.0,0.0,1.3,NERVOUS_MARKET,VIX >= 20 with V12 normal — elevated risk premium; exposure 1.30x.
2009-09-25,1.0,1.3,0,0,0,0,0,0,0,1,0.85,0.15000000000000002,0.0,0.0,0.0,0.0,1.3,NERVOUS_MARKET,VIX >= 20 with V12 normal — elevated risk premium; exposure 1.30x.
2009-10-02,1.0,1.3,0,0,0,0,0,0,0,1,0.85,0.15000000000000002,0.0,0.0,0.0,0.0,1.3,NERVOUS_MARKET,VIX >= 20 with V12 normal — elevated risk premium; exposure 1.30x.
2009-10-09,1.0,1.22,0,0,0,0,0,1,1,0,0.89,0.10999999999999999,0.0,0.0,0.0,0.0,1.22,YC_BOOST,Yield curve positive AND steepening (YC only); exposure 1.22x.
2009-10-16,1.0,1.3,0,0,0,0,0,0,0,1,0.85,0.15000000000000002,0.0,0.0,0.0,0.0,1.3,NERVOUS_MARKET,VIX >= 20 with V12 normal — elevated risk premium; exposure 1.30x.
2009-10-23,1.0,1.3,0,0,0,0,0,0,0,1,0.85,0.15000000000000002,0.0,0.0,0.0,0.0,1.3,NERVOUS_MARKET,VIX >= 20 with V12 normal — elevated risk premium; exposure 1.30x.
2009-10-30,1.0,1.22,0,0,0,0,0,1,1,0,0.89,0.10999999999999999,0.0,0.0,0.0,0.0,1.22,YC_BOOST,Yield curve positive AND steepening (YC only); exposure 1.22x.
2009-11-06,1.0,1.22,0,0,0,0,0,1,1,0,0.89,0.10999999999999999,0.0,0.0,0.0,0.0,1.22,YC_BOOST,Yield curve positive AND steepening (YC only); exposure 1.22x.
2009-11-13,1.0,1.22,0,0,0,0,0,1,1,0,0.89,0.10999999999999999,0.0,0.0,0.0,0.0,1.22,YC_BOOST,Yield curve positive AND steepening (YC only); exposure 1.22x.
2009-11-20,1.0,1.22,0,0,0,0,0,1,1,0,0.89,0.10999999999999999,0.0,0.0,0.0,0.0,1.22,YC_BOOST,Yield curve positive AND steepening (YC only); exposure 1.22x.
2009-11-27,1.0,1.22,0,0,0,0,0,1,1,0,0.89,0.10999999999999999,0.0,0.0,0.0,0.0,1.22,YC_BOOST,Yield curve positive AND steepening (YC only); exposure 1.22x.
2009-12-04,1.0,1.22,0,0,0,0,0,1,1,0,0.89,0.10999999999999999,0.0,0.0,0.0,0.0,1.22,YC_BOOST,Yield curve positive AND steepening (YC only); exposure 1.22x.
2009-12-11,1.0,1.22,0,0,0,0,0,1,1,0,0.89,0.10999999999999999,0.0,0.0,0.0,0.0,1.22,YC_BOOST,Yield curve positive AND steepening (YC only); exposure 1.22x.
2009-12-18,1.0,1.22,0,0,0,0,0,1,1,0,0.89,0.10999999999999999,0.0,0.0,0.0,0.0,1.22,YC_BOOST,Yield curve positive AND steepening (YC only); exposure 1.22x.
2009-12-25,1.0,1.22,0,0,0,0,0,1,1,0,0.89,0.10999999999999999,0.0,0.0,0.0,0.0,1.22,YC_BOOST,Yield curve positive AND steepening (YC only); exposure 1.22x.
2010-01-01,1.0,1.22,0,0,0,0,0,1,1,0,0.89,0.10999999999999999,0.0,0.0,0.0,0.0,1.22,YC_BOOST,Yield curve positive AND steepening (YC only); exposure 1.22x.
2010-01-08,1.0,1.4,1,1,0,0,0,0,1,0,0.8,0.19999999999999996,0.0,0.0,0.0,0.0,1.4,DUAL_BOOST,Calm-uptrend AND yield-curve steepening both fire; exposure 1.40x (highest conviction).
2010-01-15,1.0,1.4,1,1,0,0,0,0,1,0,0.8,0.19999999999999996,0.0,0.0,0.0,0.0,1.4,DUAL_BOOST,Calm-uptrend AND yield-curve steepening both fire; exposure 1.40x (highest conviction).
2010-01-22,1.0,1.4,1,1,0,0,0,0,1,0,0.8,0.19999999999999996,0.0,0.0,0.0,0.0,1.4,DUAL_BOOST,Calm-uptrend AND yield-curve steepening both fire; exposure 1.40x (highest conviction).
2010-01-29,1.0,1.4,1,1,0,0,0,0,1,0,0.8,0.19999999999999996,0.0,0.0,0.0,0.0,1.4,DUAL_BOOST,Calm-uptrend AND yield-curve steepening both fire; exposure 1.40x (highest conviction).
2010-02-05,1.0,1.4,1,1,0,0,0,0,1,0,0.8,0.19999999999999996,0.0,0.0,0.0,0.0,1.4,DUAL_BOOST,Calm-uptrend AND yield-curve steepening both fire; exposure 1.40x (highest conviction).
2010-02-12,1.0,1.22,0,0,0,0,0,1,1,0,0.89,0.10999999999999999,0.0,0.0,0.0,0.0,1.22,YC_BOOST,Yield curve positive AND steepening (YC only); exposure 1.22x.
2010-02-19,1.0,1.4,1,1,0,0,0,0,1,0,0.8,0.19999999999999996,0.0,0.0,0.0,0.0,1.4,DUAL_BOOST,Calm-uptrend AND yield-curve steepening both fire; exposure 1.40x (highest conviction).
2010-02-26,1.0,1.4,1,1,0,0,0,0,1,0,0.8,0.19999999999999996,0.0,0.0,0.0,0.0,1.4,DUAL_BOOST,Calm-uptrend AND yield-curve steepening both fire; exposure 1.40x (highest conviction).
2010-03-05,1.0,1.4,1,1,0,0,0,0,1,0,0.8,0.19999999999999996,0.0,0.0,0.0,0.0,1.4,DUAL_BOOST,Calm-uptrend AND yield-curve steepening both fire; exposure 1.40x (highest conviction).
2010-03-12,1.0,1.4,1,1,0,0,0,0,1,0,0.8,0.19999999999999996,0.0,0.0,0.0,0.0,1.4,DUAL_BOOST,Calm-uptrend AND yield-curve steepening both fire; exposure 1.40x (highest conviction).
2010-03-19,1.0,1.0,1,0,1,1,0,0,0,0,1.0,0.0,0.0,0.0,0.0,0.0,1.0,CALM_BULL_NEUTRAL,Weak CB-only conditions met; kept neutral at 1.00x.
2010-03-26,1.0,1.0,1,0,1,1,0,0,0,0,1.0,0.0,0.0,0.0,0.0,0.0,1.0,CALM_BULL_NEUTRAL,Weak CB-only conditions met; kept neutral at 1.00x.
2010-04-02,1.0,1.4,1,1,0,0,0,0,1,0,0.8,0.19999999999999996,0.0,0.0,0.0,0.0,1.4,DUAL_BOOST,Calm-uptrend AND yield-curve steepening both fire; exposure 1.40x (highest conviction).
2010-04-09,1.0,1.0,1,0,1,1,0,0,0,0,1.0,0.0,0.0,0.0,0.0,0.0,1.0,CALM_BULL_NEUTRAL,Weak CB-only conditions met; kept neutral at 1.00x.
2010-04-16,1.0,1.0,1,0,1,1,0,0,0,0,1.0,0.0,0.0,0.0,0.0,0.0,1.0,CALM_BULL_NEUTRAL,Weak CB-only conditions met; kept neutral at 1.00x.
2010-04-23,1.0,1.0,1,0,1,1,0,0,0,0,1.0,0.0,0.0,0.0,0.0,0.0,1.0,CALM_BULL_NEUTRAL,Weak CB-only conditions met; kept neutral at 1.00x.
2010-04-30,1.0,1.0,1,0,1,1,0,0,0,0,1.0,0.0,0.0,0.0,0.0,0.0,1.0,CALM_BULL_NEUTRAL,Weak CB-only conditions met; kept neutral at 1.00x.
2010-05-07,1.7,1.7,0,0,0,0,0,0,0,0,0.65,0.35,0.0,0.0,0.0,0.0,1.6999999999999997,LEVERAGED_LONG,V12 high-conviction leverage signal retained (dip-buy / recovery).
2010-05-14,1.3,1.3,0,0,0,0,0,0,0,0,0.85,0.15000000000000002,0.0,0.0,0.0,0.0,1.3,LEVERAGED_LONG,V12 high-conviction leverage signal retained (dip-buy / recovery).
2010-05-21,0.6,0.6,0,0,0,0,0,0,0,0,0.6,0.0,0.0,0.2,0.08000000000000002,0.12,0.6,DEFENSIVE,V12 defensive risk-control signal retained.
2010-05-28,0.6,0.6,0,0,0,0,0,0,0,0,0.6,0.0,0.0,0.2,0.08000000000000002,0.12,0.6,DEFENSIVE,V12 defensive risk-control signal retained.
2010-06-04,0.6,0.6,0,0,0,0,0,0,0,0,0.6,0.0,0.0,0.2,0.08000000000000002,0.12,0.6,DEFENSIVE,V12 defensive risk-control signal retained.
2010-06-11,0.6,0.6,0,0,0,0,0,0,0,0,0.6,0.0,0.0,0.2,0.08000000000000002,0.12,0.6,DEFENSIVE,V12 defensive risk-control signal retained.
2010-06-18,1.0,1.3,0,0,0,0,0,0,0,1,0.85,0.15000000000000002,0.0,0.0,0.0,0.0,1.3,NERVOUS_MARKET,VIX >= 20 with V12 normal — elevated risk premium; exposure 1.30x.
2010-06-25,0.6,0.6,0,0,0,0,0,0,0,0,0.6,0.0,0.0,0.2,0.08000000000000002,0.12,0.6,DEFENSIVE,V12 defensive risk-control signal retained.
2010-07-02,0.6,0.6,0,0,0,0,0,0,0,0,0.6,0.0,0.0,0.2,0.08000000000000002,0.12,0.6,DEFENSIVE,V12 defensive risk-control signal retained.
2010-07-09,1.5,1.5,0,0,0,0,0,0,0,0,0.75,0.25,0.0,0.0,0.0,0.0,1.5,LEVERAGED_LONG,V12 high-conviction leverage signal retained (dip-buy / recovery).
2010-07-16,1.5,1.5,0,0,0,0,0,0,0,0,0.75,0.25,0.0,0.0,0.0,0.0,1.5,LEVERAGED_LONG,V12 high-conviction leverage signal retained (dip-buy / recovery).
2010-07-23,1.5,1.5,0,0,0,0,0,0,0,0,0.75,0.25,0.0,0.0,0.0,0.0,1.5,LEVERAGED_LONG,V12 high-conviction leverage signal retained (dip-buy / recovery).
2010-07-30,1.5,1.5,0,0,0,0,0,0,0,0,0.75,0.25,0.0,0.0,0.0,0.0,1.5,LEVERAGED_LONG,V12 high-conviction leverage signal retained (dip-buy / recovery).
2010-08-06,1.5,1.5,0,0,0,0,0,0,0,0,0.75,0.25,0.0,0.0,0.0,0.0,1.5,LEVERAGED_LONG,V12 high-conviction leverage signal retained (dip-buy / recovery).
2010-08-13,1.5,1.5,0,0,0,0,0,0,0,0,0.75,0.25,0.0,0.0,0.0,0.0,1.5,LEVERAGED_LONG,V12 high-conviction leverage signal retained (dip-buy / recovery).
2010-08-20,1.5,1.5,0,0,0,0,0,0,0,0,0.75,0.25,0.0,0.0,0.0,0.0,1.5,LEVERAGED_LONG,V12 high-conviction leverage signal retained (dip-buy / recovery).
2010-08-27,1.5,1.5,0,0,0,0,0,0,0,0,0.75,0.25,0.0,0.0,0.0,0.0,1.5,LEVERAGED_LONG,V12 high-conviction leverage signal retained (dip-buy / recovery).
2010-09-03,1.5,1.5,0,0,0,0,0,0,0,0,0.75,0.25,0.0,0.0,0.0,0.0,1.5,LEVERAGED_LONG,V12 high-conviction leverage signal retained (dip-buy / recovery).
2010-09-10,1.5,1.5,0,0,0,0,0,0,0,0,0.75,0.25,0.0,0.0,0.0,0.0,1.5,LEVERAGED_LONG,V12 high-conviction leverage signal retained (dip-buy / recovery).
2010-09-17,1.5,1.5,0,0,0,0,0,0,0,0,0.75,0.25,0.0,0.0,0.0,0.0,1.5,LEVERAGED_LONG,V12 high-conviction leverage signal retained (dip-buy / recovery).
2010-09-24,1.5,1.5,0,0,0,0,0,0,0,0,0.75,0.25,0.0,0.0,0.0,0.0,1.5,LEVERAGED_LONG,V12 high-conviction leverage signal retained (dip-buy / recovery).
2010-10-01,1.5,1.5,0,0,0,0,0,0,0,0,0.75,0.25,0.0,0.0,0.0,0.0,1.5,LEVERAGED_LONG,V12 high-conviction leverage signal retained (dip-buy / recovery).
2010-10-08,1.0,1.3,0,0,0,0,0,0,0,1,0.85,0.15000000000000002,0.0,0.0,0.0,0.0,1.3,NERVOUS_MARKET,VIX >= 20 with V12 normal — elevated risk premium; exposure 1.30x.
2010-10-15,1.0,1.0,0,0,0,0,0,0,0,0,1.0,0.0,0.0,0.0,0.0,0.0,1.0,NORMAL,No high-conviction trigger; baseline 100% SPY.
2010-10-22,1.0,1.0,0,0,0,0,0,0,0,0,1.0,0.0,0.0,0.0,0.0,0.0,1.0,NORMAL,No high-conviction trigger; baseline 100% SPY.
2010-10-29,1.0,1.3,0,0,0,0,0,0,0,1,0.85,0.15000000000000002,0.0,0.0,0.0,0.0,1.3,NERVOUS_MARKET,VIX >= 20 with V12 normal — elevated risk premium; exposure 1.30x.
2010-11-05,1.0,1.0,1,0,1,1,0,0,0,0,1.0,0.0,0.0,0.0,0.0,0.0,1.0,CALM_BULL_NEUTRAL,Weak CB-only conditions met; kept neutral at 1.00x.
2010-11-12,1.0,1.4,1,1,0,0,0,0,1,0,0.8,0.19999999999999996,0.0,0.0,0.0,0.0,1.4,DUAL_BOOST,Calm-uptrend AND yield-curve steepening both fire; exposure 1.40x (highest conviction).
2010-11-19,1.0,1.4,1,1,0,0,0,0,1,0,0.8,0.19999999999999996,0.0,0.0,0.0,0.0,1.4,DUAL_BOOST,Calm-uptrend AND yield-curve steepening both fire; exposure 1.40x (highest conviction).
2010-11-26,1.0,1.4,1,1,0,0,0,0,1,0,0.8,0.19999999999999996,0.0,0.0,0.0,0.0,1.4,DUAL_BOOST,Calm-uptrend AND yield-curve steepening both fire; exposure 1.40x (highest conviction).
2010-12-03,1.0,1.4,1,1,0,0,0,0,1,0,0.8,0.19999999999999996,0.0,0.0,0.0,0.0,1.4,DUAL_BOOST,Calm-uptrend AND yield-curve steepening both fire; exposure 1.40x (highest conviction).
2010-12-10,1.0,1.4,1,1,0,0,0,0,1,0,0.8,0.19999999999999996,0.0,0.0,0.0,0.0,1.4,DUAL_BOOST,Calm-uptrend AND yield-curve steepening both fire; exposure 1.40x (highest conviction).
2010-12-17,1.0,1.4,1,1,0,0,0,0,1,0,0.8,0.19999999999999996,0.0,0.0,0.0,0.0,1.4,DUAL_BOOST,Calm-uptrend AND yield-curve steepening both fire; exposure 1.40x (highest conviction).
2010-12-24,1.0,1.4,1,1,0,0,0,0,1,0,0.8,0.19999999999999996,0.0,0.0,0.0,0.0,1.4,DUAL_BOOST,Calm-uptrend AND yield-curve steepening both fire; exposure 1.40x (highest conviction).
2010-12-31,1.0,1.4,1,1,0,0,0,0,1,0,0.8,0.19999999999999996,0.0,0.0,0.0,0.0,1.4,DUAL_BOOST,Calm-uptrend AND yield-curve steepening both fire; exposure 1.40x (highest conviction).
2011-01-07,1.0,1.4,1,1,0,0,0,0,1,0,0.8,0.19999999999999996,0.0,0.0,0.0,0.0,1.4,DUAL_BOOST,Calm-uptrend AND yield-curve steepening both fire; exposure 1.40x (highest conviction).
2011-01-14,1.0,1.4,1,1,0,0,0,0,1,0,0.8,0.19999999999999996,0.0,0.0,0.0,0.0,1.4,DUAL_BOOST,Calm-uptrend AND yield-curve steepening both fire; exposure 1.40x (highest conviction).
2011-01-21,1.0,1.4,1,1,0,0,0,0,1,0,0.8,0.19999999999999996,0.0,0.0,0.0,0.0,1.4,DUAL_BOOST,Calm-uptrend AND yield-curve steepening both fire; exposure 1.40x (highest conviction).
2011-01-28,1.0,1.4,1,1,0,0,0,0,1,0,0.8,0.19999999999999996,0.0,0.0,0.0,0.0,1.4,DUAL_BOOST,Calm-uptrend AND yield-curve steepening both fire; exposure 1.40x (highest conviction).
2011-02-04,1.0,1.4,1,1,0,0,0,0,1,0,0.8,0.19999999999999996,0.0,0.0,0.0,0.0,1.4,DUAL_BOOST,Calm-uptrend AND yield-curve steepening both fire; exposure 1.40x (highest conviction).
2011-02-11,1.0,1.4,1,1,0,0,0,0,1,0,0.8,0.19999999999999996,0.0,0.0,0.0,0.0,1.4,DUAL_BOOST,Calm-uptrend AND yield-curve steepening both fire; exposure 1.40x (highest conviction).
2011-02-18,1.0,1.4,1,1,0,0,0,0,1,0,0.8,0.19999999999999996,0.0,0.0,0.0,0.0,1.4,DUAL_BOOST,Calm-uptrend AND yield-curve steepening both fire; exposure 1.40x (highest conviction).
2011-02-25,1.0,1.4,1,1,0,0,0,0,1,0,0.8,0.19999999999999996,0.0,0.0,0.0,0.0,1.4,DUAL_BOOST,Calm-uptrend AND yield-curve steepening both fire; exposure 1.40x (highest conviction).
2011-03-04,1.0,1.4,1,1,0,0,0,0,1,0,0.8,0.19999999999999996,0.0,0.0,0.0,0.0,1.4,DUAL_BOOST,Calm-uptrend AND yield-curve steepening both fire; exposure 1.40x (highest conviction).
2011-03-11,1.0,1.4,1,1,0,0,0,0,1,0,0.8,0.19999999999999996,0.0,0.0,0.0,0.0,1.4,DUAL_BOOST,Calm-uptrend AND yield-curve steepening both fire; exposure 1.40x (highest conviction).
2011-03-18,1.0,1.3,0,0,0,0,0,0,0,1,0.85,0.15000000000000002,0.0,0.0,0.0,0.0,1.3,NERVOUS_MARKET,VIX >= 20 with V12 normal — elevated risk premium; exposure 1.30x.
2011-03-25,1.0,1.0,1,0,1,1,0,0,0,0,1.0,0.0,0.0,0.0,0.0,0.0,1.0,CALM_BULL_NEUTRAL,Weak CB-only conditions met; kept neutral at 1.00x.
2011-04-01,1.0,1.0,1,0,1,1,0,0,0,0,1.0,0.0,0.0,0.0,0.0,0.0,1.0,CALM_BULL_NEUTRAL,Weak CB-only conditions met; kept neutral at 1.00x.
2011-04-08,1.0,1.4,1,1,0,0,0,0,1,0,0.8,0.19999999999999996,0.0,0.0,0.0,0.0,1.4,DUAL_BOOST,Calm-uptrend AND yield-curve steepening both fire; exposure 1.40x (highest conviction).
2011-04-15,1.0,1.0,1,0,1,1,0,0,0,0,1.0,0.0,0.0,0.0,0.0,0.0,1.0,CALM_BULL_NEUTRAL,Weak CB-only conditions met; kept neutral at 1.00x.
2011-04-22,1.0,1.0,1,0,1,1,0,0,0,0,1.0,0.0,0.0,0.0,0.0,0.0,1.0,CALM_BULL_NEUTRAL,Weak CB-only conditions met; kept neutral at 1.00x.
2011-04-29,1.0,1.0,1,0,1,1,0,0,0,0,1.0,0.0,0.0,0.0,0.0,0.0,1.0,CALM_BULL_NEUTRAL,Weak CB-only conditions met; kept neutral at 1.00x.
2011-05-06,1.0,1.0,1,0,1,1,0,0,0,0,1.0,0.0,0.0,0.0,0.0,0.0,1.0,CALM_BULL_NEUTRAL,Weak CB-only conditions met; kept neutral at 1.00x.
2011-05-13,1.0,1.0,1,0,1,1,0,0,0,0,1.0,0.0,0.0,0.0,0.0,0.0,1.0,CALM_BULL_NEUTRAL,Weak CB-only conditions met; kept neutral at 1.00x.
2011-05-20,1.0,1.0,0,0,0,0,0,0,0,0,1.0,0.0,0.0,0.0,0.0,0.0,1.0,NORMAL,No high-conviction trigger; baseline 100% SPY.
2011-05-27,1.0,1.0,1,0,1,1,0,0,0,0,1.0,0.0,0.0,0.0,0.0,0.0,1.0,CALM_BULL_NEUTRAL,Weak CB-only conditions met; kept neutral at 1.00x.
2011-06-03,1.0,1.0,0,0,0,0,0,0,0,0,1.0,0.0,0.0,0.0,0.0,0.0,1.0,NORMAL,No high-conviction trigger; baseline 100% SPY.
2011-06-10,1.0,1.0,0,0,0,0,0,0,0,0,1.0,0.0,0.0,0.0,0.0,0.0,1.0,NORMAL,No high-conviction trigger; baseline 100% SPY.
2011-06-17,1.3,1.3,0,0,0,0,0,0,0,0,0.85,0.15000000000000002,0.0,0.0,0.0,0.0,1.3,LEVERAGED_LONG,V12 high-conviction leverage signal retained (dip-buy / recovery).
2011-06-24,1.3,1.3,0,0,0,0,0,0,0,0,0.85,0.15000000000000002,0.0,0.0,0.0,0.0,1.3,LEVERAGED_LONG,V12 high-conviction leverage signal retained (dip-buy / recovery).
2011-07-01,1.0,1.4,1,1,0,0,0,0,1,0,0.8,0.19999999999999996,0.0,0.0,0.0,0.0,1.4,DUAL_BOOST,Calm-uptrend AND yield-curve steepening both fire; exposure 1.40x (highest conviction).
2011-07-08,1.0,1.0,1,0,1,1,0,0,0,0,1.0,0.0,0.0,0.0,0.0,0.0,1.0,CALM_BULL_NEUTRAL,Weak CB-only conditions met; kept neutral at 1.00x.
2011-07-15,1.0,1.0,0,0,0,0,0,0,0,0,1.0,0.0,0.0,0.0,0.0,0.0,1.0,NORMAL,No high-conviction trigger; baseline 100% SPY.
2011-07-22,1.0,1.0,1,0,1,1,0,0,0,0,1.0,0.0,0.0,0.0,0.0,0.0,1.0,CALM_BULL_NEUTRAL,Weak CB-only conditions met; kept neutral at 1.00x.
2011-07-29,1.3,1.3,0,0,0,0,0,0,0,0,0.85,0.15000000000000002,0.0,0.0,0.0,0.0,1.3,LEVERAGED_LONG,V12 high-conviction leverage signal retained (dip-buy / recovery).
2011-08-05,0.6,0.6,0,0,0,0,0,0,0,0,0.6,0.0,0.0,0.2,0.08000000000000002,0.12,0.6,DEFENSIVE,V12 defensive risk-control signal retained.
2011-08-12,0.6,0.6,0,0,0,0,0,0,0,0,0.6,0.0,0.0,0.2,0.08000000000000002,0.12,0.6,DEFENSIVE,V12 defensive risk-control signal retained.
2011-08-19,0.6,0.6,0,0,0,0,0,0,0,0,0.6,0.0,0.0,0.2,0.08000000000000002,0.12,0.6,DEFENSIVE,V12 defensive risk-control signal retained.
2011-08-26,0.6,0.6,0,0,0,0,0,0,0,0,0.6,0.0,0.0,0.2,0.08000000000000002,0.12,0.6,DEFENSIVE,V12 defensive risk-control signal retained.
2011-09-02,1.7,1.7,0,0,0,0,0,0,0,0,0.65,0.35,0.0,0.0,0.0,0.0,1.6999999999999997,LEVERAGED_LONG,V12 high-conviction leverage signal retained (dip-buy / recovery).
2011-09-09,1.7,1.7,0,0,0,0,0,0,0,0,0.65,0.35,0.0,0.0,0.0,0.0,1.6999999999999997,LEVERAGED_LONG,V12 high-conviction leverage signal retained (dip-buy / recovery).
2011-09-16,1.7,1.7,0,0,0,0,0,0,0,0,0.65,0.35,0.0,0.0,0.0,0.0,1.6999999999999997,LEVERAGED_LONG,V12 high-conviction leverage signal retained (dip-buy / recovery).
2011-09-23,1.7,1.7,0,0,0,0,0,0,0,0,0.65,0.35,0.0,0.0,0.0,0.0,1.6999999999999997,LEVERAGED_LONG,V12 high-conviction leverage signal retained (dip-buy / recovery).
2011-09-30,1.5,1.5,0,0,0,0,0,0,0,0,0.75,0.25,0.0,0.0,0.0,0.0,1.5,LEVERAGED_LONG,V12 high-conviction leverage signal retained (dip-buy / recovery).
2011-10-07,1.7,1.7,0,0,0,0,0,0,0,0,0.65,0.35,0.0,0.0,0.0,0.0,1.6999999999999997,LEVERAGED_LONG,V12 high-conviction leverage signal retained (dip-buy / recovery).
2011-10-14,1.7,1.7,0,0,0,0,0,0,0,0,0.65,0.35,0.0,0.0,0.0,0.0,1.6999999999999997,LEVERAGED_LONG,V12 high-conviction leverage signal retained (dip-buy / recovery).
2011-10-21,1.7,1.7,0,0,0,0,0,0,0,0,0.65,0.35,0.0,0.0,0.0,0.0,1.6999999999999997,LEVERAGED_LONG,V12 high-conviction leverage signal retained (dip-buy / recovery).
2011-10-28,1.7,1.7,0,0,0,0,0,0,0,0,0.65,0.35,0.0,0.0,0.0,0.0,1.6999999999999997,LEVERAGED_LONG,V12 high-conviction leverage signal retained (dip-buy / recovery).
2011-11-04,1.7,1.7,0,0,0,0,0,0,0,0,0.65,0.35,0.0,0.0,0.0,0.0,1.6999999999999997,LEVERAGED_LONG,V12 high-conviction leverage signal retained (dip-buy / recovery).
2011-11-11,1.5,1.5,0,0,0,0,0,0,0,0,0.75,0.25,0.0,0.0,0.0,0.0,1.5,LEVERAGED_LONG,V12 high-conviction leverage signal retained (dip-buy / recovery).
2011-11-18,1.5,1.5,0,0,0,0,0,0,0,0,0.75,0.25,0.0,0.0,0.0,0.0,1.5,LEVERAGED_LONG,V12 high-conviction leverage signal retained (dip-buy / recovery).
2011-11-25,1.5,1.5,0,0,0,0,0,0,0,0,0.75,0.25,0.0,0.0,0.0,0.0,1.5,LEVERAGED_LONG,V12 high-conviction leverage signal retained (dip-buy / recovery).
2011-12-02,1.7,1.7,0,0,0,0,0,0,0,0,0.65,0.35,0.0,0.0,0.0,0.0,1.6999999999999997,LEVERAGED_LONG,V12 high-conviction leverage signal retained (dip-buy / recovery).
2011-12-09,1.7,1.7,0,0,0,0,0,0,1,0,0.65,0.35,0.0,0.0,0.0,0.0,1.6999999999999997,LEVERAGED_LONG,V12 high-conviction leverage signal retained (dip-buy / recovery).
2011-12-16,1.7,1.7,0,0,0,0,0,0,0,0,0.65,0.35,0.0,0.0,0.0,0.0,1.6999999999999997,LEVERAGED_LONG,V12 high-conviction leverage signal retained (dip-buy / recovery).
2011-12-23,1.7,1.7,0,0,0,0,0,0,1,0,0.65,0.35,0.0,0.0,0.0,0.0,1.6999999999999997,LEVERAGED_LONG,V12 high-conviction leverage signal retained (dip-buy / recovery).
2011-12-30,1.0,1.3,0,0,0,0,0,0,0,1,0.85,0.15000000000000002,0.0,0.0,0.0,0.0,1.3,NERVOUS_MARKET,VIX >= 20 with V12 normal — elevated risk premium; exposure 1.30x.
2012-01-06,1.0,1.3,0,0,0,0,0,0,0,1,0.85,0.15000000000000002,0.0,0.0,0.0,0.0,1.3,NERVOUS_MARKET,VIX >= 20 with V12 normal — elevated risk premium; exposure 1.30x.
2012-01-13,1.0,1.3,0,0,0,0,0,0,0,1,0.85,0.15000000000000002,0.0,0.0,0.0,0.0,1.3,NERVOUS_MARKET,VIX >= 20 with V12 normal — elevated risk premium; exposure 1.30x.
2012-01-20,1.0,1.0,0,0,0,0,0,0,0,0,1.0,0.0,0.0,0.0,0.0,0.0,1.0,NORMAL,No high-conviction trigger; baseline 100% SPY.
2012-01-27,1.0,1.0,0,0,0,0,0,0,0,0,1.0,0.0,0.0,0.0,0.0,0.0,1.0,NORMAL,No high-conviction trigger; baseline 100% SPY.
2012-02-03,1.0,1.0,0,0,0,0,0,0,0,0,1.0,0.0,0.0,0.0,0.0,0.0,1.0,NORMAL,No high-conviction trigger; baseline 100% SPY.
2012-02-10,1.0,1.3,0,0,0,0,0,0,0,1,0.85,0.15000000000000002,0.0,0.0,0.0,0.0,1.3,NERVOUS_MARKET,VIX >= 20 with V12 normal — elevated risk premium; exposure 1.30x.
2012-02-17,1.0,1.0,0,0,0,0,0,0,0,0,1.0,0.0,0.0,0.0,0.0,0.0,1.0,NORMAL,No high-conviction trigger; baseline 100% SPY.
2012-02-24,1.0,1.0,0,0,0,0,0,0,0,0,1.0,0.0,0.0,0.0,0.0,0.0,1.0,NORMAL,No high-conviction trigger; baseline 100% SPY.
2012-03-02,1.0,1.0,0,0,0,0,0,0,0,0,1.0,0.0,0.0,0.0,0.0,0.0,1.0,NORMAL,No high-conviction trigger; baseline 100% SPY.
2012-03-09,1.0,1.0,0,0,0,0,0,0,0,0,1.0,0.0,0.0,0.0,0.0,0.0,1.0,NORMAL,No high-conviction trigger; baseline 100% SPY.
2012-03-16,1.0,1.22,0,0,0,0,0,1,1,0,0.89,0.10999999999999999,0.0,0.0,0.0,0.0,1.22,YC_BOOST,Yield curve positive AND steepening (YC only); exposure 1.22x.
2012-03-23,1.0,1.4,1,1,0,0,0,0,1,0,0.8,0.19999999999999996,0.0,0.0,0.0,0.0,1.4,DUAL_BOOST,Calm-uptrend AND yield-curve steepening both fire; exposure 1.40x (highest conviction).
2012-03-30,1.0,1.4,1,1,0,0,0,0,1,0,0.8,0.19999999999999996,0.0,0.0,0.0,0.0,1.4,DUAL_BOOST,Calm-uptrend AND yield-curve steepening both fire; exposure 1.40x (highest conviction).
2012-04-06,1.0,1.4,1,1,0,0,0,0,1,0,0.8,0.19999999999999996,0.0,0.0,0.0,0.0,1.4,DUAL_BOOST,Calm-uptrend AND yield-curve steepening both fire; exposure 1.40x (highest conviction).
2012-04-13,1.0,1.4,1,1,0,0,0,0,1,0,0.8,0.19999999999999996,0.0,0.0,0.0,0.0,1.4,DUAL_BOOST,Calm-uptrend AND yield-curve steepening both fire; exposure 1.40x (highest conviction).
2012-04-20,1.0,1.0,1,0,1,1,0,0,0,0,1.0,0.0,0.0,0.0,0.0,0.0,1.0,CALM_BULL_NEUTRAL,Weak CB-only conditions met; kept neutral at 1.00x.
2012-04-27,1.0,1.0,1,0,1,1,0,0,0,0,1.0,0.0,0.0,0.0,0.0,0.0,1.0,CALM_BULL_NEUTRAL,Weak CB-only conditions met; kept neutral at 1.00x.
2012-05-04,1.0,1.0,1,0,1,1,0,0,0,0,1.0,0.0,0.0,0.0,0.0,0.0,1.0,CALM_BULL_NEUTRAL,Weak CB-only conditions met; kept neutral at 1.00x.
2012-05-11,1.0,1.0,1,0,1,1,0,0,0,0,1.0,0.0,0.0,0.0,0.0,0.0,1.0,CALM_BULL_NEUTRAL,Weak CB-only conditions met; kept neutral at 1.00x.
2012-05-18,1.0,1.3,0,0,0,0,0,0,0,1,0.85,0.15000000000000002,0.0,0.0,0.0,0.0,1.3,NERVOUS_MARKET,VIX >= 20 with V12 normal — elevated risk premium; exposure 1.30x.
2012-05-25,1.0,1.3,0,0,0,0,0,0,0,1,0.85,0.15000000000000002,0.0,0.0,0.0,0.0,1.3,NERVOUS_MARKET,VIX >= 20 with V12 normal — elevated risk premium; exposure 1.30x.
2012-06-01,0.6,0.6,0,0,0,0,0,0,0,0,0.6,0.0,0.0,0.2,0.08000000000000002,0.12,0.6,DEFENSIVE,V12 defensive risk-control signal retained.
2012-06-08,1.0,1.3,0,0,0,0,0,0,0,1,0.85,0.15000000000000002,0.0,0.0,0.0,0.0,1.3,NERVOUS_MARKET,VIX >= 20 with V12 normal — elevated risk premium; exposure 1.30x.
2012-06-15,1.0,1.3,0,0,0,0,0,0,0,1,0.85,0.15000000000000002,0.0,0.0,0.0,0.0,1.3,NERVOUS_MARKET,VIX >= 20 with V12 normal — elevated risk premium; exposure 1.30x.
2012-06-22,1.0,1.0,0,0,0,0,0,0,0,0,1.0,0.0,0.0,0.0,0.0,0.0,1.0,NORMAL,No high-conviction trigger; baseline 100% SPY.
2012-06-29,1.0,1.0,0,0,0,0,0,0,0,0,1.0,0.0,0.0,0.0,0.0,0.0,1.0,NORMAL,No high-conviction trigger; baseline 100% SPY.
2012-07-06,1.0,1.0,0,0,0,0,0,0,0,0,1.0,0.0,0.0,0.0,0.0,0.0,1.0,NORMAL,No high-conviction trigger; baseline 100% SPY.
2012-07-13,1.0,1.0,0,0,0,0,0,0,0,0,1.0,0.0,0.0,0.0,0.0,0.0,1.0,NORMAL,No high-conviction trigger; baseline 100% SPY.
2012-07-20,1.0,1.0,0,0,0,0,0,0,0,0,1.0,0.0,0.0,0.0,0.0,0.0,1.0,NORMAL,No high-conviction trigger; baseline 100% SPY.
2012-07-27,1.0,1.0,0,0,0,0,0,0,0,0,1.0,0.0,0.0,0.0,0.0,0.0,1.0,NORMAL,No high-conviction trigger; baseline 100% SPY.
2012-08-03,1.0,1.0,1,0,1,1,0,0,0,0,1.0,0.0,0.0,0.0,0.0,0.0,1.0,CALM_BULL_NEUTRAL,Weak CB-only conditions met; kept neutral at 1.00x.
2012-08-10,1.0,1.0,1,0,1,1,0,0,0,0,1.0,0.0,0.0,0.0,0.0,0.0,1.0,CALM_BULL_NEUTRAL,Weak CB-only conditions met; kept neutral at 1.00x.
2012-08-17,1.0,1.4,1,1,0,0,0,0,1,0,0.8,0.19999999999999996,0.0,0.0,0.0,0.0,1.4,DUAL_BOOST,Calm-uptrend AND yield-curve steepening both fire; exposure 1.40x (highest conviction).
2012-08-24,1.0,1.0,1,0,1,1,0,0,0,0,1.0,0.0,0.0,0.0,0.0,0.0,1.0,CALM_BULL_NEUTRAL,Weak CB-only conditions met; kept neutral at 1.00x.
2012-08-31,1.0,1.4,1,1,0,0,0,0,1,0,0.8,0.19999999999999996,0.0,0.0,0.0,0.0,1.4,DUAL_BOOST,Calm-uptrend AND yield-curve steepening both fire; exposure 1.40x (highest conviction).
2012-09-07,1.0,1.4,1,1,0,0,0,0,1,0,0.8,0.19999999999999996,0.0,0.0,0.0,0.0,1.4,DUAL_BOOST,Calm-uptrend AND yield-curve steepening both fire; exposure 1.40x (highest conviction).
2012-09-14,1.0,1.4,1,1,0,0,0,0,1,0,0.8,0.19999999999999996,0.0,0.0,0.0,0.0,1.4,DUAL_BOOST,Calm-uptrend AND yield-curve steepening both fire; exposure 1.40x (highest conviction).
2012-09-21,1.0,1.4,1,1,0,0,0,0,1,0,0.8,0.19999999999999996,0.0,0.0,0.0,0.0,1.4,DUAL_BOOST,Calm-uptrend AND yield-curve steepening both fire; exposure 1.40x (highest conviction).
2012-09-28,1.0,1.4,1,1,0,0,0,0,1,0,0.8,0.19999999999999996,0.0,0.0,0.0,0.0,1.4,DUAL_BOOST,Calm-uptrend AND yield-curve steepening both fire; exposure 1.40x (highest conviction).
2012-10-05,1.0,1.4,1,1,0,0,0,0,1,0,0.8,0.19999999999999996,0.0,0.0,0.0,0.0,1.4,DUAL_BOOST,Calm-uptrend AND yield-curve steepening both fire; exposure 1.40x (highest conviction).
2012-10-12,1.0,1.4,1,1,0,0,0,0,1,0,0.8,0.19999999999999996,0.0,0.0,0.0,0.0,1.4,DUAL_BOOST,Calm-uptrend AND yield-curve steepening both fire; exposure 1.40x (highest conviction).
2012-10-19,1.0,1.4,1,1,0,0,0,0,1,0,0.8,0.19999999999999996,0.0,0.0,0.0,0.0,1.4,DUAL_BOOST,Calm-uptrend AND yield-curve steepening both fire; exposure 1.40x (highest conviction).
2012-10-26,1.0,1.4,1,1,0,0,0,0,1,0,0.8,0.19999999999999996,0.0,0.0,0.0,0.0,1.4,DUAL_BOOST,Calm-uptrend AND yield-curve steepening both fire; exposure 1.40x (highest conviction).
2012-11-02,1.0,1.4,1,1,0,0,0,0,1,0,0.8,0.19999999999999996,0.0,0.0,0.0,0.0,1.4,DUAL_BOOST,Calm-uptrend AND yield-curve steepening both fire; exposure 1.40x (highest conviction).
2012-11-09,1.0,1.0,0,0,0,0,0,0,0,0,1.0,0.0,0.0,0.0,0.0,0.0,1.0,NORMAL,No high-conviction trigger; baseline 100% SPY.
2012-11-16,0.6,0.6,0,0,0,0,0,0,0,0,0.6,0.0,0.0,0.2,0.08000000000000002,0.12,0.6,DEFENSIVE,V12 defensive risk-control signal retained.
2012-11-23,1.0,1.4,1,1,0,0,0,0,1,0,0.8,0.19999999999999996,0.0,0.0,0.0,0.0,1.4,DUAL_BOOST,Calm-uptrend AND yield-curve steepening both fire; exposure 1.40x (highest conviction).
2012-11-30,1.0,1.4,1,1,0,0,0,0,1,0,0.8,0.19999999999999996,0.0,0.0,0.0,0.0,1.4,DUAL_BOOST,Calm-uptrend AND yield-curve steepening both fire; exposure 1.40x (highest conviction).
2012-12-07,1.0,1.0,0,0,0,0,0,0,0,0,1.0,0.0,0.0,0.0,0.0,0.0,1.0,NORMAL,No high-conviction trigger; baseline 100% SPY.
2012-12-14,1.0,1.0,0,0,0,0,0,0,0,0,1.0,0.0,0.0,0.0,0.0,0.0,1.0,NORMAL,No high-conviction trigger; baseline 100% SPY.
2012-12-21,1.0,1.22,0,0,0,0,0,1,1,0,0.89,0.10999999999999999,0.0,0.0,0.0,0.0,1.22,YC_BOOST,Yield curve positive AND steepening (YC only); exposure 1.22x.
2012-12-28,1.0,1.22,0,0,0,0,0,1,1,0,0.89,0.10999999999999999,0.0,0.0,0.0,0.0,1.22,YC_BOOST,Yield curve positive AND steepening (YC only); exposure 1.22x.
2013-01-04,1.0,1.4,1,1,0,0,0,0,1,0,0.8,0.19999999999999996,0.0,0.0,0.0,0.0,1.4,DUAL_BOOST,Calm-uptrend AND yield-curve steepening both fire; exposure 1.40x (highest conviction).
2013-01-11,1.0,1.4,1,1,0,0,0,0,1,0,0.8,0.19999999999999996,0.0,0.0,0.0,0.0,1.4,DUAL_BOOST,Calm-uptrend AND yield-curve steepening both fire; exposure 1.40x (highest conviction).
2013-01-18,1.0,1.4,1,1,0,0,0,0,1,0,0.8,0.19999999999999996,0.0,0.0,0.0,0.0,1.4,DUAL_BOOST,Calm-uptrend AND yield-curve steepening both fire; exposure 1.40x (highest conviction).
2013-01-25,1.0,1.4,1,1,0,0,0,0,1,0,0.8,0.19999999999999996,0.0,0.0,0.0,0.0,1.4,DUAL_BOOST,Calm-uptrend AND yield-curve steepening both fire; exposure 1.40x (highest conviction).
2013-02-01,1.0,1.4,1,1,0,0,0,0,1,0,0.8,0.19999999999999996,0.0,0.0,0.0,0.0,1.4,DUAL_BOOST,Calm-uptrend AND yield-curve steepening both fire; exposure 1.40x (highest conviction).
2013-02-08,1.0,1.4,1,1,0,0,0,0,1,0,0.8,0.19999999999999996,0.0,0.0,0.0,0.0,1.4,DUAL_BOOST,Calm-uptrend AND yield-curve steepening both fire; exposure 1.40x (highest conviction).
2013-02-15,1.0,1.4,1,1,0,0,0,0,1,0,0.8,0.19999999999999996,0.0,0.0,0.0,0.0,1.4,DUAL_BOOST,Calm-uptrend AND yield-curve steepening both fire; exposure 1.40x (highest conviction).
2013-02-22,1.0,1.4,1,1,0,0,0,0,1,0,0.8,0.19999999999999996,0.0,0.0,0.0,0.0,1.4,DUAL_BOOST,Calm-uptrend AND yield-curve steepening both fire; exposure 1.40x (highest conviction).
2013-03-01,1.0,1.4,1,1,0,0,0,0,1,0,0.8,0.19999999999999996,0.0,0.0,0.0,0.0,1.4,DUAL_BOOST,Calm-uptrend AND yield-curve steepening both fire; exposure 1.40x (highest conviction).
2013-03-08,1.0,1.4,1,1,0,0,0,0,1,0,0.8,0.19999999999999996,0.0,0.0,0.0,0.0,1.4,DUAL_BOOST,Calm-uptrend AND yield-curve steepening both fire; exposure 1.40x (highest conviction).
2013-03-15,1.0,1.4,1,1,0,0,0,0,1,0,0.8,0.19999999999999996,0.0,0.0,0.0,0.0,1.4,DUAL_BOOST,Calm-uptrend AND yield-curve steepening both fire; exposure 1.40x (highest conviction).
2013-03-22,1.0,1.4,1,1,0,0,0,0,1,0,0.8,0.19999999999999996,0.0,0.0,0.0,0.0,1.4,DUAL_BOOST,Calm-uptrend AND yield-curve steepening both fire; exposure 1.40x (highest conviction).
2013-03-29,1.0,1.4,1,1,0,0,0,0,1,0,0.8,0.19999999999999996,0.0,0.0,0.0,0.0,1.4,DUAL_BOOST,Calm-uptrend AND yield-curve steepening both fire; exposure 1.40x (highest conviction).
2013-04-05,1.0,1.0,1,0,1,1,0,0,0,0,1.0,0.0,0.0,0.0,0.0,0.0,1.0,CALM_BULL_NEUTRAL,Weak CB-only conditions met; kept neutral at 1.00x.
2013-04-12,1.0,1.0,1,0,1,1,0,0,0,0,1.0,0.0,0.0,0.0,0.0,0.0,1.0,CALM_BULL_NEUTRAL,Weak CB-only conditions met; kept neutral at 1.00x.
2013-04-19,1.0,1.0,1,0,1,1,0,0,0,0,1.0,0.0,0.0,0.0,0.0,0.0,1.0,CALM_BULL_NEUTRAL,Weak CB-only conditions met; kept neutral at 1.00x.
2013-04-26,1.0,1.0,1,0,1,1,0,0,0,0,1.0,0.0,0.0,0.0,0.0,0.0,1.0,CALM_BULL_NEUTRAL,Weak CB-only conditions met; kept neutral at 1.00x.
2013-05-03,1.0,1.0,1,0,1,1,0,0,0,0,1.0,0.0,0.0,0.0,0.0,0.0,1.0,CALM_BULL_NEUTRAL,Weak CB-only conditions met; kept neutral at 1.00x.
2013-05-10,1.0,1.0,1,0,1,1,0,0,0,0,1.0,0.0,0.0,0.0,0.0,0.0,1.0,CALM_BULL_NEUTRAL,Weak CB-only conditions met; kept neutral at 1.00x.
2013-05-17,1.0,1.0,1,0,1,1,0,0,0,0,1.0,0.0,0.0,0.0,0.0,0.0,1.0,CALM_BULL_NEUTRAL,Weak CB-only conditions met; kept neutral at 1.00x.
2013-05-24,1.0,1.4,1,1,0,0,0,0,1,0,0.8,0.19999999999999996,0.0,0.0,0.0,0.0,1.4,DUAL_BOOST,Calm-uptrend AND yield-curve steepening both fire; exposure 1.40x (highest conviction).
2013-05-31,1.0,1.22,0,0,0,0,0,1,1,0,0.89,0.10999999999999999,0.0,0.0,0.0,0.0,1.22,YC_BOOST,Yield curve positive AND steepening (YC only); exposure 1.22x.
2013-06-07,1.0,1.4,1,1,0,0,0,0,1,0,0.8,0.19999999999999996,0.0,0.0,0.0,0.0,1.4,DUAL_BOOST,Calm-uptrend AND yield-curve steepening both fire; exposure 1.40x (highest conviction).
2013-06-14,1.0,1.22,0,0,0,0,0,1,1,0,0.89,0.10999999999999999,0.0,0.0,0.0,0.0,1.22,YC_BOOST,Yield curve positive AND steepening (YC only); exposure 1.22x.
2013-06-21,1.0,1.22,0,0,0,0,0,1,1,0,0.89,0.10999999999999999,0.0,0.0,0.0,0.0,1.22,YC_BOOST,Yield curve positive AND steepening (YC only); exposure 1.22x.
2013-06-28,1.0,1.22,0,0,0,0,0,1,1,0,0.89,0.10999999999999999,0.0,0.0,0.0,0.0,1.22,YC_BOOST,Yield curve positive AND steepening (YC only); exposure 1.22x.
2013-07-05,1.0,1.4,1,1,0,0,0,0,1,0,0.8,0.19999999999999996,0.0,0.0,0.0,0.0,1.4,DUAL_BOOST,Calm-uptrend AND yield-curve steepening both fire; exposure 1.40x (highest conviction).
2013-07-12,1.0,1.4,1,1,0,0,0,0,1,0,0.8,0.19999999999999996,0.0,0.0,0.0,0.0,1.4,DUAL_BOOST,Calm-uptrend AND yield-curve steepening both fire; exposure 1.40x (highest conviction).
2013-07-19,1.0,1.4,1,1,0,0,0,0,1,0,0.8,0.19999999999999996,0.0,0.0,0.0,0.0,1.4,DUAL_BOOST,Calm-uptrend AND yield-curve steepening both fire; exposure 1.40x (highest conviction).
2013-07-26,1.0,1.4,1,1,0,0,0,0,1,0,0.8,0.19999999999999996,0.0,0.0,0.0,0.0,1.4,DUAL_BOOST,Calm-uptrend AND yield-curve steepening both fire; exposure 1.40x (highest conviction).
2013-08-02,1.0,1.4,1,1,0,0,0,0,1,0,0.8,0.19999999999999996,0.0,0.0,0.0,0.0,1.4,DUAL_BOOST,Calm-uptrend AND yield-curve steepening both fire; exposure 1.40x (highest conviction).
2013-08-09,1.0,1.4,1,1,0,0,0,0,1,0,0.8,0.19999999999999996,0.0,0.0,0.0,0.0,1.4,DUAL_BOOST,Calm-uptrend AND yield-curve steepening both fire; exposure 1.40x (highest conviction).
2013-08-16,1.0,1.22,0,0,0,0,0,1,1,0,0.89,0.10999999999999999,0.0,0.0,0.0,0.0,1.22,YC_BOOST,Yield curve positive AND steepening (YC only); exposure 1.22x.
2013-08-23,1.0,1.4,1,1,0,0,0,0,1,0,0.8,0.19999999999999996,0.0,0.0,0.0,0.0,1.4,DUAL_BOOST,Calm-uptrend AND yield-curve steepening both fire; exposure 1.40x (highest conviction).
2013-08-30,1.0,1.22,0,0,0,0,0,1,1,0,0.89,0.10999999999999999,0.0,0.0,0.0,0.0,1.22,YC_BOOST,Yield curve positive AND steepening (YC only); exposure 1.22x.
2013-09-06,1.0,1.22,0,0,0,0,0,1,1,0,0.89,0.10999999999999999,0.0,0.0,0.0,0.0,1.22,YC_BOOST,Yield curve positive AND steepening (YC only); exposure 1.22x.
2013-09-13,1.0,1.4,1,1,0,0,0,0,1,0,0.8,0.19999999999999996,0.0,0.0,0.0,0.0,1.4,DUAL_BOOST,Calm-uptrend AND yield-curve steepening both fire; exposure 1.40x (highest conviction).
2013-09-20,1.0,1.4,1,1,0,0,0,0,1,0,0.8,0.19999999999999996,0.0,0.0,0.0,0.0,1.4,DUAL_BOOST,Calm-uptrend AND yield-curve steepening both fire; exposure 1.40x (highest conviction).
2013-09-27,1.0,1.22,0,0,0,0,0,1,1,0,0.89,0.10999999999999999,0.0,0.0,0.0,0.0,1.22,YC_BOOST,Yield curve positive AND steepening (YC only); exposure 1.22x.
2013-10-04,1.0,1.0,0,0,0,0,0,0,0,0,1.0,0.0,0.0,0.0,0.0,0.0,1.0,NORMAL,No high-conviction trigger; baseline 100% SPY.
2013-10-11,1.0,1.22,0,0,0,0,0,1,1,0,0.89,0.10999999999999999,0.0,0.0,0.0,0.0,1.22,YC_BOOST,Yield curve positive AND steepening (YC only); exposure 1.22x.
2013-10-18,1.0,1.4,1,1,0,0,0,0,1,0,0.8,0.19999999999999996,0.0,0.0,0.0,0.0,1.4,DUAL_BOOST,Calm-uptrend AND yield-curve steepening both fire; exposure 1.40x (highest conviction).
2013-10-25,1.0,1.0,1,0,1,1,0,0,0,0,1.0,0.0,0.0,0.0,0.0,0.0,1.0,CALM_BULL_NEUTRAL,Weak CB-only conditions met; kept neutral at 1.00x.
2013-11-01,1.0,1.0,1,0,1,1,0,0,0,0,1.0,0.0,0.0,0.0,0.0,0.0,1.0,CALM_BULL_NEUTRAL,Weak CB-only conditions met; kept neutral at 1.00x.
2013-11-08,1.0,1.4,1,1,0,0,0,0,1,0,0.8,0.19999999999999996,0.0,0.0,0.0,0.0,1.4,DUAL_BOOST,Calm-uptrend AND yield-curve steepening both fire; exposure 1.40x (highest conviction).
2013-11-15,1.0,1.0,1,0,1,1,0,0,0,0,1.0,0.0,0.0,0.0,0.0,0.0,1.0,CALM_BULL_NEUTRAL,Weak CB-only conditions met; kept neutral at 1.00x.
2013-11-22,1.0,1.4,1,1,0,0,0,0,1,0,0.8,0.19999999999999996,0.0,0.0,0.0,0.0,1.4,DUAL_BOOST,Calm-uptrend AND yield-curve steepening both fire; exposure 1.40x (highest conviction).
2013-11-29,1.0,1.4,1,1,0,0,0,0,1,0,0.8,0.19999999999999996,0.0,0.0,0.0,0.0,1.4,DUAL_BOOST,Calm-uptrend AND yield-curve steepening both fire; exposure 1.40x (highest conviction).
2013-12-06,1.0,1.4,1,1,0,0,0,0,1,0,0.8,0.19999999999999996,0.0,0.0,0.0,0.0,1.4,DUAL_BOOST,Calm-uptrend AND yield-curve steepening both fire; exposure 1.40x (highest conviction).
2013-12-13,1.0,1.22,0,0,0,0,0,1,1,0,0.89,0.10999999999999999,0.0,0.0,0.0,0.0,1.22,YC_BOOST,Yield curve positive AND steepening (YC only); exposure 1.22x.
2013-12-20,1.0,1.4,1,1,0,0,0,0,1,0,0.8,0.19999999999999996,0.0,0.0,0.0,0.0,1.4,DUAL_BOOST,Calm-uptrend AND yield-curve steepening both fire; exposure 1.40x (highest conviction).
2013-12-27,1.0,1.4,1,1,0,0,0,0,1,0,0.8,0.19999999999999996,0.0,0.0,0.0,0.0,1.4,DUAL_BOOST,Calm-uptrend AND yield-curve steepening both fire; exposure 1.40x (highest conviction).
2014-01-03,1.0,1.4,1,1,0,0,0,0,1,0,0.8,0.19999999999999996,0.0,0.0,0.0,0.0,1.4,DUAL_BOOST,Calm-uptrend AND yield-curve steepening both fire; exposure 1.40x (highest conviction).
2014-01-10,1.0,1.4,1,1,0,0,0,0,1,0,0.8,0.19999999999999996,0.0,0.0,0.0,0.0,1.4,DUAL_BOOST,Calm-uptrend AND yield-curve steepening both fire; exposure 1.40x (highest conviction).
2014-01-17,1.0,1.4,1,1,0,0,0,0,1,0,0.8,0.19999999999999996,0.0,0.0,0.0,0.0,1.4,DUAL_BOOST,Calm-uptrend AND yield-curve steepening both fire; exposure 1.40x (highest conviction).
2014-01-24,1.3,1.3,0,0,0,0,0,0,1,0,0.85,0.15000000000000002,0.0,0.0,0.0,0.0,1.3,LEVERAGED_LONG,V12 high-conviction leverage signal retained (dip-buy / recovery).
2014-01-31,1.3,1.3,0,0,0,0,0,0,1,0,0.85,0.15000000000000002,0.0,0.0,0.0,0.0,1.3,LEVERAGED_LONG,V12 high-conviction leverage signal retained (dip-buy / recovery).
2014-02-07,1.3,1.3,0,0,0,0,0,0,0,0,0.85,0.15000000000000002,0.0,0.0,0.0,0.0,1.3,LEVERAGED_LONG,V12 high-conviction leverage signal retained (dip-buy / recovery).
2014-02-14,1.0,1.4,1,1,0,0,0,0,1,0,0.8,0.19999999999999996,0.0,0.0,0.0,0.0,1.4,DUAL_BOOST,Calm-uptrend AND yield-curve steepening both fire; exposure 1.40x (highest conviction).
2014-02-21,1.0,1.0,0,0,0,0,0,0,0,0,1.0,0.0,0.0,0.0,0.0,0.0,1.0,NORMAL,No high-conviction trigger; baseline 100% SPY.
2014-02-28,1.0,1.0,1,0,1,1,0,0,0,0,1.0,0.0,0.0,0.0,0.0,0.0,1.0,CALM_BULL_NEUTRAL,Weak CB-only conditions met; kept neutral at 1.00x.
2014-03-07,1.0,1.0,1,0,1,1,0,0,0,0,1.0,0.0,0.0,0.0,0.0,0.0,1.0,CALM_BULL_NEUTRAL,Weak CB-only conditions met; kept neutral at 1.00x.
2014-03-14,1.0,1.0,0,0,0,0,0,0,0,0,1.0,0.0,0.0,0.0,0.0,0.0,1.0,NORMAL,No high-conviction trigger; baseline 100% SPY.
2014-03-21,1.0,1.0,0,0,0,0,0,0,0,0,1.0,0.0,0.0,0.0,0.0,0.0,1.0,NORMAL,No high-conviction trigger; baseline 100% SPY.
2014-03-28,1.0,1.0,0,0,0,0,0,0,0,0,1.0,0.0,0.0,0.0,0.0,0.0,1.0,NORMAL,No high-conviction trigger; baseline 100% SPY.
2014-04-04,1.0,1.0,1,0,1,1,0,0,0,0,1.0,0.0,0.0,0.0,0.0,0.0,1.0,CALM_BULL_NEUTRAL,Weak CB-only conditions met; kept neutral at 1.00x.
2014-04-11,1.0,1.0,0,0,0,0,0,0,0,0,1.0,0.0,0.0,0.0,0.0,0.0,1.0,NORMAL,No high-conviction trigger; baseline 100% SPY.
2014-04-18,1.0,1.0,1,0,1,1,0,0,0,0,1.0,0.0,0.0,0.0,0.0,0.0,1.0,CALM_BULL_NEUTRAL,Weak CB-only conditions met; kept neutral at 1.00x.
2014-04-25,1.0,1.0,1,0,1,1,0,0,0,0,1.0,0.0,0.0,0.0,0.0,0.0,1.0,CALM_BULL_NEUTRAL,Weak CB-only conditions met; kept neutral at 1.00x.
2014-05-02,1.0,1.0,1,0,1,1,0,0,0,0,1.0,0.0,0.0,0.0,0.0,0.0,1.0,CALM_BULL_NEUTRAL,Weak CB-only conditions met; kept neutral at 1.00x.
2014-05-09,1.0,1.0,1,0,1,1,0,0,0,0,1.0,0.0,0.0,0.0,0.0,0.0,1.0,CALM_BULL_NEUTRAL,Weak CB-only conditions met; kept neutral at 1.00x.
2014-05-16,1.0,1.0,1,0,1,1,0,0,0,0,1.0,0.0,0.0,0.0,0.0,0.0,1.0,CALM_BULL_NEUTRAL,Weak CB-only conditions met; kept neutral at 1.00x.
2014-05-23,1.0,1.0,1,0,1,1,0,0,0,0,1.0,0.0,0.0,0.0,0.0,0.0,1.0,CALM_BULL_NEUTRAL,Weak CB-only conditions met; kept neutral at 1.00x.
2014-05-30,1.0,1.0,1,0,1,1,0,0,0,0,1.0,0.0,0.0,0.0,0.0,0.0,1.0,CALM_BULL_NEUTRAL,Weak CB-only conditions met; kept neutral at 1.00x.
2014-06-06,1.0,1.0,1,0,1,1,0,0,0,0,1.0,0.0,0.0,0.0,0.0,0.0,1.0,CALM_BULL_NEUTRAL,Weak CB-only conditions met; kept neutral at 1.00x.
2014-06-13,1.0,1.0,1,0,1,1,0,0,0,0,1.0,0.0,0.0,0.0,0.0,0.0,1.0,CALM_BULL_NEUTRAL,Weak CB-only conditions met; kept neutral at 1.00x.
2014-06-20,1.0,1.0,1,0,1,1,0,0,0,0,1.0,0.0,0.0,0.0,0.0,0.0,1.0,CALM_BULL_NEUTRAL,Weak CB-only conditions met; kept neutral at 1.00x.
2014-06-27,1.0,1.0,1,0,1,1,0,0,0,0,1.0,0.0,0.0,0.0,0.0,0.0,1.0,CALM_BULL_NEUTRAL,Weak CB-only conditions met; kept neutral at 1.00x.
2014-07-04,1.0,1.0,1,0,1,1,0,0,0,0,1.0,0.0,0.0,0.0,0.0,0.0,1.0,CALM_BULL_NEUTRAL,Weak CB-only conditions met; kept neutral at 1.00x.
2014-07-11,1.0,1.0,1,0,1,1,0,0,0,0,1.0,0.0,0.0,0.0,0.0,0.0,1.0,CALM_BULL_NEUTRAL,Weak CB-only conditions met; kept neutral at 1.00x.
2014-07-18,1.0,1.0,1,0,1,1,0,0,0,0,1.0,0.0,0.0,0.0,0.0,0.0,1.0,CALM_BULL_NEUTRAL,Weak CB-only conditions met; kept neutral at 1.00x.
2014-07-25,1.0,1.0,1,0,1,1,0,0,0,0,1.0,0.0,0.0,0.0,0.0,0.0,1.0,CALM_BULL_NEUTRAL,Weak CB-only conditions met; kept neutral at 1.00x.
2014-08-01,1.3,1.3,0,0,0,0,0,0,0,0,0.85,0.15000000000000002,0.0,0.0,0.0,0.0,1.3,LEVERAGED_LONG,V12 high-conviction leverage signal retained (dip-buy / recovery).
2014-08-08,1.0,1.0,0,0,0,0,0,0,0,0,1.0,0.0,0.0,0.0,0.0,0.0,1.0,NORMAL,No high-conviction trigger; baseline 100% SPY.
2014-08-15,1.0,1.0,1,0,1,1,0,0,0,0,1.0,0.0,0.0,0.0,0.0,0.0,1.0,CALM_BULL_NEUTRAL,Weak CB-only conditions met; kept neutral at 1.00x.
2014-08-22,1.0,1.0,1,0,1,1,0,0,0,0,1.0,0.0,0.0,0.0,0.0,0.0,1.0,CALM_BULL_NEUTRAL,Weak CB-only conditions met; kept neutral at 1.00x.
2014-08-29,1.0,1.0,1,0,1,1,0,0,0,0,1.0,0.0,0.0,0.0,0.0,0.0,1.0,CALM_BULL_NEUTRAL,Weak CB-only conditions met; kept neutral at 1.00x.
2014-09-05,1.0,1.0,1,0,1,1,0,0,0,0,1.0,0.0,0.0,0.0,0.0,0.0,1.0,CALM_BULL_NEUTRAL,Weak CB-only conditions met; kept neutral at 1.00x.
2014-09-12,1.0,1.0,1,0,1,1,0,0,0,0,1.0,0.0,0.0,0.0,0.0,0.0,1.0,CALM_BULL_NEUTRAL,Weak CB-only conditions met; kept neutral at 1.00x.
2014-09-19,1.0,1.0,1,0,1,1,0,0,0,0,1.0,0.0,0.0,0.0,0.0,0.0,1.0,CALM_BULL_NEUTRAL,Weak CB-only conditions met; kept neutral at 1.00x.
2014-09-26,1.0,1.0,0,0,0,0,0,0,0,0,1.0,0.0,0.0,0.0,0.0,0.0,1.0,NORMAL,No high-conviction trigger; baseline 100% SPY.
2014-10-03,1.0,1.0,0,0,0,0,0,0,0,0,1.0,0.0,0.0,0.0,0.0,0.0,1.0,NORMAL,No high-conviction trigger; baseline 100% SPY.
2014-10-10,1.3,1.3,0,0,0,0,0,0,0,0,0.85,0.15000000000000002,0.0,0.0,0.0,0.0,1.3,LEVERAGED_LONG,V12 high-conviction leverage signal retained (dip-buy / recovery).
2014-10-17,0.6,0.6,0,0,0,0,0,0,0,0,0.6,0.0,0.0,0.1980204159760697,0.08065986134131012,0.12131972268262022,0.6,DEFENSIVE,V12 defensive risk-control signal retained.
2014-10-24,1.7,1.7,0,0,0,0,0,0,0,0,0.65,0.35,0.0,0.0,0.0,0.0,1.6999999999999997,LEVERAGED_LONG,V12 high-conviction leverage signal retained (dip-buy / recovery).
2014-10-31,1.7,1.7,0,0,0,0,0,0,0,0,0.65,0.35,0.0,0.0,0.0,0.0,1.6999999999999997,LEVERAGED_LONG,V12 high-conviction leverage signal retained (dip-buy / recovery).
2014-11-07,1.7,1.7,0,0,0,0,0,0,0,0,0.65,0.35,0.0,0.0,0.0,0.0,1.6999999999999997,LEVERAGED_LONG,V12 high-conviction leverage signal retained (dip-buy / recovery).
2014-11-14,1.7,1.7,0,0,0,0,0,0,0,0,0.65,0.35,0.0,0.0,0.0,0.0,1.6999999999999997,LEVERAGED_LONG,V12 high-conviction leverage signal retained (dip-buy / recovery).
2014-11-21,1.0,1.0,0,0,0,0,0,0,0,0,1.0,0.0,0.0,0.0,0.0,0.0,1.0,NORMAL,No high-conviction trigger; baseline 100% SPY.
2014-11-28,1.0,1.0,0,0,0,0,0,0,0,0,1.0,0.0,0.0,0.0,0.0,0.0,1.0,NORMAL,No high-conviction trigger; baseline 100% SPY.
2014-12-05,1.0,1.0,0,0,0,0,0,0,0,0,1.0,0.0,0.0,0.0,0.0,0.0,1.0,NORMAL,No high-conviction trigger; baseline 100% SPY.
2014-12-12,1.0,1.3,0,0,0,0,0,0,0,1,0.85,0.15000000000000002,0.0,0.0,0.0,0.0,1.3,NERVOUS_MARKET,VIX >= 20 with V12 normal — elevated risk premium; exposure 1.30x.
2014-12-19,1.0,1.0,0,0,0,0,0,0,0,0,1.0,0.0,0.0,0.0,0.0,0.0,1.0,NORMAL,No high-conviction trigger; baseline 100% SPY.
2014-12-26,1.0,1.0,0,0,0,0,0,0,0,0,1.0,0.0,0.0,0.0,0.0,0.0,1.0,NORMAL,No high-conviction trigger; baseline 100% SPY.
2015-01-02,1.0,1.0,0,0,0,0,0,0,0,0,1.0,0.0,0.0,0.0,0.0,0.0,1.0,NORMAL,No high-conviction trigger; baseline 100% SPY.
2015-01-09,1.0,1.0,0,0,0,0,0,0,0,0,1.0,0.0,0.0,0.0,0.0,0.0,1.0,NORMAL,No high-conviction trigger; baseline 100% SPY.
2015-01-16,1.3,1.3,0,0,0,0,0,0,0,0,0.85,0.15000000000000002,0.0,0.0,0.0,0.0,1.3,LEVERAGED_LONG,V12 high-conviction leverage signal retained (dip-buy / recovery).
2015-01-23,1.0,1.0,0,0,0,0,0,0,0,0,1.0,0.0,0.0,0.0,0.0,0.0,1.0,NORMAL,No high-conviction trigger; baseline 100% SPY.
2015-01-30,1.3,1.3,0,0,0,0,0,0,0,0,0.85,0.15000000000000002,0.0,0.0,0.0,0.0,1.3,LEVERAGED_LONG,V12 high-conviction leverage signal retained (dip-buy / recovery).
2015-02-06,1.0,1.0,0,0,0,0,0,0,0,0,1.0,0.0,0.0,0.0,0.0,0.0,1.0,NORMAL,No high-conviction trigger; baseline 100% SPY.
2015-02-13,1.0,1.0,0,0,0,0,0,0,0,0,1.0,0.0,0.0,0.0,0.0,0.0,1.0,NORMAL,No high-conviction trigger; baseline 100% SPY.
2015-02-20,1.0,1.0,0,0,0,0,0,0,0,0,1.0,0.0,0.0,0.0,0.0,0.0,1.0,NORMAL,No high-conviction trigger; baseline 100% SPY.
2015-02-27,1.0,1.0,0,0,0,0,0,0,0,0,1.0,0.0,0.0,0.0,0.0,0.0,1.0,NORMAL,No high-conviction trigger; baseline 100% SPY.
2015-03-06,1.0,1.0,0,0,0,0,0,0,0,0,1.0,0.0,0.0,0.0,0.0,0.0,1.0,NORMAL,No high-conviction trigger; baseline 100% SPY.
2015-03-13,1.0,1.0,0,0,0,0,0,0,0,0,1.0,0.0,0.0,0.0,0.0,0.0,1.0,NORMAL,No high-conviction trigger; baseline 100% SPY.
2015-03-20,1.0,1.0,0,0,0,0,0,0,0,0,1.0,0.0,0.0,0.0,0.0,0.0,1.0,NORMAL,No high-conviction trigger; baseline 100% SPY.
2015-03-27,1.0,1.0,0,0,0,0,0,0,0,0,1.0,0.0,0.0,0.0,0.0,0.0,1.0,NORMAL,No high-conviction trigger; baseline 100% SPY.
2015-04-03,1.0,1.0,0,0,0,0,0,0,0,0,1.0,0.0,0.0,0.0,0.0,0.0,1.0,NORMAL,No high-conviction trigger; baseline 100% SPY.
2015-04-10,1.0,1.0,0,0,0,0,0,0,0,0,1.0,0.0,0.0,0.0,0.0,0.0,1.0,NORMAL,No high-conviction trigger; baseline 100% SPY.
2015-04-17,1.0,1.22,0,0,0,0,0,1,1,0,0.89,0.10999999999999999,0.0,0.0,0.0,0.0,1.22,YC_BOOST,Yield curve positive AND steepening (YC only); exposure 1.22x.
2015-04-24,1.0,1.22,0,0,0,0,0,1,1,0,0.89,0.10999999999999999,0.0,0.0,0.0,0.0,1.22,YC_BOOST,Yield curve positive AND steepening (YC only); exposure 1.22x.
2015-05-01,1.0,1.22,0,0,0,0,0,1,1,0,0.89,0.10999999999999999,0.0,0.0,0.0,0.0,1.22,YC_BOOST,Yield curve positive AND steepening (YC only); exposure 1.22x.
2015-05-08,1.0,1.22,0,0,0,0,0,1,1,0,0.89,0.10999999999999999,0.0,0.0,0.0,0.0,1.22,YC_BOOST,Yield curve positive AND steepening (YC only); exposure 1.22x.
2015-05-15,1.0,1.22,0,0,0,0,0,1,1,0,0.89,0.10999999999999999,0.0,0.0,0.0,0.0,1.22,YC_BOOST,Yield curve positive AND steepening (YC only); exposure 1.22x.
2015-05-22,1.0,1.22,0,0,0,0,0,1,1,0,0.89,0.10999999999999999,0.0,0.0,0.0,0.0,1.22,YC_BOOST,Yield curve positive AND steepening (YC only); exposure 1.22x.
2015-05-29,1.0,1.22,0,0,0,0,0,1,1,0,0.89,0.10999999999999999,0.0,0.0,0.0,0.0,1.22,YC_BOOST,Yield curve positive AND steepening (YC only); exposure 1.22x.
2015-06-05,1.0,1.22,0,0,0,0,0,1,1,0,0.89,0.10999999999999999,0.0,0.0,0.0,0.0,1.22,YC_BOOST,Yield curve positive AND steepening (YC only); exposure 1.22x.
2015-06-12,1.0,1.22,0,0,0,0,0,1,1,0,0.89,0.10999999999999999,0.0,0.0,0.0,0.0,1.22,YC_BOOST,Yield curve positive AND steepening (YC only); exposure 1.22x.
2015-06-19,1.0,1.22,0,0,0,0,0,1,1,0,0.89,0.10999999999999999,0.0,0.0,0.0,0.0,1.22,YC_BOOST,Yield curve positive AND steepening (YC only); exposure 1.22x.
2015-06-26,1.0,1.22,0,0,0,0,0,1,1,0,0.89,0.10999999999999999,0.0,0.0,0.0,0.0,1.22,YC_BOOST,Yield curve positive AND steepening (YC only); exposure 1.22x.
2015-07-03,1.0,1.22,0,0,0,0,0,1,1,0,0.89,0.10999999999999999,0.0,0.0,0.0,0.0,1.22,YC_BOOST,Yield curve positive AND steepening (YC only); exposure 1.22x.
2015-07-10,1.0,1.22,0,0,0,0,0,1,1,0,0.89,0.10999999999999999,0.0,0.0,0.0,0.0,1.22,YC_BOOST,Yield curve positive AND steepening (YC only); exposure 1.22x.
2015-07-17,1.0,1.22,0,0,0,0,0,1,1,0,0.89,0.10999999999999999,0.0,0.0,0.0,0.0,1.22,YC_BOOST,Yield curve positive AND steepening (YC only); exposure 1.22x.
2015-07-24,1.0,1.22,0,0,0,0,0,1,1,0,0.89,0.10999999999999999,0.0,0.0,0.0,0.0,1.22,YC_BOOST,Yield curve positive AND steepening (YC only); exposure 1.22x.
2015-07-31,1.0,1.4,1,1,0,0,0,0,1,0,0.8,0.19999999999999996,0.0,0.0,0.0,0.0,1.4,DUAL_BOOST,Calm-uptrend AND yield-curve steepening both fire; exposure 1.40x (highest conviction).
2015-08-07,1.0,1.0,0,0,0,0,0,0,0,0,1.0,0.0,0.0,0.0,0.0,0.0,1.0,NORMAL,No high-conviction trigger; baseline 100% SPY.
2015-08-14,1.0,1.0,0,0,0,0,0,0,0,0,1.0,0.0,0.0,0.0,0.0,0.0,1.0,NORMAL,No high-conviction trigger; baseline 100% SPY.
2015-08-21,0.6,0.6,0,0,0,0,0,0,0,0,0.6,0.0,0.0,0.2,0.08000000000000002,0.12,0.6,DEFENSIVE,V12 defensive risk-control signal retained.
2015-08-28,0.6,0.6,0,0,0,0,0,0,0,0,0.6,0.0,0.0,0.2,0.08000000000000002,0.12,0.6,DEFENSIVE,V12 defensive risk-control signal retained.
2015-09-04,0.6,0.6,0,0,0,0,0,0,0,0,0.6,0.0,0.0,0.2,0.08000000000000002,0.12,0.6,DEFENSIVE,V12 defensive risk-control signal retained.
2015-09-11,0.6,0.6,0,0,0,0,0,0,0,0,0.6,0.0,0.0,0.2,0.08000000000000002,0.12,0.6,DEFENSIVE,V12 defensive risk-control signal retained.
2015-09-18,0.6,0.6,0,0,0,0,0,0,0,0,0.6,0.0,0.0,0.2,0.08000000000000002,0.12,0.6,DEFENSIVE,V12 defensive risk-control signal retained.
2015-09-25,0.6,0.6,0,0,0,0,0,0,0,0,0.6,0.0,0.0,0.2,0.08000000000000002,0.12,0.6,DEFENSIVE,V12 defensive risk-control signal retained.
2015-10-02,0.6,0.6,0,0,0,0,0,0,0,0,0.6,0.0,0.0,0.2,0.08000000000000002,0.12,0.6,DEFENSIVE,V12 defensive risk-control signal retained.
2015-10-09,1.7,1.7,0,0,0,0,0,0,0,0,0.65,0.35,0.0,0.0,0.0,0.0,1.6999999999999997,LEVERAGED_LONG,V12 high-conviction leverage signal retained (dip-buy / recovery).
2015-10-16,1.7,1.7,0,0,0,0,0,0,0,0,0.65,0.35,0.0,0.0,0.0,0.0,1.6999999999999997,LEVERAGED_LONG,V12 high-conviction leverage signal retained (dip-buy / recovery).
2015-10-23,1.7,1.7,0,0,0,0,0,0,0,0,0.65,0.35,0.0,0.0,0.0,0.0,1.6999999999999997,LEVERAGED_LONG,V12 high-conviction leverage signal retained (dip-buy / recovery).
2015-10-30,1.7,1.7,0,0,0,0,0,0,0,0,0.65,0.35,0.0,0.0,0.0,0.0,1.6999999999999997,LEVERAGED_LONG,V12 high-conviction leverage signal retained (dip-buy / recovery).
2015-11-06,1.0,1.0,0,0,0,0,0,0,0,0,1.0,0.0,0.0,0.0,0.0,0.0,1.0,NORMAL,No high-conviction trigger; baseline 100% SPY.
2015-11-13,0.6,0.6,0,0,0,0,0,0,0,0,0.6,0.0,0.0,0.2,0.08000000000000002,0.12,0.6,DEFENSIVE,V12 defensive risk-control signal retained.
2015-11-20,1.0,1.0,0,0,0,0,0,0,0,0,1.0,0.0,0.0,0.0,0.0,0.0,1.0,NORMAL,No high-conviction trigger; baseline 100% SPY.
2015-11-27,1.0,1.0,0,0,0,0,0,0,0,0,1.0,0.0,0.0,0.0,0.0,0.0,1.0,NORMAL,No high-conviction trigger; baseline 100% SPY.
2015-12-04,1.0,1.0,0,0,0,0,0,0,0,0,1.0,0.0,0.0,0.0,0.0,0.0,1.0,NORMAL,No high-conviction trigger; baseline 100% SPY.
2015-12-11,0.6,0.6,0,0,0,0,0,0,0,0,0.6,0.0,0.0,0.2,0.08000000000000002,0.12,0.6,DEFENSIVE,V12 defensive risk-control signal retained.
2015-12-18,0.6,0.6,0,0,0,0,0,0,0,0,0.6,0.0,0.0,0.2,0.08000000000000002,0.12,0.6,DEFENSIVE,V12 defensive risk-control signal retained.
2015-12-25,1.0,1.0,0,0,0,0,0,0,0,0,1.0,0.0,0.0,0.0,0.0,0.0,1.0,NORMAL,No high-conviction trigger; baseline 100% SPY.
2016-01-01,0.6,0.6,0,0,0,0,0,0,0,0,0.6,0.0,0.0,0.2,0.08000000000000002,0.12,0.6,DEFENSIVE,V12 defensive risk-control signal retained.
2016-01-08,0.6,0.6,0,0,0,0,0,0,0,0,0.6,0.0,0.0,0.2,0.08000000000000002,0.12,0.6,DEFENSIVE,V12 defensive risk-control signal retained.
2016-01-15,0.6,0.6,0,0,0,0,0,0,0,0,0.6,0.0,0.0,0.2,0.08000000000000002,0.12,0.6,DEFENSIVE,V12 defensive risk-control signal retained.
2016-01-22,0.6,0.6,0,0,0,0,0,0,0,0,0.6,0.0,0.0,0.2,0.08000000000000002,0.12,0.6,DEFENSIVE,V12 defensive risk-control signal retained.
2016-01-29,1.7,1.7,0,0,0,0,0,0,0,0,0.65,0.35,0.0,0.0,0.0,0.0,1.6999999999999997,LEVERAGED_LONG,V12 high-conviction leverage signal retained (dip-buy / recovery).
2016-02-05,1.7,1.7,0,0,0,0,0,0,0,0,0.65,0.35,0.0,0.0,0.0,0.0,1.6999999999999997,LEVERAGED_LONG,V12 high-conviction leverage signal retained (dip-buy / recovery).
2016-02-12,1.7,1.7,0,0,0,0,0,0,0,0,0.65,0.35,0.0,0.0,0.0,0.0,1.6999999999999997,LEVERAGED_LONG,V12 high-conviction leverage signal retained (dip-buy / recovery).
2016-02-19,1.7,1.7,0,0,0,0,0,0,0,0,0.65,0.35,0.0,0.0,0.0,0.0,1.6999999999999997,LEVERAGED_LONG,V12 high-conviction leverage signal retained (dip-buy / recovery).
2016-02-26,1.5,1.5,0,0,0,0,0,0,0,0,0.75,0.25,0.0,0.0,0.0,0.0,1.5,LEVERAGED_LONG,V12 high-conviction leverage signal retained (dip-buy / recovery).
2016-03-04,1.5,1.5,0,0,0,0,0,0,0,0,0.75,0.25,0.0,0.0,0.0,0.0,1.5,LEVERAGED_LONG,V12 high-conviction leverage signal retained (dip-buy / recovery).
2016-03-11,1.5,1.5,0,0,0,0,0,0,0,0,0.75,0.25,0.0,0.0,0.0,0.0,1.5,LEVERAGED_LONG,V12 high-conviction leverage signal retained (dip-buy / recovery).
2016-03-18,1.5,1.5,0,0,0,0,0,0,0,0,0.75,0.25,0.0,0.0,0.0,0.0,1.5,LEVERAGED_LONG,V12 high-conviction leverage signal retained (dip-buy / recovery).
2016-03-25,1.5,1.5,0,0,0,0,0,0,0,0,0.75,0.25,0.0,0.0,0.0,0.0,1.5,LEVERAGED_LONG,V12 high-conviction leverage signal retained (dip-buy / recovery).
2016-04-01,1.5,1.5,0,0,0,0,0,0,0,0,0.75,0.25,0.0,0.0,0.0,0.0,1.5,LEVERAGED_LONG,V12 high-conviction leverage signal retained (dip-buy / recovery).
2016-04-08,1.0,1.0,0,0,0,0,0,0,0,0,1.0,0.0,0.0,0.0,0.0,0.0,1.0,NORMAL,No high-conviction trigger; baseline 100% SPY.
2016-04-15,1.0,1.0,0,0,0,0,0,0,0,0,1.0,0.0,0.0,0.0,0.0,0.0,1.0,NORMAL,No high-conviction trigger; baseline 100% SPY.
2016-04-22,1.0,1.0,0,0,0,0,0,0,0,0,1.0,0.0,0.0,0.0,0.0,0.0,1.0,NORMAL,No high-conviction trigger; baseline 100% SPY.
2016-04-29,1.0,1.0,0,0,0,0,0,0,0,0,1.0,0.0,0.0,0.0,0.0,0.0,1.0,NORMAL,No high-conviction trigger; baseline 100% SPY.
2016-05-06,1.0,1.0,0,0,0,0,0,0,0,0,1.0,0.0,0.0,0.0,0.0,0.0,1.0,NORMAL,No high-conviction trigger; baseline 100% SPY.
2016-05-13,1.0,1.0,0,0,0,0,0,0,0,0,1.0,0.0,0.0,0.0,0.0,0.0,1.0,NORMAL,No high-conviction trigger; baseline 100% SPY.
2016-05-20,1.0,1.0,0,0,0,0,0,0,0,0,1.0,0.0,0.0,0.0,0.0,0.0,1.0,NORMAL,No high-conviction trigger; baseline 100% SPY.
2016-05-27,1.0,1.0,0,0,0,0,0,0,0,0,1.0,0.0,0.0,0.0,0.0,0.0,1.0,NORMAL,No high-conviction trigger; baseline 100% SPY.
2016-06-03,1.0,1.0,0,0,0,0,0,0,0,0,1.0,0.0,0.0,0.0,0.0,0.0,1.0,NORMAL,No high-conviction trigger; baseline 100% SPY.
2016-06-10,1.0,1.0,0,0,0,0,0,0,0,0,1.0,0.0,0.0,0.0,0.0,0.0,1.0,NORMAL,No high-conviction trigger; baseline 100% SPY.
2016-06-17,1.0,1.0,0,0,0,0,0,0,0,0,1.0,0.0,0.0,0.0,0.0,0.0,1.0,NORMAL,No high-conviction trigger; baseline 100% SPY.
2016-06-24,1.3,1.3,0,0,0,0,0,0,0,0,0.85,0.15000000000000002,0.0,0.0,0.0,0.0,1.3,LEVERAGED_LONG,V12 high-conviction leverage signal retained (dip-buy / recovery).
2016-07-01,1.0,1.0,0,0,0,0,0,0,0,0,1.0,0.0,0.0,0.0,0.0,0.0,1.0,NORMAL,No high-conviction trigger; baseline 100% SPY.
2016-07-08,1.0,1.0,1,0,1,1,0,0,0,0,1.0,0.0,0.0,0.0,0.0,0.0,1.0,CALM_BULL_NEUTRAL,Weak CB-only conditions met; kept neutral at 1.00x.
2016-07-15,1.0,1.0,1,0,1,1,0,0,0,0,1.0,0.0,0.0,0.0,0.0,0.0,1.0,CALM_BULL_NEUTRAL,Weak CB-only conditions met; kept neutral at 1.00x.
2016-07-22,1.0,1.0,1,0,1,1,0,0,0,0,1.0,0.0,0.0,0.0,0.0,0.0,1.0,CALM_BULL_NEUTRAL,Weak CB-only conditions met; kept neutral at 1.00x.
2016-07-29,1.0,1.0,1,0,1,1,0,0,0,0,1.0,0.0,0.0,0.0,0.0,0.0,1.0,CALM_BULL_NEUTRAL,Weak CB-only conditions met; kept neutral at 1.00x.
2016-08-05,1.0,1.0,1,0,1,1,0,0,0,0,1.0,0.0,0.0,0.0,0.0,0.0,1.0,CALM_BULL_NEUTRAL,Weak CB-only conditions met; kept neutral at 1.00x.
2016-08-12,1.0,1.0,1,0,1,1,0,0,0,0,1.0,0.0,0.0,0.0,0.0,0.0,1.0,CALM_BULL_NEUTRAL,Weak CB-only conditions met; kept neutral at 1.00x.
2016-08-19,1.0,1.0,1,0,1,1,0,0,0,0,1.0,0.0,0.0,0.0,0.0,0.0,1.0,CALM_BULL_NEUTRAL,Weak CB-only conditions met; kept neutral at 1.00x.
2016-08-26,1.0,1.0,1,0,1,1,0,0,0,0,1.0,0.0,0.0,0.0,0.0,0.0,1.0,CALM_BULL_NEUTRAL,Weak CB-only conditions met; kept neutral at 1.00x.
2016-09-02,1.0,1.0,1,0,1,1,0,0,0,0,1.0,0.0,0.0,0.0,0.0,0.0,1.0,CALM_BULL_NEUTRAL,Weak CB-only conditions met; kept neutral at 1.00x.
2016-09-09,1.0,1.0,0,0,0,0,0,0,0,0,1.0,0.0,0.0,0.0,0.0,0.0,1.0,NORMAL,No high-conviction trigger; baseline 100% SPY.
2016-09-16,1.0,1.4,1,1,0,0,0,0,1,0,0.8,0.19999999999999996,0.0,0.0,0.0,0.0,1.4,DUAL_BOOST,Calm-uptrend AND yield-curve steepening both fire; exposure 1.40x (highest conviction).
2016-09-23,1.0,1.0,1,0,1,1,0,0,0,0,1.0,0.0,0.0,0.0,0.0,0.0,1.0,CALM_BULL_NEUTRAL,Weak CB-only conditions met; kept neutral at 1.00x.
2016-09-30,1.0,1.0,1,0,1,1,0,0,0,0,1.0,0.0,0.0,0.0,0.0,0.0,1.0,CALM_BULL_NEUTRAL,Weak CB-only conditions met; kept neutral at 1.00x.
2016-10-07,1.0,1.4,1,1,0,0,0,0,1,0,0.8,0.19999999999999996,0.0,0.0,0.0,0.0,1.4,DUAL_BOOST,Calm-uptrend AND yield-curve steepening both fire; exposure 1.40x (highest conviction).
2016-10-14,1.0,1.22,0,0,0,0,0,1,1,0,0.89,0.10999999999999999,0.0,0.0,0.0,0.0,1.22,YC_BOOST,Yield curve positive AND steepening (YC only); exposure 1.22x.
2016-10-21,1.0,1.22,0,0,0,0,0,1,1,0,0.89,0.10999999999999999,0.0,0.0,0.0,0.0,1.22,YC_BOOST,Yield curve positive AND steepening (YC only); exposure 1.22x.
2016-10-28,1.0,1.22,0,0,0,0,0,1,1,0,0.89,0.10999999999999999,0.0,0.0,0.0,0.0,1.22,YC_BOOST,Yield curve positive AND steepening (YC only); exposure 1.22x.
2016-11-04,1.0,1.22,0,0,0,0,0,1,1,0,0.89,0.10999999999999999,0.0,0.0,0.0,0.0,1.22,YC_BOOST,Yield curve positive AND steepening (YC only); exposure 1.22x.
2016-11-11,1.0,1.22,0,0,0,0,0,1,1,0,0.89,0.10999999999999999,0.0,0.0,0.0,0.0,1.22,YC_BOOST,Yield curve positive AND steepening (YC only); exposure 1.22x.
2016-11-18,1.0,1.4,1,1,0,0,0,0,1,0,0.8,0.19999999999999996,0.0,0.0,0.0,0.0,1.4,DUAL_BOOST,Calm-uptrend AND yield-curve steepening both fire; exposure 1.40x (highest conviction).
2016-11-25,1.0,1.4,1,1,0,0,0,0,1,0,0.8,0.19999999999999996,0.0,0.0,0.0,0.0,1.4,DUAL_BOOST,Calm-uptrend AND yield-curve steepening both fire; exposure 1.40x (highest conviction).
2016-12-02,1.0,1.4,1,1,0,0,0,0,1,0,0.8,0.19999999999999996,0.0,0.0,0.0,0.0,1.4,DUAL_BOOST,Calm-uptrend AND yield-curve steepening both fire; exposure 1.40x (highest conviction).
2016-12-09,1.0,1.4,1,1,0,0,0,0,1,0,0.8,0.19999999999999996,0.0,0.0,0.0,0.0,1.4,DUAL_BOOST,Calm-uptrend AND yield-curve steepening both fire; exposure 1.40x (highest conviction).
2016-12-16,1.0,1.4,1,1,0,0,0,0,1,0,0.8,0.19999999999999996,0.0,0.0,0.0,0.0,1.4,DUAL_BOOST,Calm-uptrend AND yield-curve steepening both fire; exposure 1.40x (highest conviction).
2016-12-23,1.0,1.4,1,1,0,0,0,0,1,0,0.8,0.19999999999999996,0.0,0.0,0.0,0.0,1.4,DUAL_BOOST,Calm-uptrend AND yield-curve steepening both fire; exposure 1.40x (highest conviction).
2016-12-30,1.0,1.4,1,1,0,0,0,0,1,0,0.8,0.19999999999999996,0.0,0.0,0.0,0.0,1.4,DUAL_BOOST,Calm-uptrend AND yield-curve steepening both fire; exposure 1.40x (highest conviction).
2017-01-06,1.0,1.4,1,1,0,0,0,0,1,0,0.8,0.19999999999999996,0.0,0.0,0.0,0.0,1.4,DUAL_BOOST,Calm-uptrend AND yield-curve steepening both fire; exposure 1.40x (highest conviction).
2017-01-13,1.0,1.4,1,1,0,0,0,0,1,0,0.8,0.19999999999999996,0.0,0.0,0.0,0.0,1.4,DUAL_BOOST,Calm-uptrend AND yield-curve steepening both fire; exposure 1.40x (highest conviction).
2017-01-20,1.0,1.4,1,1,0,0,0,0,1,0,0.8,0.19999999999999996,0.0,0.0,0.0,0.0,1.4,DUAL_BOOST,Calm-uptrend AND yield-curve steepening both fire; exposure 1.40x (highest conviction).
2017-01-27,1.0,1.4,1,1,0,0,0,0,1,0,0.8,0.19999999999999996,0.0,0.0,0.0,0.0,1.4,DUAL_BOOST,Calm-uptrend AND yield-curve steepening both fire; exposure 1.40x (highest conviction).
2017-02-03,1.0,1.4,1,1,0,0,0,0,1,0,0.8,0.19999999999999996,0.0,0.0,0.0,0.0,1.4,DUAL_BOOST,Calm-uptrend AND yield-curve steepening both fire; exposure 1.40x (highest conviction).
2017-02-10,1.0,1.0,1,0,1,1,0,0,0,0,1.0,0.0,0.0,0.0,0.0,0.0,1.0,CALM_BULL_NEUTRAL,Weak CB-only conditions met; kept neutral at 1.00x.
2017-02-17,1.0,1.0,1,0,1,1,0,0,0,0,1.0,0.0,0.0,0.0,0.0,0.0,1.0,CALM_BULL_NEUTRAL,Weak CB-only conditions met; kept neutral at 1.00x.
2017-02-24,1.0,1.0,1,0,1,1,0,0,0,0,1.0,0.0,0.0,0.0,0.0,0.0,1.0,CALM_BULL_NEUTRAL,Weak CB-only conditions met; kept neutral at 1.00x.
2017-03-03,1.0,1.0,1,0,1,1,0,0,0,0,1.0,0.0,0.0,0.0,0.0,0.0,1.0,CALM_BULL_NEUTRAL,Weak CB-only conditions met; kept neutral at 1.00x.
2017-03-10,1.0,1.0,1,0,1,1,0,0,0,0,1.0,0.0,0.0,0.0,0.0,0.0,1.0,CALM_BULL_NEUTRAL,Weak CB-only conditions met; kept neutral at 1.00x.
2017-03-17,1.0,1.0,1,0,1,1,0,0,0,0,1.0,0.0,0.0,0.0,0.0,0.0,1.0,CALM_BULL_NEUTRAL,Weak CB-only conditions met; kept neutral at 1.00x.
2017-03-24,1.0,1.0,1,0,1,1,0,0,0,0,1.0,0.0,0.0,0.0,0.0,0.0,1.0,CALM_BULL_NEUTRAL,Weak CB-only conditions met; kept neutral at 1.00x.
2017-03-31,1.0,1.0,1,0,1,1,0,0,0,0,1.0,0.0,0.0,0.0,0.0,0.0,1.0,CALM_BULL_NEUTRAL,Weak CB-only conditions met; kept neutral at 1.00x.
2017-04-07,1.0,1.0,1,0,1,1,0,0,0,0,1.0,0.0,0.0,0.0,0.0,0.0,1.0,CALM_BULL_NEUTRAL,Weak CB-only conditions met; kept neutral at 1.00x.
2017-04-14,1.0,1.0,0,0,0,0,0,0,0,0,1.0,0.0,0.0,0.0,0.0,0.0,1.0,NORMAL,No high-conviction trigger; baseline 100% SPY.
2017-04-21,1.0,1.0,0,0,0,0,0,0,0,0,1.0,0.0,0.0,0.0,0.0,0.0,1.0,NORMAL,No high-conviction trigger; baseline 100% SPY.
2017-04-28,1.0,1.0,1,0,1,1,0,0,0,0,1.0,0.0,0.0,0.0,0.0,0.0,1.0,CALM_BULL_NEUTRAL,Weak CB-only conditions met; kept neutral at 1.00x.
2017-05-05,1.0,1.0,1,0,1,1,0,0,0,0,1.0,0.0,0.0,0.0,0.0,0.0,1.0,CALM_BULL_NEUTRAL,Weak CB-only conditions met; kept neutral at 1.00x.
2017-05-12,1.0,1.0,1,0,1,1,0,0,0,0,1.0,0.0,0.0,0.0,0.0,0.0,1.0,CALM_BULL_NEUTRAL,Weak CB-only conditions met; kept neutral at 1.00x.
2017-05-19,1.0,1.0,1,0,1,1,0,0,0,0,1.0,0.0,0.0,0.0,0.0,0.0,1.0,CALM_BULL_NEUTRAL,Weak CB-only conditions met; kept neutral at 1.00x.
2017-05-26,1.0,1.0,1,0,1,1,0,0,0,0,1.0,0.0,0.0,0.0,0.0,0.0,1.0,CALM_BULL_NEUTRAL,Weak CB-only conditions met; kept neutral at 1.00x.
2017-06-02,1.0,1.0,1,0,1,1,0,0,0,0,1.0,0.0,0.0,0.0,0.0,0.0,1.0,CALM_BULL_NEUTRAL,Weak CB-only conditions met; kept neutral at 1.00x.
2017-06-09,1.0,1.0,1,0,1,1,0,0,0,0,1.0,0.0,0.0,0.0,0.0,0.0,1.0,CALM_BULL_NEUTRAL,Weak CB-only conditions met; kept neutral at 1.00x.
2017-06-16,1.0,1.0,1,0,1,1,0,0,0,0,1.0,0.0,0.0,0.0,0.0,0.0,1.0,CALM_BULL_NEUTRAL,Weak CB-only conditions met; kept neutral at 1.00x.
2017-06-23,1.0,1.0,1,0,1,1,0,0,0,0,1.0,0.0,0.0,0.0,0.0,0.0,1.0,CALM_BULL_NEUTRAL,Weak CB-only conditions met; kept neutral at 1.00x.
2017-06-30,1.0,1.0,1,0,1,1,0,0,0,0,1.0,0.0,0.0,0.0,0.0,0.0,1.0,CALM_BULL_NEUTRAL,Weak CB-only conditions met; kept neutral at 1.00x.
2017-07-07,1.0,1.0,1,0,1,1,0,0,0,0,1.0,0.0,0.0,0.0,0.0,0.0,1.0,CALM_BULL_NEUTRAL,Weak CB-only conditions met; kept neutral at 1.00x.
2017-07-14,1.0,1.0,1,0,1,1,0,0,0,0,1.0,0.0,0.0,0.0,0.0,0.0,1.0,CALM_BULL_NEUTRAL,Weak CB-only conditions met; kept neutral at 1.00x.
2017-07-21,1.0,1.0,1,0,1,1,0,0,0,0,1.0,0.0,0.0,0.0,0.0,0.0,1.0,CALM_BULL_NEUTRAL,Weak CB-only conditions met; kept neutral at 1.00x.
2017-07-28,1.0,1.0,1,0,1,1,0,0,0,0,1.0,0.0,0.0,0.0,0.0,0.0,1.0,CALM_BULL_NEUTRAL,Weak CB-only conditions met; kept neutral at 1.00x.
2017-08-04,1.0,1.0,1,0,1,1,0,0,0,0,1.0,0.0,0.0,0.0,0.0,0.0,1.0,CALM_BULL_NEUTRAL,Weak CB-only conditions met; kept neutral at 1.00x.
2017-08-11,1.0,1.0,0,0,0,0,0,0,0,0,1.0,0.0,0.0,0.0,0.0,0.0,1.0,NORMAL,No high-conviction trigger; baseline 100% SPY.
2017-08-18,1.0,1.0,0,0,0,0,0,0,0,0,1.0,0.0,0.0,0.0,0.0,0.0,1.0,NORMAL,No high-conviction trigger; baseline 100% SPY.
2017-08-25,1.0,1.0,1,0,1,1,0,0,0,0,1.0,0.0,0.0,0.0,0.0,0.0,1.0,CALM_BULL_NEUTRAL,Weak CB-only conditions met; kept neutral at 1.00x.
2017-09-01,1.0,1.0,1,0,1,1,0,0,0,0,1.0,0.0,0.0,0.0,0.0,0.0,1.0,CALM_BULL_NEUTRAL,Weak CB-only conditions met; kept neutral at 1.00x.
2017-09-08,1.0,1.0,1,0,1,1,0,0,0,0,1.0,0.0,0.0,0.0,0.0,0.0,1.0,CALM_BULL_NEUTRAL,Weak CB-only conditions met; kept neutral at 1.00x.
2017-09-15,1.0,1.0,1,0,1,1,0,0,0,0,1.0,0.0,0.0,0.0,0.0,0.0,1.0,CALM_BULL_NEUTRAL,Weak CB-only conditions met; kept neutral at 1.00x.
2017-09-22,1.0,1.0,1,0,1,1,0,0,0,0,1.0,0.0,0.0,0.0,0.0,0.0,1.0,CALM_BULL_NEUTRAL,Weak CB-only conditions met; kept neutral at 1.00x.
2017-09-29,1.0,1.0,1,0,1,1,0,0,0,0,1.0,0.0,0.0,0.0,0.0,0.0,1.0,CALM_BULL_NEUTRAL,Weak CB-only conditions met; kept neutral at 1.00x.
2017-10-06,1.0,1.0,1,0,1,1,0,0,0,0,1.0,0.0,0.0,0.0,0.0,0.0,1.0,CALM_BULL_NEUTRAL,Weak CB-only conditions met; kept neutral at 1.00x.
2017-10-13,1.0,1.0,1,0,1,1,0,0,0,0,1.0,0.0,0.0,0.0,0.0,0.0,1.0,CALM_BULL_NEUTRAL,Weak CB-only conditions met; kept neutral at 1.00x.
2017-10-20,1.0,1.0,1,0,1,1,0,0,0,0,1.0,0.0,0.0,0.0,0.0,0.0,1.0,CALM_BULL_NEUTRAL,Weak CB-only conditions met; kept neutral at 1.00x.
2017-10-27,1.0,1.0,1,0,1,1,0,0,0,0,1.0,0.0,0.0,0.0,0.0,0.0,1.0,CALM_BULL_NEUTRAL,Weak CB-only conditions met; kept neutral at 1.00x.
2017-11-03,1.0,1.0,1,0,1,1,0,0,0,0,1.0,0.0,0.0,0.0,0.0,0.0,1.0,CALM_BULL_NEUTRAL,Weak CB-only conditions met; kept neutral at 1.00x.
2017-11-10,1.0,1.0,1,0,1,1,0,0,0,0,1.0,0.0,0.0,0.0,0.0,0.0,1.0,CALM_BULL_NEUTRAL,Weak CB-only conditions met; kept neutral at 1.00x.
2017-11-17,1.0,1.0,0,0,0,0,0,0,0,0,1.0,0.0,0.0,0.0,0.0,0.0,1.0,NORMAL,No high-conviction trigger; baseline 100% SPY.
2017-11-24,1.0,1.0,1,0,1,1,0,0,0,0,1.0,0.0,0.0,0.0,0.0,0.0,1.0,CALM_BULL_NEUTRAL,Weak CB-only conditions met; kept neutral at 1.00x.
2017-12-01,1.0,1.0,0,0,0,0,0,0,0,0,1.0,0.0,0.0,0.0,0.0,0.0,1.0,NORMAL,No high-conviction trigger; baseline 100% SPY.
2017-12-08,1.0,1.0,1,0,1,1,0,0,0,0,1.0,0.0,0.0,0.0,0.0,0.0,1.0,CALM_BULL_NEUTRAL,Weak CB-only conditions met; kept neutral at 1.00x.
2017-12-15,1.0,1.0,1,0,1,1,0,0,0,0,1.0,0.0,0.0,0.0,0.0,0.0,1.0,CALM_BULL_NEUTRAL,Weak CB-only conditions met; kept neutral at 1.00x.
2017-12-22,1.0,1.0,1,0,1,1,0,0,0,0,1.0,0.0,0.0,0.0,0.0,0.0,1.0,CALM_BULL_NEUTRAL,Weak CB-only conditions met; kept neutral at 1.00x.
2017-12-29,1.0,1.0,0,0,0,0,0,0,0,0,1.0,0.0,0.0,0.0,0.0,0.0,1.0,NORMAL,No high-conviction trigger; baseline 100% SPY.
2018-01-05,1.0,1.0,1,0,1,1,0,0,0,0,1.0,0.0,0.0,0.0,0.0,0.0,1.0,CALM_BULL_NEUTRAL,Weak CB-only conditions met; kept neutral at 1.00x.
2018-01-12,1.0,1.0,1,0,1,1,0,0,0,0,1.0,0.0,0.0,0.0,0.0,0.0,1.0,CALM_BULL_NEUTRAL,Weak CB-only conditions met; kept neutral at 1.00x.
2018-01-19,1.0,1.0,0,0,0,0,0,0,0,0,1.0,0.0,0.0,0.0,0.0,0.0,1.0,NORMAL,No high-conviction trigger; baseline 100% SPY.
2018-01-26,1.0,1.0,0,0,0,0,0,0,0,0,1.0,0.0,0.0,0.0,0.0,0.0,1.0,NORMAL,No high-conviction trigger; baseline 100% SPY.
2018-02-02,1.0,1.0,0,0,0,0,0,0,0,0,1.0,0.0,0.0,0.0,0.0,0.0,1.0,NORMAL,No high-conviction trigger; baseline 100% SPY.
2018-02-09,1.0,1.22,0,0,0,0,0,1,1,0,0.89,0.10999999999999999,0.0,0.0,0.0,0.0,1.22,YC_BOOST,Yield curve positive AND steepening (YC only); exposure 1.22x.
2018-02-16,1.0,1.22,0,0,0,0,0,1,1,0,0.89,0.10999999999999999,0.0,0.0,0.0,0.0,1.22,YC_BOOST,Yield curve positive AND steepening (YC only); exposure 1.22x.
2018-02-23,1.0,1.22,0,0,0,0,0,1,1,0,0.89,0.10999999999999999,0.0,0.0,0.0,0.0,1.22,YC_BOOST,Yield curve positive AND steepening (YC only); exposure 1.22x.
2018-03-02,1.0,1.22,0,0,0,0,0,1,1,0,0.89,0.10999999999999999,0.0,0.0,0.0,0.0,1.22,YC_BOOST,Yield curve positive AND steepening (YC only); exposure 1.22x.
2018-03-09,1.0,1.22,0,0,0,0,0,1,1,0,0.89,0.10999999999999999,0.0,0.0,0.0,0.0,1.22,YC_BOOST,Yield curve positive AND steepening (YC only); exposure 1.22x.
2018-03-16,1.0,1.22,0,0,0,0,0,1,1,0,0.89,0.10999999999999999,0.0,0.0,0.0,0.0,1.22,YC_BOOST,Yield curve positive AND steepening (YC only); exposure 1.22x.
2018-03-23,1.0,1.3,0,0,0,0,0,0,0,1,0.85,0.15000000000000002,0.0,0.0,0.0,0.0,1.3,NERVOUS_MARKET,VIX >= 20 with V12 normal — elevated risk premium; exposure 1.30x.
2018-03-30,1.0,1.0,0,0,0,0,0,0,0,0,1.0,0.0,0.0,0.0,0.0,0.0,1.0,NORMAL,No high-conviction trigger; baseline 100% SPY.
2018-04-06,1.0,1.3,0,0,0,0,0,0,0,1,0.85,0.15000000000000002,0.0,0.0,0.0,0.0,1.3,NERVOUS_MARKET,VIX >= 20 with V12 normal — elevated risk premium; exposure 1.30x.
2018-04-13,1.0,1.0,0,0,0,0,0,0,0,0,1.0,0.0,0.0,0.0,0.0,0.0,1.0,NORMAL,No high-conviction trigger; baseline 100% SPY.
2018-04-20,1.0,1.0,0,0,0,0,0,0,0,0,1.0,0.0,0.0,0.0,0.0,0.0,1.0,NORMAL,No high-conviction trigger; baseline 100% SPY.
2018-04-27,1.0,1.0,0,0,0,0,0,0,0,0,1.0,0.0,0.0,0.0,0.0,0.0,1.0,NORMAL,No high-conviction trigger; baseline 100% SPY.
2018-05-04,1.0,1.0,0,0,0,0,0,0,0,0,1.0,0.0,0.0,0.0,0.0,0.0,1.0,NORMAL,No high-conviction trigger; baseline 100% SPY.
2018-05-11,1.0,1.0,0,0,0,0,0,0,0,0,1.0,0.0,0.0,0.0,0.0,0.0,1.0,NORMAL,No high-conviction trigger; baseline 100% SPY.
2018-05-18,1.0,1.0,0,0,0,0,0,0,0,0,1.0,0.0,0.0,0.0,0.0,0.0,1.0,NORMAL,No high-conviction trigger; baseline 100% SPY.
2018-05-25,1.0,1.0,0,0,0,0,0,0,0,0,1.0,0.0,0.0,0.0,0.0,0.0,1.0,NORMAL,No high-conviction trigger; baseline 100% SPY.
2018-06-01,1.0,1.0,0,0,0,0,0,0,0,0,1.0,0.0,0.0,0.0,0.0,0.0,1.0,NORMAL,No high-conviction trigger; baseline 100% SPY.
2018-06-08,1.0,1.0,0,0,0,0,0,0,0,0,1.0,0.0,0.0,0.0,0.0,0.0,1.0,NORMAL,No high-conviction trigger; baseline 100% SPY.
2018-06-15,1.0,1.0,0,0,0,0,0,0,0,0,1.0,0.0,0.0,0.0,0.0,0.0,1.0,NORMAL,No high-conviction trigger; baseline 100% SPY.
2018-06-22,1.0,1.0,0,0,0,0,0,0,0,0,1.0,0.0,0.0,0.0,0.0,0.0,1.0,NORMAL,No high-conviction trigger; baseline 100% SPY.
2018-06-29,1.0,1.0,0,0,0,0,0,0,0,0,1.0,0.0,0.0,0.0,0.0,0.0,1.0,NORMAL,No high-conviction trigger; baseline 100% SPY.
2018-07-06,1.0,1.0,0,0,0,0,0,0,0,0,1.0,0.0,0.0,0.0,0.0,0.0,1.0,NORMAL,No high-conviction trigger; baseline 100% SPY.
2018-07-13,1.0,1.0,0,0,0,0,0,0,0,0,1.0,0.0,0.0,0.0,0.0,0.0,1.0,NORMAL,No high-conviction trigger; baseline 100% SPY.
2018-07-20,1.0,1.0,0,0,0,0,0,0,0,0,1.0,0.0,0.0,0.0,0.0,0.0,1.0,NORMAL,No high-conviction trigger; baseline 100% SPY.
2018-07-27,1.0,1.0,0,0,0,0,0,0,0,0,1.0,0.0,0.0,0.0,0.0,0.0,1.0,NORMAL,No high-conviction trigger; baseline 100% SPY.
2018-08-03,1.0,1.0,0,0,0,0,0,0,0,0,1.0,0.0,0.0,0.0,0.0,0.0,1.0,NORMAL,No high-conviction trigger; baseline 100% SPY.
2018-08-10,1.0,1.0,0,0,0,0,0,0,0,0,1.0,0.0,0.0,0.0,0.0,0.0,1.0,NORMAL,No high-conviction trigger; baseline 100% SPY.
2018-08-17,1.0,1.0,0,0,0,0,0,0,0,0,1.0,0.0,0.0,0.0,0.0,0.0,1.0,NORMAL,No high-conviction trigger; baseline 100% SPY.
2018-08-24,1.0,1.0,0,0,0,0,0,0,0,0,1.0,0.0,0.0,0.0,0.0,0.0,1.0,NORMAL,No high-conviction trigger; baseline 100% SPY.
2018-08-31,1.0,1.0,0,0,0,0,0,0,0,0,1.0,0.0,0.0,0.0,0.0,0.0,1.0,NORMAL,No high-conviction trigger; baseline 100% SPY.
2018-09-07,1.0,1.0,0,0,0,0,0,0,0,0,1.0,0.0,0.0,0.0,0.0,0.0,1.0,NORMAL,No high-conviction trigger; baseline 100% SPY.
2018-09-14,1.0,1.0,0,0,0,0,0,0,0,0,1.0,0.0,0.0,0.0,0.0,0.0,1.0,NORMAL,No high-conviction trigger; baseline 100% SPY.
2018-09-21,1.0,1.0,1,0,1,1,0,0,0,0,1.0,0.0,0.0,0.0,0.0,0.0,1.0,CALM_BULL_NEUTRAL,Weak CB-only conditions met; kept neutral at 1.00x.
2018-09-28,1.0,1.0,1,0,1,1,0,0,0,0,1.0,0.0,0.0,0.0,0.0,0.0,1.0,CALM_BULL_NEUTRAL,Weak CB-only conditions met; kept neutral at 1.00x.
2018-10-05,1.0,1.22,0,0,0,0,0,1,1,0,0.89,0.10999999999999999,0.0,0.0,0.0,0.0,1.22,YC_BOOST,Yield curve positive AND steepening (YC only); exposure 1.22x.
2018-10-12,1.0,1.22,0,0,0,0,0,1,1,0,0.89,0.10999999999999999,0.0,0.0,0.0,0.0,1.22,YC_BOOST,Yield curve positive AND steepening (YC only); exposure 1.22x.
2018-10-19,1.0,1.0,0,0,0,0,0,0,0,0,1.0,0.0,0.0,0.0,0.0,0.0,1.0,NORMAL,No high-conviction trigger; baseline 100% SPY.
2018-10-26,-1.0,-1.0,0,0,0,0,0,0,0,0,0.0,0.0,0.3333333333333333,0.33333333333333337,0.13333333333333336,0.2,-1.0,CRASH_SHORT,V12 crash-short protection retained.
2018-11-02,-1.0,-1.0,0,0,0,0,0,0,0,0,0.0,0.0,0.3333333333333333,0.33333333333333337,0.13333333333333336,0.2,-1.0,CRASH_SHORT,V12 crash-short protection retained.
2018-11-09,-1.0,-1.0,0,0,0,0,0,0,0,0,0.0,0.0,0.3333333333333333,0.33333333333333337,0.13333333333333336,0.2,-1.0,CRASH_SHORT,V12 crash-short protection retained.
2018-11-16,-1.0,-1.0,0,0,0,0,0,0,1,0,0.0,0.0,0.3333333333333333,0.33333333333333337,0.13333333333333336,0.2,-1.0,CRASH_SHORT,V12 crash-short protection retained.
2018-11-23,1.0,1.22,0,0,0,0,0,1,1,0,0.89,0.10999999999999999,0.0,0.0,0.0,0.0,1.22,YC_BOOST,Yield curve positive AND steepening (YC only); exposure 1.22x.
2018-11-30,1.0,1.0,0,0,0,0,0,0,0,0,1.0,0.0,0.0,0.0,0.0,0.0,1.0,NORMAL,No high-conviction trigger; baseline 100% SPY.
2018-12-07,0.6,0.6,0,0,0,0,0,0,0,0,0.6,0.0,0.0,0.2,0.08000000000000002,0.12,0.6,DEFENSIVE,V12 defensive risk-control signal retained.
2018-12-14,0.6,0.6,0,0,0,0,0,0,0,0,0.6,0.0,0.0,0.2,0.08000000000000002,0.12,0.6,DEFENSIVE,V12 defensive risk-control signal retained.
2018-12-21,0.6,0.6,0,0,0,0,0,0,0,0,0.6,0.0,0.0,0.2,0.08000000000000002,0.12,0.6,DEFENSIVE,V12 defensive risk-control signal retained.
2018-12-28,0.6,0.6,0,0,0,0,0,0,0,0,0.6,0.0,0.0,0.2,0.08000000000000002,0.12,0.6,DEFENSIVE,V12 defensive risk-control signal retained.
2019-01-04,1.7,1.7,0,0,0,0,0,0,0,0,0.65,0.35,0.0,0.0,0.0,0.0,1.6999999999999997,LEVERAGED_LONG,V12 high-conviction leverage signal retained (dip-buy / recovery).
2019-01-11,1.7,1.7,0,0,0,0,0,0,0,0,0.65,0.35,0.0,0.0,0.0,0.0,1.6999999999999997,LEVERAGED_LONG,V12 high-conviction leverage signal retained (dip-buy / recovery).
2019-01-18,1.7,1.7,0,0,0,0,0,0,0,0,0.65,0.35,0.0,0.0,0.0,0.0,1.6999999999999997,LEVERAGED_LONG,V12 high-conviction leverage signal retained (dip-buy / recovery).
2019-01-25,1.7,1.7,0,0,0,0,0,0,0,0,0.65,0.35,0.0,0.0,0.0,0.0,1.6999999999999997,LEVERAGED_LONG,V12 high-conviction leverage signal retained (dip-buy / recovery).
2019-02-01,0.6,0.6,0,0,0,0,0,0,0,0,0.6,0.0,0.0,0.2,0.08000000000000002,0.12,0.6,DEFENSIVE,V12 defensive risk-control signal retained.
2019-02-08,0.6,0.6,0,0,0,0,0,0,0,0,0.6,0.0,0.0,0.2,0.08000000000000002,0.12,0.6,DEFENSIVE,V12 defensive risk-control signal retained.
2019-02-15,1.0,1.0,0,0,0,0,0,0,0,0,1.0,0.0,0.0,0.0,0.0,0.0,1.0,NORMAL,No high-conviction trigger; baseline 100% SPY.
2019-02-22,1.0,1.0,0,0,0,0,0,0,0,0,1.0,0.0,0.0,0.0,0.0,0.0,1.0,NORMAL,No high-conviction trigger; baseline 100% SPY.
2019-03-01,1.0,1.0,0,0,0,0,0,0,0,0,1.0,0.0,0.0,0.0,0.0,0.0,1.0,NORMAL,No high-conviction trigger; baseline 100% SPY.
2019-03-08,1.0,1.22,0,0,0,0,0,1,1,0,0.89,0.10999999999999999,0.0,0.0,0.0,0.0,1.22,YC_BOOST,Yield curve positive AND steepening (YC only); exposure 1.22x.
2019-03-15,1.0,1.0,0,0,0,0,0,0,0,0,1.0,0.0,0.0,0.0,0.0,0.0,1.0,NORMAL,No high-conviction trigger; baseline 100% SPY.
2019-03-22,1.0,1.0,0,0,0,0,0,0,0,0,1.0,0.0,0.0,0.0,0.0,0.0,1.0,NORMAL,No high-conviction trigger; baseline 100% SPY.
2019-03-29,1.0,1.0,0,0,0,0,0,0,0,0,1.0,0.0,0.0,0.0,0.0,0.0,1.0,NORMAL,No high-conviction trigger; baseline 100% SPY.
2019-04-05,1.0,1.0,0,0,0,0,0,0,0,0,1.0,0.0,0.0,0.0,0.0,0.0,1.0,NORMAL,No high-conviction trigger; baseline 100% SPY.
2019-04-12,1.0,1.0,0,0,0,0,0,0,0,0,1.0,0.0,0.0,0.0,0.0,0.0,1.0,NORMAL,No high-conviction trigger; baseline 100% SPY.
2019-04-19,1.0,1.22,0,0,0,0,0,1,1,0,0.89,0.10999999999999999,0.0,0.0,0.0,0.0,1.22,YC_BOOST,Yield curve positive AND steepening (YC only); exposure 1.22x.
2019-04-26,1.0,1.22,0,0,0,0,0,1,1,0,0.89,0.10999999999999999,0.0,0.0,0.0,0.0,1.22,YC_BOOST,Yield curve positive AND steepening (YC only); exposure 1.22x.
2019-05-03,1.0,1.22,0,0,0,0,0,1,1,0,0.89,0.10999999999999999,0.0,0.0,0.0,0.0,1.22,YC_BOOST,Yield curve positive AND steepening (YC only); exposure 1.22x.
2019-05-10,1.0,1.22,0,0,0,0,0,1,1,0,0.89,0.10999999999999999,0.0,0.0,0.0,0.0,1.22,YC_BOOST,Yield curve positive AND steepening (YC only); exposure 1.22x.
2019-05-17,1.0,1.22,0,0,0,0,0,1,1,0,0.89,0.10999999999999999,0.0,0.0,0.0,0.0,1.22,YC_BOOST,Yield curve positive AND steepening (YC only); exposure 1.22x.
2019-05-24,1.0,1.0,0,0,0,0,0,0,0,0,1.0,0.0,0.0,0.0,0.0,0.0,1.0,NORMAL,No high-conviction trigger; baseline 100% SPY.
2019-05-31,1.3,1.3,0,0,0,0,0,0,0,0,0.85,0.15000000000000002,0.0,0.0,0.0,0.0,1.3,LEVERAGED_LONG,V12 high-conviction leverage signal retained (dip-buy / recovery).
2019-06-07,1.0,1.22,0,0,0,0,0,1,1,0,0.89,0.10999999999999999,0.0,0.0,0.0,0.0,1.22,YC_BOOST,Yield curve positive AND steepening (YC only); exposure 1.22x.
2019-06-14,1.0,1.22,0,0,0,0,0,1,1,0,0.89,0.10999999999999999,0.0,0.0,0.0,0.0,1.22,YC_BOOST,Yield curve positive AND steepening (YC only); exposure 1.22x.
2019-06-21,1.0,1.4,1,1,0,0,0,0,1,0,0.8,0.19999999999999996,0.0,0.0,0.0,0.0,1.4,DUAL_BOOST,Calm-uptrend AND yield-curve steepening both fire; exposure 1.40x (highest conviction).
2019-06-28,1.0,1.4,1,1,0,0,0,0,1,0,0.8,0.19999999999999996,0.0,0.0,0.0,0.0,1.4,DUAL_BOOST,Calm-uptrend AND yield-curve steepening both fire; exposure 1.40x (highest conviction).
2019-07-05,1.0,1.4,1,1,0,0,0,0,1,0,0.8,0.19999999999999996,0.0,0.0,0.0,0.0,1.4,DUAL_BOOST,Calm-uptrend AND yield-curve steepening both fire; exposure 1.40x (highest conviction).
2019-07-12,1.0,1.4,1,1,0,0,0,0,1,0,0.8,0.19999999999999996,0.0,0.0,0.0,0.0,1.4,DUAL_BOOST,Calm-uptrend AND yield-curve steepening both fire; exposure 1.40x (highest conviction).
2019-07-19,1.0,1.4,1,1,0,0,0,0,1,0,0.8,0.19999999999999996,0.0,0.0,0.0,0.0,1.4,DUAL_BOOST,Calm-uptrend AND yield-curve steepening both fire; exposure 1.40x (highest conviction).
2019-07-26,1.0,1.0,1,0,1,1,0,0,0,0,1.0,0.0,0.0,0.0,0.0,0.0,1.0,CALM_BULL_NEUTRAL,Weak CB-only conditions met; kept neutral at 1.00x.
2019-08-02,1.0,1.0,0,0,0,0,0,0,0,0,1.0,0.0,0.0,0.0,0.0,0.0,1.0,NORMAL,No high-conviction trigger; baseline 100% SPY.
2019-08-09,1.3,1.3,0,0,0,0,0,0,0,0,0.85,0.15000000000000002,0.0,0.0,0.0,0.0,1.3,LEVERAGED_LONG,V12 high-conviction leverage signal retained (dip-buy / recovery).
2019-08-16,1.3,1.3,0,0,0,0,0,0,0,0,0.85,0.15000000000000002,0.0,0.0,0.0,0.0,1.3,LEVERAGED_LONG,V12 high-conviction leverage signal retained (dip-buy / recovery).
2019-08-23,1.3,1.3,0,0,0,0,0,0,0,0,0.85,0.15000000000000002,0.0,0.0,0.0,0.0,1.3,LEVERAGED_LONG,V12 high-conviction leverage signal retained (dip-buy / recovery).
2019-08-30,1.0,1.0,0,0,0,0,0,0,0,0,1.0,0.0,0.0,0.0,0.0,0.0,1.0,NORMAL,No high-conviction trigger; baseline 100% SPY.
2019-09-06,1.0,1.0,1,0,1,1,0,0,0,0,1.0,0.0,0.0,0.0,0.0,0.0,1.0,CALM_BULL_NEUTRAL,Weak CB-only conditions met; kept neutral at 1.00x.
2019-09-13,1.0,1.0,1,0,1,1,0,0,0,0,1.0,0.0,0.0,0.0,0.0,0.0,1.0,CALM_BULL_NEUTRAL,Weak CB-only conditions met; kept neutral at 1.00x.
2019-09-20,1.0,1.0,1,0,1,1,0,0,0,0,1.0,0.0,0.0,0.0,0.0,0.0,1.0,CALM_BULL_NEUTRAL,Weak CB-only conditions met; kept neutral at 1.00x.
2019-09-27,1.0,1.0,0,0,0,0,0,0,0,0,1.0,0.0,0.0,0.0,0.0,0.0,1.0,NORMAL,No high-conviction trigger; baseline 100% SPY.
2019-10-04,1.0,1.0,0,0,0,0,0,0,0,0,1.0,0.0,0.0,0.0,0.0,0.0,1.0,NORMAL,No high-conviction trigger; baseline 100% SPY.
2019-10-11,1.0,1.0,0,0,0,0,0,0,0,0,1.0,0.0,0.0,0.0,0.0,0.0,1.0,NORMAL,No high-conviction trigger; baseline 100% SPY.
2019-10-18,1.0,1.0,1,0,1,1,0,0,0,0,1.0,0.0,0.0,0.0,0.0,0.0,1.0,CALM_BULL_NEUTRAL,Weak CB-only conditions met; kept neutral at 1.00x.
2019-10-25,1.0,1.0,1,0,1,1,0,0,0,0,1.0,0.0,0.0,0.0,0.0,0.0,1.0,CALM_BULL_NEUTRAL,Weak CB-only conditions met; kept neutral at 1.00x.
2019-11-01,1.0,1.4,1,1,0,0,0,0,1,0,0.8,0.19999999999999996,0.0,0.0,0.0,0.0,1.4,DUAL_BOOST,Calm-uptrend AND yield-curve steepening both fire; exposure 1.40x (highest conviction).
2019-11-08,1.0,1.4,1,1,0,0,0,0,1,0,0.8,0.19999999999999996,0.0,0.0,0.0,0.0,1.4,DUAL_BOOST,Calm-uptrend AND yield-curve steepening both fire; exposure 1.40x (highest conviction).
2019-11-15,1.0,1.4,1,1,0,0,0,0,1,0,0.8,0.19999999999999996,0.0,0.0,0.0,0.0,1.4,DUAL_BOOST,Calm-uptrend AND yield-curve steepening both fire; exposure 1.40x (highest conviction).
2019-11-22,1.0,1.4,1,1,0,0,0,0,1,0,0.8,0.19999999999999996,0.0,0.0,0.0,0.0,1.4,DUAL_BOOST,Calm-uptrend AND yield-curve steepening both fire; exposure 1.40x (highest conviction).
2019-11-29,1.0,1.4,1,1,0,0,0,0,1,0,0.8,0.19999999999999996,0.0,0.0,0.0,0.0,1.4,DUAL_BOOST,Calm-uptrend AND yield-curve steepening both fire; exposure 1.40x (highest conviction).
2019-12-06,1.0,1.4,1,1,0,0,0,0,1,0,0.8,0.19999999999999996,0.0,0.0,0.0,0.0,1.4,DUAL_BOOST,Calm-uptrend AND yield-curve steepening both fire; exposure 1.40x (highest conviction).
2019-12-13,1.0,1.4,1,1,0,0,0,0,1,0,0.8,0.19999999999999996,0.0,0.0,0.0,0.0,1.4,DUAL_BOOST,Calm-uptrend AND yield-curve steepening both fire; exposure 1.40x (highest conviction).
2019-12-20,1.0,1.4,1,1,0,0,0,0,1,0,0.8,0.19999999999999996,0.0,0.0,0.0,0.0,1.4,DUAL_BOOST,Calm-uptrend AND yield-curve steepening both fire; exposure 1.40x (highest conviction).
2019-12-27,1.0,1.4,1,1,0,0,0,0,1,0,0.8,0.19999999999999996,0.0,0.0,0.0,0.0,1.4,DUAL_BOOST,Calm-uptrend AND yield-curve steepening both fire; exposure 1.40x (highest conviction).
2020-01-03,1.0,1.4,1,1,0,0,0,0,1,0,0.8,0.19999999999999996,0.0,0.0,0.0,0.0,1.4,DUAL_BOOST,Calm-uptrend AND yield-curve steepening both fire; exposure 1.40x (highest conviction).
2020-01-10,1.0,1.4,1,1,0,0,0,0,1,0,0.8,0.19999999999999996,0.0,0.0,0.0,0.0,1.4,DUAL_BOOST,Calm-uptrend AND yield-curve steepening both fire; exposure 1.40x (highest conviction).
2020-01-17,1.0,1.4,1,1,0,0,0,0,1,0,0.8,0.19999999999999996,0.0,0.0,0.0,0.0,1.4,DUAL_BOOST,Calm-uptrend AND yield-curve steepening both fire; exposure 1.40x (highest conviction).
2020-01-24,1.0,1.22,0,0,0,0,0,1,1,0,0.89,0.10999999999999999,0.0,0.0,0.0,0.0,1.22,YC_BOOST,Yield curve positive AND steepening (YC only); exposure 1.22x.
2020-01-31,1.0,1.22,0,0,0,0,0,1,1,0,0.89,0.10999999999999999,0.0,0.0,0.0,0.0,1.22,YC_BOOST,Yield curve positive AND steepening (YC only); exposure 1.22x.
2020-02-07,1.0,1.0,0,0,0,0,0,0,0,0,1.0,0.0,0.0,0.0,0.0,0.0,1.0,NORMAL,No high-conviction trigger; baseline 100% SPY.
2020-02-14,1.0,1.0,1,0,1,1,0,0,0,0,1.0,0.0,0.0,0.0,0.0,0.0,1.0,CALM_BULL_NEUTRAL,Weak CB-only conditions met; kept neutral at 1.00x.
2020-02-21,1.0,1.0,0,0,0,0,0,0,0,0,1.0,0.0,0.0,0.0,0.0,0.0,1.0,NORMAL,No high-conviction trigger; baseline 100% SPY.
2020-02-28,0.6,0.6,0,0,0,0,0,0,1,0,0.6,0.0,0.0,0.2,0.08000000000000002,0.12,0.6,DEFENSIVE,V12 defensive risk-control signal retained.
2020-03-06,0.6,0.6,0,0,0,0,0,0,1,0,0.6,0.0,0.0,0.2,0.08000000000000002,0.12,0.6,DEFENSIVE,V12 defensive risk-control signal retained.
2020-03-13,0.6,0.6,0,0,0,0,0,0,1,0,0.6,0.0,0.0,0.16512727108320624,0.09162424297226461,0.14324848594452919,0.6,DEFENSIVE,V12 defensive risk-control signal retained.
2020-03-20,0.6,0.6,0,0,0,0,0,0,1,0,0.6,0.0,0.0,0.2,0.08000000000000002,0.12,0.6,DEFENSIVE,V12 defensive risk-control signal retained.
2020-03-27,0.6,0.6,0,0,0,0,0,0,1,0,0.6,0.0,0.0,0.14223914576799604,0.09925361807733467,0.15850723615466933,0.6,DEFENSIVE,V12 defensive risk-control signal retained.
2020-04-03,1.7,1.7,0,0,0,0,0,0,1,0,0.65,0.35,0.0,0.0,0.0,0.0,1.6999999999999997,LEVERAGED_LONG,V12 high-conviction leverage signal retained (dip-buy / recovery).
2020-04-10,1.7,1.7,0,0,0,0,0,0,1,0,0.65,0.35,0.0,0.0,0.0,0.0,1.6999999999999997,LEVERAGED_LONG,V12 high-conviction leverage signal retained (dip-buy / recovery).
2020-04-17,1.7,1.7,0,0,0,0,0,0,1,0,0.65,0.35,0.0,0.0,0.0,0.0,1.6999999999999997,LEVERAGED_LONG,V12 high-conviction leverage signal retained (dip-buy / recovery).
2020-04-24,1.7,1.7,0,0,0,0,0,0,1,0,0.65,0.35,0.0,0.0,0.0,0.0,1.6999999999999997,LEVERAGED_LONG,V12 high-conviction leverage signal retained (dip-buy / recovery).
2020-05-01,1.7,1.7,0,0,0,0,0,0,1,0,0.65,0.35,0.0,0.0,0.0,0.0,1.6999999999999997,LEVERAGED_LONG,V12 high-conviction leverage signal retained (dip-buy / recovery).
2020-05-08,1.7,1.7,0,0,0,0,0,0,1,0,0.65,0.35,0.0,0.0,0.0,0.0,1.6999999999999997,LEVERAGED_LONG,V12 high-conviction leverage signal retained (dip-buy / recovery).
2020-05-15,1.7,1.7,0,0,0,0,0,0,1,0,0.65,0.35,0.0,0.0,0.0,0.0,1.6999999999999997,LEVERAGED_LONG,V12 high-conviction leverage signal retained (dip-buy / recovery).
2020-05-22,1.7,1.7,0,0,0,0,0,0,1,0,0.65,0.35,0.0,0.0,0.0,0.0,1.6999999999999997,LEVERAGED_LONG,V12 high-conviction leverage signal retained (dip-buy / recovery).
2020-05-29,1.7,1.7,0,0,0,0,0,0,1,0,0.65,0.35,0.0,0.0,0.0,0.0,1.6999999999999997,LEVERAGED_LONG,V12 high-conviction leverage signal retained (dip-buy / recovery).
2020-06-05,1.5,1.5,0,0,0,0,0,0,1,0,0.75,0.25,0.0,0.0,0.0,0.0,1.5,LEVERAGED_LONG,V12 high-conviction leverage signal retained (dip-buy / recovery).
2020-06-12,1.5,1.5,0,0,0,0,0,0,1,0,0.75,0.25,0.0,0.0,0.0,0.0,1.5,LEVERAGED_LONG,V12 high-conviction leverage signal retained (dip-buy / recovery).
2020-06-19,1.5,1.5,0,0,0,0,0,0,0,0,0.75,0.25,0.0,0.0,0.0,0.0,1.5,LEVERAGED_LONG,V12 high-conviction leverage signal retained (dip-buy / recovery).
2020-06-26,1.5,1.5,0,0,0,0,0,0,0,0,0.75,0.25,0.0,0.0,0.0,0.0,1.5,LEVERAGED_LONG,V12 high-conviction leverage signal retained (dip-buy / recovery).
2020-07-03,1.5,1.5,0,0,0,0,0,0,1,0,0.75,0.25,0.0,0.0,0.0,0.0,1.5,LEVERAGED_LONG,V12 high-conviction leverage signal retained (dip-buy / recovery).
2020-07-10,1.5,1.5,0,0,0,0,0,0,0,0,0.75,0.25,0.0,0.0,0.0,0.0,1.5,LEVERAGED_LONG,V12 high-conviction leverage signal retained (dip-buy / recovery).
2020-07-17,1.0,1.22,0,0,0,0,0,1,1,0,0.89,0.10999999999999999,0.0,0.0,0.0,0.0,1.22,YC_BOOST,Yield curve positive AND steepening (YC only); exposure 1.22x.
2020-07-24,1.0,1.22,0,0,0,0,0,1,1,0,0.89,0.10999999999999999,0.0,0.0,0.0,0.0,1.22,YC_BOOST,Yield curve positive AND steepening (YC only); exposure 1.22x.
2020-07-31,1.0,1.3,0,0,0,0,0,0,0,1,0.85,0.15000000000000002,0.0,0.0,0.0,0.0,1.3,NERVOUS_MARKET,VIX >= 20 with V12 normal — elevated risk premium; exposure 1.30x.
2020-08-07,1.0,1.3,0,0,0,0,0,0,0,1,0.85,0.15000000000000002,0.0,0.0,0.0,0.0,1.3,NERVOUS_MARKET,VIX >= 20 with V12 normal — elevated risk premium; exposure 1.30x.
2020-08-14,1.0,1.22,0,0,0,0,0,1,1,0,0.89,0.10999999999999999,0.0,0.0,0.0,0.0,1.22,YC_BOOST,Yield curve positive AND steepening (YC only); exposure 1.22x.
2020-08-21,1.0,1.3,0,0,0,0,0,0,0,1,0.85,0.15000000000000002,0.0,0.0,0.0,0.0,1.3,NERVOUS_MARKET,VIX >= 20 with V12 normal — elevated risk premium; exposure 1.30x.
2020-08-28,1.0,1.22,0,0,0,0,0,1,1,0,0.89,0.10999999999999999,0.0,0.0,0.0,0.0,1.22,YC_BOOST,Yield curve positive AND steepening (YC only); exposure 1.22x.
2020-09-04,1.0,1.3,0,0,0,0,0,0,0,1,0.85,0.15000000000000002,0.0,0.0,0.0,0.0,1.3,NERVOUS_MARKET,VIX >= 20 with V12 normal — elevated risk premium; exposure 1.30x.
2020-09-11,1.0,1.22,0,0,0,0,0,1,1,0,0.89,0.10999999999999999,0.0,0.0,0.0,0.0,1.22,YC_BOOST,Yield curve positive AND steepening (YC only); exposure 1.22x.
2020-09-18,1.0,1.22,0,0,0,0,0,1,1,0,0.89,0.10999999999999999,0.0,0.0,0.0,0.0,1.22,YC_BOOST,Yield curve positive AND steepening (YC only); exposure 1.22x.
2020-09-25,1.0,1.22,0,0,0,0,0,1,1,0,0.89,0.10999999999999999,0.0,0.0,0.0,0.0,1.22,YC_BOOST,Yield curve positive AND steepening (YC only); exposure 1.22x.
2020-10-02,1.0,1.22,0,0,0,0,0,1,1,0,0.89,0.10999999999999999,0.0,0.0,0.0,0.0,1.22,YC_BOOST,Yield curve positive AND steepening (YC only); exposure 1.22x.
2020-10-09,1.0,1.4,1,1,0,0,0,0,1,0,0.8,0.19999999999999996,0.0,0.0,0.0,0.0,1.4,DUAL_BOOST,Calm-uptrend AND yield-curve steepening both fire; exposure 1.40x (highest conviction).
2020-10-16,1.0,1.22,0,0,0,0,0,1,1,0,0.89,0.10999999999999999,0.0,0.0,0.0,0.0,1.22,YC_BOOST,Yield curve positive AND steepening (YC only); exposure 1.22x.
2020-10-23,1.0,1.22,0,0,0,0,0,1,1,0,0.89,0.10999999999999999,0.0,0.0,0.0,0.0,1.22,YC_BOOST,Yield curve positive AND steepening (YC only); exposure 1.22x.
2020-10-30,1.0,1.22,0,0,0,0,0,1,1,0,0.89,0.10999999999999999,0.0,0.0,0.0,0.0,1.22,YC_BOOST,Yield curve positive AND steepening (YC only); exposure 1.22x.
2020-11-06,1.0,1.22,0,0,0,0,0,1,1,0,0.89,0.10999999999999999,0.0,0.0,0.0,0.0,1.22,YC_BOOST,Yield curve positive AND steepening (YC only); exposure 1.22x.
2020-11-13,1.0,1.22,0,0,0,0,0,1,1,0,0.89,0.10999999999999999,0.0,0.0,0.0,0.0,1.22,YC_BOOST,Yield curve positive AND steepening (YC only); exposure 1.22x.
2020-11-20,1.0,1.22,0,0,0,0,0,1,1,0,0.89,0.10999999999999999,0.0,0.0,0.0,0.0,1.22,YC_BOOST,Yield curve positive AND steepening (YC only); exposure 1.22x.
2020-11-27,1.0,1.22,0,0,0,0,0,1,1,0,0.89,0.10999999999999999,0.0,0.0,0.0,0.0,1.22,YC_BOOST,Yield curve positive AND steepening (YC only); exposure 1.22x.
2020-12-04,1.0,1.22,0,0,0,0,0,1,1,0,0.89,0.10999999999999999,0.0,0.0,0.0,0.0,1.22,YC_BOOST,Yield curve positive AND steepening (YC only); exposure 1.22x.
2020-12-11,1.0,1.4,1,1,0,0,0,0,1,0,0.8,0.19999999999999996,0.0,0.0,0.0,0.0,1.4,DUAL_BOOST,Calm-uptrend AND yield-curve steepening both fire; exposure 1.40x (highest conviction).
2020-12-18,1.0,1.4,1,1,0,0,0,0,1,0,0.8,0.19999999999999996,0.0,0.0,0.0,0.0,1.4,DUAL_BOOST,Calm-uptrend AND yield-curve steepening both fire; exposure 1.40x (highest conviction).
2020-12-25,1.0,1.4,1,1,0,0,0,0,1,0,0.8,0.19999999999999996,0.0,0.0,0.0,0.0,1.4,DUAL_BOOST,Calm-uptrend AND yield-curve steepening both fire; exposure 1.40x (highest conviction).
2021-01-01,1.0,1.4,1,1,0,0,0,0,1,0,0.8,0.19999999999999996,0.0,0.0,0.0,0.0,1.4,DUAL_BOOST,Calm-uptrend AND yield-curve steepening both fire; exposure 1.40x (highest conviction).
2021-01-08,1.0,1.4,1,1,0,0,0,0,1,0,0.8,0.19999999999999996,0.0,0.0,0.0,0.0,1.4,DUAL_BOOST,Calm-uptrend AND yield-curve steepening both fire; exposure 1.40x (highest conviction).
2021-01-15,1.0,1.4,1,1,0,0,0,0,1,0,0.8,0.19999999999999996,0.0,0.0,0.0,0.0,1.4,DUAL_BOOST,Calm-uptrend AND yield-curve steepening both fire; exposure 1.40x (highest conviction).
2021-01-22,1.0,1.4,1,1,0,0,0,0,1,0,0.8,0.19999999999999996,0.0,0.0,0.0,0.0,1.4,DUAL_BOOST,Calm-uptrend AND yield-curve steepening both fire; exposure 1.40x (highest conviction).
2021-01-29,1.0,1.22,0,0,0,0,0,1,1,0,0.89,0.10999999999999999,0.0,0.0,0.0,0.0,1.22,YC_BOOST,Yield curve positive AND steepening (YC only); exposure 1.22x.
2021-02-05,1.0,1.22,0,0,0,0,0,1,1,0,0.89,0.10999999999999999,0.0,0.0,0.0,0.0,1.22,YC_BOOST,Yield curve positive AND steepening (YC only); exposure 1.22x.
2021-02-12,1.0,1.22,0,0,0,0,0,1,1,0,0.89,0.10999999999999999,0.0,0.0,0.0,0.0,1.22,YC_BOOST,Yield curve positive AND steepening (YC only); exposure 1.22x.
2021-02-19,1.0,1.22,0,0,0,0,0,1,1,0,0.89,0.10999999999999999,0.0,0.0,0.0,0.0,1.22,YC_BOOST,Yield curve positive AND steepening (YC only); exposure 1.22x.
2021-02-26,1.0,1.22,0,0,0,0,0,1,1,0,0.89,0.10999999999999999,0.0,0.0,0.0,0.0,1.22,YC_BOOST,Yield curve positive AND steepening (YC only); exposure 1.22x.
2021-03-05,1.0,1.4,1,1,0,0,0,0,1,0,0.8,0.19999999999999996,0.0,0.0,0.0,0.0,1.4,DUAL_BOOST,Calm-uptrend AND yield-curve steepening both fire; exposure 1.40x (highest conviction).
2021-03-12,1.0,1.4,1,1,0,0,0,0,1,0,0.8,0.19999999999999996,0.0,0.0,0.0,0.0,1.4,DUAL_BOOST,Calm-uptrend AND yield-curve steepening both fire; exposure 1.40x (highest conviction).
2021-03-19,1.0,1.4,1,1,0,0,0,0,1,0,0.8,0.19999999999999996,0.0,0.0,0.0,0.0,1.4,DUAL_BOOST,Calm-uptrend AND yield-curve steepening both fire; exposure 1.40x (highest conviction).
2021-03-26,1.0,1.4,1,1,0,0,0,0,1,0,0.8,0.19999999999999996,0.0,0.0,0.0,0.0,1.4,DUAL_BOOST,Calm-uptrend AND yield-curve steepening both fire; exposure 1.40x (highest conviction).
2021-04-02,1.0,1.4,1,1,0,0,0,0,1,0,0.8,0.19999999999999996,0.0,0.0,0.0,0.0,1.4,DUAL_BOOST,Calm-uptrend AND yield-curve steepening both fire; exposure 1.40x (highest conviction).
2021-04-09,1.0,1.4,1,1,0,0,0,0,1,0,0.8,0.19999999999999996,0.0,0.0,0.0,0.0,1.4,DUAL_BOOST,Calm-uptrend AND yield-curve steepening both fire; exposure 1.40x (highest conviction).
2021-04-16,1.0,1.4,1,1,0,0,0,0,1,0,0.8,0.19999999999999996,0.0,0.0,0.0,0.0,1.4,DUAL_BOOST,Calm-uptrend AND yield-curve steepening both fire; exposure 1.40x (highest conviction).
2021-04-23,1.0,1.4,1,1,0,0,0,0,1,0,0.8,0.19999999999999996,0.0,0.0,0.0,0.0,1.4,DUAL_BOOST,Calm-uptrend AND yield-curve steepening both fire; exposure 1.40x (highest conviction).
2021-04-30,1.0,1.4,1,1,0,0,0,0,1,0,0.8,0.19999999999999996,0.0,0.0,0.0,0.0,1.4,DUAL_BOOST,Calm-uptrend AND yield-curve steepening both fire; exposure 1.40x (highest conviction).
2021-05-07,1.0,1.4,1,1,0,0,0,0,1,0,0.8,0.19999999999999996,0.0,0.0,0.0,0.0,1.4,DUAL_BOOST,Calm-uptrend AND yield-curve steepening both fire; exposure 1.40x (highest conviction).
2021-05-14,1.0,1.4,1,1,0,0,0,0,1,0,0.8,0.19999999999999996,0.0,0.0,0.0,0.0,1.4,DUAL_BOOST,Calm-uptrend AND yield-curve steepening both fire; exposure 1.40x (highest conviction).
2021-05-21,1.0,1.4,1,1,0,0,0,0,1,0,0.8,0.19999999999999996,0.0,0.0,0.0,0.0,1.4,DUAL_BOOST,Calm-uptrend AND yield-curve steepening both fire; exposure 1.40x (highest conviction).
2021-05-28,1.0,1.4,1,1,0,0,0,0,1,0,0.8,0.19999999999999996,0.0,0.0,0.0,0.0,1.4,DUAL_BOOST,Calm-uptrend AND yield-curve steepening both fire; exposure 1.40x (highest conviction).
2021-06-04,1.0,1.0,1,0,1,1,0,0,0,0,1.0,0.0,0.0,0.0,0.0,0.0,1.0,CALM_BULL_NEUTRAL,Weak CB-only conditions met; kept neutral at 1.00x.
2021-06-11,1.0,1.0,1,0,1,1,0,0,0,0,1.0,0.0,0.0,0.0,0.0,0.0,1.0,CALM_BULL_NEUTRAL,Weak CB-only conditions met; kept neutral at 1.00x.
2021-06-18,1.0,1.0,1,0,1,1,0,0,0,0,1.0,0.0,0.0,0.0,0.0,0.0,1.0,CALM_BULL_NEUTRAL,Weak CB-only conditions met; kept neutral at 1.00x.
2021-06-25,1.0,1.0,1,0,1,1,0,0,0,0,1.0,0.0,0.0,0.0,0.0,0.0,1.0,CALM_BULL_NEUTRAL,Weak CB-only conditions met; kept neutral at 1.00x.
2021-07-02,1.0,1.0,1,0,1,1,0,0,0,0,1.0,0.0,0.0,0.0,0.0,0.0,1.0,CALM_BULL_NEUTRAL,Weak CB-only conditions met; kept neutral at 1.00x.
2021-07-09,1.0,1.0,1,0,1,1,0,0,0,0,1.0,0.0,0.0,0.0,0.0,0.0,1.0,CALM_BULL_NEUTRAL,Weak CB-only conditions met; kept neutral at 1.00x.
2021-07-16,1.0,1.0,1,0,1,1,0,0,0,0,1.0,0.0,0.0,0.0,0.0,0.0,1.0,CALM_BULL_NEUTRAL,Weak CB-only conditions met; kept neutral at 1.00x.
2021-07-23,1.0,1.0,1,0,1,1,0,0,0,0,1.0,0.0,0.0,0.0,0.0,0.0,1.0,CALM_BULL_NEUTRAL,Weak CB-only conditions met; kept neutral at 1.00x.
2021-07-30,1.0,1.0,1,0,1,1,0,0,0,0,1.0,0.0,0.0,0.0,0.0,0.0,1.0,CALM_BULL_NEUTRAL,Weak CB-only conditions met; kept neutral at 1.00x.
2021-08-06,1.0,1.0,1,0,1,1,0,0,0,0,1.0,0.0,0.0,0.0,0.0,0.0,1.0,CALM_BULL_NEUTRAL,Weak CB-only conditions met; kept neutral at 1.00x.
2021-08-13,1.0,1.0,1,0,1,1,0,0,0,0,1.0,0.0,0.0,0.0,0.0,0.0,1.0,CALM_BULL_NEUTRAL,Weak CB-only conditions met; kept neutral at 1.00x.
2021-08-20,1.0,1.0,1,0,1,1,0,0,0,0,1.0,0.0,0.0,0.0,0.0,0.0,1.0,CALM_BULL_NEUTRAL,Weak CB-only conditions met; kept neutral at 1.00x.
2021-08-27,1.0,1.0,1,0,1,1,0,0,0,0,1.0,0.0,0.0,0.0,0.0,0.0,1.0,CALM_BULL_NEUTRAL,Weak CB-only conditions met; kept neutral at 1.00x.
2021-09-03,1.0,1.0,1,0,1,1,0,0,0,0,1.0,0.0,0.0,0.0,0.0,0.0,1.0,CALM_BULL_NEUTRAL,Weak CB-only conditions met; kept neutral at 1.00x.
2021-09-10,1.0,1.0,1,0,1,1,0,0,0,0,1.0,0.0,0.0,0.0,0.0,0.0,1.0,CALM_BULL_NEUTRAL,Weak CB-only conditions met; kept neutral at 1.00x.
2021-09-17,1.0,1.0,1,0,1,1,0,0,0,0,1.0,0.0,0.0,0.0,0.0,0.0,1.0,CALM_BULL_NEUTRAL,Weak CB-only conditions met; kept neutral at 1.00x.
2021-09-24,1.0,1.0,1,0,1,1,0,0,0,0,1.0,0.0,0.0,0.0,0.0,0.0,1.0,CALM_BULL_NEUTRAL,Weak CB-only conditions met; kept neutral at 1.00x.
2021-10-01,1.0,1.22,0,0,0,0,0,1,1,0,0.89,0.10999999999999999,0.0,0.0,0.0,0.0,1.22,YC_BOOST,Yield curve positive AND steepening (YC only); exposure 1.22x.
2021-10-08,1.0,1.4,1,1,0,0,0,0,1,0,0.8,0.19999999999999996,0.0,0.0,0.0,0.0,1.4,DUAL_BOOST,Calm-uptrend AND yield-curve steepening both fire; exposure 1.40x (highest conviction).
2021-10-15,1.0,1.4,1,1,0,0,0,0,1,0,0.8,0.19999999999999996,0.0,0.0,0.0,0.0,1.4,DUAL_BOOST,Calm-uptrend AND yield-curve steepening both fire; exposure 1.40x (highest conviction).
2021-10-22,1.0,1.4,1,1,0,0,0,0,1,0,0.8,0.19999999999999996,0.0,0.0,0.0,0.0,1.4,DUAL_BOOST,Calm-uptrend AND yield-curve steepening both fire; exposure 1.40x (highest conviction).
2021-10-29,1.0,1.4,1,1,0,0,0,0,1,0,0.8,0.19999999999999996,0.0,0.0,0.0,0.0,1.4,DUAL_BOOST,Calm-uptrend AND yield-curve steepening both fire; exposure 1.40x (highest conviction).
2021-11-05,1.0,1.0,1,0,1,1,0,0,0,0,1.0,0.0,0.0,0.0,0.0,0.0,1.0,CALM_BULL_NEUTRAL,Weak CB-only conditions met; kept neutral at 1.00x.
2021-11-12,1.0,1.0,1,0,1,1,0,0,0,0,1.0,0.0,0.0,0.0,0.0,0.0,1.0,CALM_BULL_NEUTRAL,Weak CB-only conditions met; kept neutral at 1.00x.
2021-11-19,1.0,1.0,1,0,1,1,0,0,0,0,1.0,0.0,0.0,0.0,0.0,0.0,1.0,CALM_BULL_NEUTRAL,Weak CB-only conditions met; kept neutral at 1.00x.
2021-11-26,1.0,1.3,0,0,0,0,0,0,0,1,0.85,0.15000000000000002,0.0,0.0,0.0,0.0,1.3,NERVOUS_MARKET,VIX >= 20 with V12 normal — elevated risk premium; exposure 1.30x.
2021-12-03,1.3,1.3,0,0,0,0,0,0,0,0,0.85,0.15000000000000002,0.0,0.0,0.0,0.0,1.3,LEVERAGED_LONG,V12 high-conviction leverage signal retained (dip-buy / recovery).
2021-12-10,1.0,1.0,1,0,1,1,0,0,0,0,1.0,0.0,0.0,0.0,0.0,0.0,1.0,CALM_BULL_NEUTRAL,Weak CB-only conditions met; kept neutral at 1.00x.
2021-12-17,1.7,1.7,0,0,0,0,0,0,0,0,0.65,0.35,0.0,0.0,0.0,0.0,1.6999999999999997,LEVERAGED_LONG,V12 high-conviction leverage signal retained (dip-buy / recovery).
2021-12-24,1.0,1.0,1,0,1,1,0,0,0,0,1.0,0.0,0.0,0.0,0.0,0.0,1.0,CALM_BULL_NEUTRAL,Weak CB-only conditions met; kept neutral at 1.00x.
2021-12-31,1.0,1.0,1,0,1,1,0,0,0,0,1.0,0.0,0.0,0.0,0.0,0.0,1.0,CALM_BULL_NEUTRAL,Weak CB-only conditions met; kept neutral at 1.00x.
2022-01-07,1.0,1.0,1,0,1,1,0,0,0,0,1.0,0.0,0.0,0.0,0.0,0.0,1.0,CALM_BULL_NEUTRAL,Weak CB-only conditions met; kept neutral at 1.00x.
2022-01-14,1.0,1.0,0,0,0,0,0,0,0,0,1.0,0.0,0.0,0.0,0.0,0.0,1.0,NORMAL,No high-conviction trigger; baseline 100% SPY.
2022-01-21,0.6,0.6,0,0,0,0,0,0,0,0,0.6,0.0,0.0,0.2,0.08000000000000002,0.12,0.6,DEFENSIVE,V12 defensive risk-control signal retained.
2022-01-28,1.0,1.3,0,0,0,0,0,0,0,1,0.85,0.15000000000000002,0.0,0.0,0.0,0.0,1.3,NERVOUS_MARKET,VIX >= 20 with V12 normal — elevated risk premium; exposure 1.30x.
2022-02-04,1.0,1.3,0,0,0,0,0,0,0,1,0.85,0.15000000000000002,0.0,0.0,0.0,0.0,1.3,NERVOUS_MARKET,VIX >= 20 with V12 normal — elevated risk premium; exposure 1.30x.
2022-02-11,0.6,0.6,0,0,0,0,0,0,0,0,0.6,0.0,0.0,0.2,0.08000000000000002,0.12,0.6,DEFENSIVE,V12 defensive risk-control signal retained.
2022-02-18,0.6,0.6,0,0,0,0,0,0,0,0,0.6,0.0,0.0,0.2,0.08000000000000002,0.12,0.6,DEFENSIVE,V12 defensive risk-control signal retained.
2022-02-25,0.6,0.6,0,0,0,0,0,0,0,0,0.6,0.0,0.0,0.2,0.08000000000000002,0.12,0.6,DEFENSIVE,V12 defensive risk-control signal retained.
2022-03-04,0.6,0.6,0,0,0,0,0,0,0,0,0.6,0.0,0.0,0.2,0.08000000000000002,0.12,0.6,DEFENSIVE,V12 defensive risk-control signal retained.
2022-03-11,0.6,0.6,0,0,0,0,0,0,0,0,0.6,0.0,0.0,0.2,0.08000000000000002,0.12,0.6,DEFENSIVE,V12 defensive risk-control signal retained.
2022-03-18,1.0,1.3,0,0,0,0,0,0,0,1,0.85,0.15000000000000002,0.0,0.0,0.0,0.0,1.3,NERVOUS_MARKET,VIX >= 20 with V12 normal — elevated risk premium; exposure 1.30x.
2022-03-25,1.0,1.3,0,0,0,0,0,0,0,1,0.85,0.15000000000000002,0.0,0.0,0.0,0.0,1.3,NERVOUS_MARKET,VIX >= 20 with V12 normal — elevated risk premium; exposure 1.30x.
2022-04-01,1.0,1.0,0,0,0,0,0,0,0,0,1.0,0.0,0.0,0.0,0.0,0.0,1.0,NORMAL,No high-conviction trigger; baseline 100% SPY.
2022-04-08,1.0,1.3,0,0,0,0,0,0,0,1,0.85,0.15000000000000002,0.0,0.0,0.0,0.0,1.3,NERVOUS_MARKET,VIX >= 20 with V12 normal — elevated risk premium; exposure 1.30x.
2022-04-15,0.6,0.6,0,0,0,0,0,0,0,0,0.6,0.0,0.0,0.2,0.08000000000000002,0.12,0.6,DEFENSIVE,V12 defensive risk-control signal retained.
2022-04-22,0.6,0.6,0,0,0,0,0,0,0,0,0.6,0.0,0.0,0.18376929349100574,0.0854102355029981,0.1308204710059962,0.6,DEFENSIVE,V12 defensive risk-control signal retained.
2022-04-29,-1.0,-1.0,0,0,0,0,0,0,0,0,0.0,0.0,0.3333333333333333,0.33333333333333337,0.13333333333333336,0.2,-1.0,CRASH_SHORT,V12 crash-short protection retained.
2022-05-06,-1.0,-1.0,0,0,0,0,0,0,0,0,0.0,0.0,0.3333333333333333,0.327198482617596,0.13537828357191248,0.20408990047715828,-1.0,CRASH_SHORT,V12 crash-short protection retained.
2022-05-13,-1.0,-1.0,0,0,0,0,0,0,0,0,0.0,0.0,0.3333333333333333,0.33333333333333337,0.13333333333333336,0.2,-1.0,CRASH_SHORT,V12 crash-short protection retained.
2022-05-20,-1.0,-1.0,0,0,0,0,0,0,0,0,0.0,0.0,0.3333333333333333,0.33333333333333337,0.13333333333333336,0.2,-1.0,CRASH_SHORT,V12 crash-short protection retained.
2022-05-27,-1.0,-1.0,0,0,0,0,0,0,0,0,0.0,0.0,0.3333333333333333,0.33333333333333337,0.13333333333333336,0.2,-1.0,CRASH_SHORT,V12 crash-short protection retained.
2022-06-03,-1.0,-1.0,0,0,0,0,0,0,1,0,0.0,0.0,0.3333333333333333,0.30690506733367057,0.14214275533322096,0.2176188439997752,-1.0,CRASH_SHORT,V12 crash-short protection retained.
2022-06-10,-1.0,-1.0,0,0,0,0,0,0,0,0,0.0,0.0,0.3333333333333333,0.3251100581208047,0.1360744250708429,0.20548218347501915,-1.0,CRASH_SHORT,V12 crash-short protection retained.
2022-06-17,1.0,1.3,0,0,0,0,0,0,0,1,0.85,0.15000000000000002,0.0,0.0,0.0,0.0,1.3,NERVOUS_MARKET,VIX >= 20 with V12 normal — elevated risk premium; exposure 1.30x.
2022-06-24,0.6,0.6,0,0,0,0,0,0,0,0,0.6,0.0,0.0,0.12952128486313225,0.10349290504562259,0.1669858100912452,0.6,DEFENSIVE,V12 defensive risk-control signal retained.
2022-07-01,0.6,0.6,0,0,0,0,0,0,1,0,0.6,0.0,0.0,0.1608197640808037,0.09306007863973212,0.1461201572794642,0.6,DEFENSIVE,V12 defensive risk-control signal retained.
2022-07-08,0.6,0.6,0,0,0,0,0,0,0,0,0.6,0.0,0.0,0.18100580047965892,0.0863313998401137,0.1326627996802274,0.6,DEFENSIVE,V12 defensive risk-control signal retained.
2022-07-15,0.6,0.6,0,0,0,0,0,0,0,0,0.6,0.0,0.0,0.1947151545140992,0.08176161516196695,0.12352323032393386,0.6,DEFENSIVE,V12 defensive risk-control signal retained.
2022-07-22,1.0,1.3,0,0,0,0,0,0,0,1,0.85,0.15000000000000002,0.0,0.0,0.0,0.0,1.3,NERVOUS_MARKET,VIX >= 20 with V12 normal — elevated risk premium; exposure 1.30x.
2022-07-29,1.0,1.3,0,0,0,0,0,0,0,1,0.85,0.15000000000000002,0.0,0.0,0.0,0.0,1.3,NERVOUS_MARKET,VIX >= 20 with V12 normal — elevated risk premium; exposure 1.30x.
2022-08-05,1.0,1.3,0,0,0,0,0,0,0,1,0.85,0.15000000000000002,0.0,0.0,0.0,0.0,1.3,NERVOUS_MARKET,VIX >= 20 with V12 normal — elevated risk premium; exposure 1.30x.
2022-08-12,1.0,1.0,0,0,0,0,0,0,0,0,1.0,0.0,0.0,0.0,0.0,0.0,1.0,NORMAL,No high-conviction trigger; baseline 100% SPY.
2022-08-19,1.0,1.3,0,0,0,0,0,0,0,1,0.85,0.15000000000000002,0.0,0.0,0.0,0.0,1.3,NERVOUS_MARKET,VIX >= 20 with V12 normal — elevated risk premium; exposure 1.30x.
2022-08-26,1.0,1.3,0,0,0,0,0,0,0,1,0.85,0.15000000000000002,0.0,0.0,0.0,0.0,1.3,NERVOUS_MARKET,VIX >= 20 with V12 normal — elevated risk premium; exposure 1.30x.
2022-09-02,1.0,1.3,0,0,0,0,0,0,0,1,0.85,0.15000000000000002,0.0,0.0,0.0,0.0,1.3,NERVOUS_MARKET,VIX >= 20 with V12 normal — elevated risk premium; exposure 1.30x.
2022-09-09,1.0,1.3,0,0,0,0,0,0,0,1,0.85,0.15000000000000002,0.0,0.0,0.0,0.0,1.3,NERVOUS_MARKET,VIX >= 20 with V12 normal — elevated risk premium; exposure 1.30x.
2022-09-16,-1.0,-1.0,0,0,0,0,0,0,0,0,0.0,0.0,0.3333333333333333,0.33333333333333337,0.13333333333333336,0.2,-1.0,CRASH_SHORT,V12 crash-short protection retained.
2022-09-23,-1.0,-1.0,0,0,0,0,0,0,0,0,0.0,0.0,0.3333333333333333,0.33333333333333337,0.13333333333333336,0.2,-1.0,CRASH_SHORT,V12 crash-short protection retained.
2022-09-30,-1.0,-1.0,0,0,0,0,0,0,0,0,0.0,0.0,0.3333333333333333,0.2573231995585209,0.1586700445916042,0.2506734225165417,-1.0,CRASH_SHORT,V12 crash-short protection retained.
2022-10-07,-1.0,-1.0,0,0,0,0,0,0,0,0,0.0,0.0,0.3333333333333333,0.21414299480028187,0.17306344617768385,0.27946022568870105,-1.0,CRASH_SHORT,V12 crash-short protection retained.
2022-10-14,-1.0,-1.0,0,0,0,0,0,0,0,0,0.0,0.0,0.3333333333333333,0.1396153085861918,0.19790600824904722,0.32914534983142774,-1.0,CRASH_SHORT,V12 crash-short protection retained.
2022-10-21,-1.0,-1.0,0,0,0,0,0,0,0,0,0.0,0.0,0.3333333333333333,0.33333333333333337,0.13333333333333336,0.2,-1.0,CRASH_SHORT,V12 crash-short protection retained.
2022-10-28,-1.0,-1.0,0,0,0,0,0,0,0,0,0.0,0.0,0.3333333333333333,0.29246687663591436,0.14695548556580637,0.22724430446494603,-1.0,CRASH_SHORT,V12 crash-short protection retained.
2022-11-04,1.0,1.3,0,0,0,0,0,0,0,1,0.85,0.15000000000000002,0.0,0.0,0.0,0.0,1.3,NERVOUS_MARKET,VIX >= 20 with V12 normal — elevated risk premium; exposure 1.30x.
2022-11-11,1.0,1.3,0,0,0,0,0,0,0,1,0.85,0.15000000000000002,0.0,0.0,0.0,0.0,1.3,NERVOUS_MARKET,VIX >= 20 with V12 normal — elevated risk premium; exposure 1.30x.
2022-11-18,1.0,1.3,0,0,0,0,0,0,0,1,0.85,0.15000000000000002,0.0,0.0,0.0,0.0,1.3,NERVOUS_MARKET,VIX >= 20 with V12 normal — elevated risk premium; exposure 1.30x.
2022-11-25,1.0,1.3,0,0,0,0,0,0,0,1,0.85,0.15000000000000002,0.0,0.0,0.0,0.0,1.3,NERVOUS_MARKET,VIX >= 20 with V12 normal — elevated risk premium; exposure 1.30x.
2022-12-02,1.0,1.0,0,0,0,0,0,0,0,0,1.0,0.0,0.0,0.0,0.0,0.0,1.0,NORMAL,No high-conviction trigger; baseline 100% SPY.
2022-12-09,1.0,1.3,0,0,0,0,0,0,0,1,0.85,0.15000000000000002,0.0,0.0,0.0,0.0,1.3,NERVOUS_MARKET,VIX >= 20 with V12 normal — elevated risk premium; exposure 1.30x.
2022-12-16,1.0,1.3,0,0,0,0,0,0,0,1,0.85,0.15000000000000002,0.0,0.0,0.0,0.0,1.3,NERVOUS_MARKET,VIX >= 20 with V12 normal — elevated risk premium; exposure 1.30x.
2022-12-23,1.0,1.3,0,0,0,0,0,0,0,1,0.85,0.15000000000000002,0.0,0.0,0.0,0.0,1.3,NERVOUS_MARKET,VIX >= 20 with V12 normal — elevated risk premium; exposure 1.30x.
2022-12-30,0.6,0.6,0,0,0,0,0,0,0,0,0.6,0.0,0.0,0.0876069074868585,0.11746436417104718,0.19492872834209435,0.6,DEFENSIVE,V12 defensive risk-control signal retained.
2023-01-06,0.6,0.6,0,0,0,0,0,0,0,0,0.6,0.0,0.0,0.08000000000000002,0.12000000000000002,0.2,0.6,DEFENSIVE,V12 defensive risk-control signal retained.
2023-01-13,1.0,1.0,0,0,0,0,0,0,0,0,1.0,0.0,0.0,0.0,0.0,0.0,1.0,NORMAL,No high-conviction trigger; baseline 100% SPY.
2023-01-20,1.0,1.0,0,0,0,0,0,0,0,0,1.0,0.0,0.0,0.0,0.0,0.0,1.0,NORMAL,No high-conviction trigger; baseline 100% SPY.
2023-01-27,1.0,1.0,0,0,0,0,0,0,0,0,1.0,0.0,0.0,0.0,0.0,0.0,1.0,NORMAL,No high-conviction trigger; baseline 100% SPY.
2023-02-03,1.0,1.0,0,0,0,0,0,0,0,0,1.0,0.0,0.0,0.0,0.0,0.0,1.0,NORMAL,No high-conviction trigger; baseline 100% SPY.
2023-02-10,1.0,1.3,0,0,0,0,0,0,0,1,0.85,0.15000000000000002,0.0,0.0,0.0,0.0,1.3,NERVOUS_MARKET,VIX >= 20 with V12 normal — elevated risk premium; exposure 1.30x.
2023-02-17,1.0,1.3,0,0,0,0,0,0,0,1,0.85,0.15000000000000002,0.0,0.0,0.0,0.0,1.3,NERVOUS_MARKET,VIX >= 20 with V12 normal — elevated risk premium; exposure 1.30x.
2023-02-24,1.0,1.3,0,0,0,0,0,0,0,1,0.85,0.15000000000000002,0.0,0.0,0.0,0.0,1.3,NERVOUS_MARKET,VIX >= 20 with V12 normal — elevated risk premium; exposure 1.30x.
2023-03-03,1.0,1.0,0,0,0,0,0,0,0,0,1.0,0.0,0.0,0.0,0.0,0.0,1.0,NORMAL,No high-conviction trigger; baseline 100% SPY.
2023-03-10,0.6,0.6,0,0,0,0,0,0,0,0,0.6,0.0,0.0,0.16614633917037014,0.09128455360987663,0.14256910721975324,0.6,DEFENSIVE,V12 defensive risk-control signal retained.
2023-03-17,1.3,1.3,0,0,0,0,0,0,0,0,0.85,0.15000000000000002,0.0,0.0,0.0,0.0,1.3,LEVERAGED_LONG,V12 high-conviction leverage signal retained (dip-buy / recovery).
2023-03-24,1.0,1.3,0,0,0,0,0,0,0,1,0.85,0.15000000000000002,0.0,0.0,0.0,0.0,1.3,NERVOUS_MARKET,VIX >= 20 with V12 normal — elevated risk premium; exposure 1.30x.
2023-03-31,1.0,1.0,0,0,0,0,0,0,0,0,1.0,0.0,0.0,0.0,0.0,0.0,1.0,NORMAL,No high-conviction trigger; baseline 100% SPY.
2023-04-07,1.0,1.0,0,0,0,0,0,0,0,0,1.0,0.0,0.0,0.0,0.0,0.0,1.0,NORMAL,No high-conviction trigger; baseline 100% SPY.
2023-04-14,1.0,1.0,0,0,0,0,0,0,0,0,1.0,0.0,0.0,0.0,0.0,0.0,1.0,NORMAL,No high-conviction trigger; baseline 100% SPY.
2023-04-21,1.0,1.0,1,0,1,1,0,0,0,0,1.0,0.0,0.0,0.0,0.0,0.0,1.0,CALM_BULL_NEUTRAL,Weak CB-only conditions met; kept neutral at 1.00x.
2023-04-28,1.0,1.0,1,0,1,1,0,0,0,0,1.0,0.0,0.0,0.0,0.0,0.0,1.0,CALM_BULL_NEUTRAL,Weak CB-only conditions met; kept neutral at 1.00x.
2023-05-05,1.2,1.2,0,0,0,0,0,0,0,0,0.9,0.09999999999999998,0.0,0.0,0.0,0.0,1.2,LEVERAGED_LONG,V12 high-conviction leverage signal retained (dip-buy / recovery).
2023-05-12,1.2,1.2,0,0,0,0,0,0,0,0,0.9,0.09999999999999998,0.0,0.0,0.0,0.0,1.2,LEVERAGED_LONG,V12 high-conviction leverage signal retained (dip-buy / recovery).
2023-05-19,1.0,1.0,1,0,1,1,0,0,0,0,1.0,0.0,0.0,0.0,0.0,0.0,1.0,CALM_BULL_NEUTRAL,Weak CB-only conditions met; kept neutral at 1.00x.
2023-05-26,1.0,1.0,1,0,1,1,0,0,0,0,1.0,0.0,0.0,0.0,0.0,0.0,1.0,CALM_BULL_NEUTRAL,Weak CB-only conditions met; kept neutral at 1.00x.
2023-06-02,1.0,1.0,1,0,1,1,0,0,0,0,1.0,0.0,0.0,0.0,0.0,0.0,1.0,CALM_BULL_NEUTRAL,Weak CB-only conditions met; kept neutral at 1.00x.
2023-06-09,1.0,1.0,1,0,1,1,0,0,0,0,1.0,0.0,0.0,0.0,0.0,0.0,1.0,CALM_BULL_NEUTRAL,Weak CB-only conditions met; kept neutral at 1.00x.
2023-06-16,1.0,1.0,1,0,1,1,0,0,0,0,1.0,0.0,0.0,0.0,0.0,0.0,1.0,CALM_BULL_NEUTRAL,Weak CB-only conditions met; kept neutral at 1.00x.
2023-06-23,1.0,1.0,1,0,1,1,0,0,0,0,1.0,0.0,0.0,0.0,0.0,0.0,1.0,CALM_BULL_NEUTRAL,Weak CB-only conditions met; kept neutral at 1.00x.
2023-06-30,1.0,1.0,1,0,1,1,0,0,0,0,1.0,0.0,0.0,0.0,0.0,0.0,1.0,CALM_BULL_NEUTRAL,Weak CB-only conditions met; kept neutral at 1.00x.
2023-07-07,1.0,1.0,1,0,1,1,0,0,0,0,1.0,0.0,0.0,0.0,0.0,0.0,1.0,CALM_BULL_NEUTRAL,Weak CB-only conditions met; kept neutral at 1.00x.
2023-07-14,1.0,1.0,1,0,1,1,0,0,0,0,1.0,0.0,0.0,0.0,0.0,0.0,1.0,CALM_BULL_NEUTRAL,Weak CB-only conditions met; kept neutral at 1.00x.
2023-07-21,1.0,1.0,1,0,1,1,0,0,0,0,1.0,0.0,0.0,0.0,0.0,0.0,1.0,CALM_BULL_NEUTRAL,Weak CB-only conditions met; kept neutral at 1.00x.
2023-07-28,1.0,1.0,1,0,1,1,0,0,0,0,1.0,0.0,0.0,0.0,0.0,0.0,1.0,CALM_BULL_NEUTRAL,Weak CB-only conditions met; kept neutral at 1.00x.
2023-08-04,1.0,1.0,1,0,1,1,0,0,0,0,1.0,0.0,0.0,0.0,0.0,0.0,1.0,CALM_BULL_NEUTRAL,Weak CB-only conditions met; kept neutral at 1.00x.
2023-08-11,1.0,1.0,1,0,1,1,0,0,0,0,1.0,0.0,0.0,0.0,0.0,0.0,1.0,CALM_BULL_NEUTRAL,Weak CB-only conditions met; kept neutral at 1.00x.
2023-08-18,1.0,1.0,1,0,1,1,0,0,0,0,1.0,0.0,0.0,0.0,0.0,0.0,1.0,CALM_BULL_NEUTRAL,Weak CB-only conditions met; kept neutral at 1.00x.
2023-08-25,1.0,1.0,1,0,1,1,0,0,0,0,1.0,0.0,0.0,0.0,0.0,0.0,1.0,CALM_BULL_NEUTRAL,Weak CB-only conditions met; kept neutral at 1.00x.
2023-09-01,1.0,1.0,1,0,1,1,0,0,0,0,1.0,0.0,0.0,0.0,0.0,0.0,1.0,CALM_BULL_NEUTRAL,Weak CB-only conditions met; kept neutral at 1.00x.
2023-09-08,1.0,1.0,1,0,1,1,0,0,0,0,1.0,0.0,0.0,0.0,0.0,0.0,1.0,CALM_BULL_NEUTRAL,Weak CB-only conditions met; kept neutral at 1.00x.
2023-09-15,1.0,1.0,1,0,1,1,0,0,0,0,1.0,0.0,0.0,0.0,0.0,0.0,1.0,CALM_BULL_NEUTRAL,Weak CB-only conditions met; kept neutral at 1.00x.
2023-09-22,1.0,1.0,0,0,0,0,0,0,0,0,1.0,0.0,0.0,0.0,0.0,0.0,1.0,NORMAL,No high-conviction trigger; baseline 100% SPY.
2023-09-29,1.0,1.0,0,0,0,0,0,0,0,0,1.0,0.0,0.0,0.0,0.0,0.0,1.0,NORMAL,No high-conviction trigger; baseline 100% SPY.
2023-10-06,1.0,1.0,0,0,0,0,0,0,0,0,1.0,0.0,0.0,0.0,0.0,0.0,1.0,NORMAL,No high-conviction trigger; baseline 100% SPY.
2023-10-13,1.0,1.0,0,0,0,0,0,0,0,0,1.0,0.0,0.0,0.0,0.0,0.0,1.0,NORMAL,No high-conviction trigger; baseline 100% SPY.
2023-10-20,0.6,0.6,0,0,0,0,0,0,0,0,0.6,0.0,0.0,0.08000000000000002,0.12000000000000002,0.2,0.6,DEFENSIVE,V12 defensive risk-control signal retained.
2023-10-27,0.6,0.6,0,0,0,0,0,0,0,0,0.6,0.0,0.0,0.08000000000000002,0.12000000000000002,0.2,0.6,DEFENSIVE,V12 defensive risk-control signal retained.
2023-11-03,1.0,1.0,0,0,0,0,0,0,0,0,1.0,0.0,0.0,0.0,0.0,0.0,1.0,NORMAL,No high-conviction trigger; baseline 100% SPY.
2023-11-10,1.0,1.0,0,0,0,0,0,0,0,0,1.0,0.0,0.0,0.0,0.0,0.0,1.0,NORMAL,No high-conviction trigger; baseline 100% SPY.
2023-11-17,1.0,1.2,1,0,1,0,1,0,0,0,0.9,0.09999999999999998,0.0,0.0,0.0,0.0,1.2,STRONG_CALM_BULL,Strong CB-only conditions met; exposure 1.20x.
2023-11-24,1.0,1.2,1,0,1,0,1,0,0,0,0.9,0.09999999999999998,0.0,0.0,0.0,0.0,1.2,STRONG_CALM_BULL,Strong CB-only conditions met; exposure 1.20x.
2023-12-01,1.2,1.2,0,0,0,0,0,0,0,0,0.9,0.09999999999999998,0.0,0.0,0.0,0.0,1.2,LEVERAGED_LONG,V12 high-conviction leverage signal retained (dip-buy / recovery).
2023-12-08,1.2,1.2,0,0,0,0,0,0,0,0,0.9,0.09999999999999998,0.0,0.0,0.0,0.0,1.2,LEVERAGED_LONG,V12 high-conviction leverage signal retained (dip-buy / recovery).
2023-12-15,1.0,1.2,1,0,1,0,1,0,0,0,0.9,0.09999999999999998,0.0,0.0,0.0,0.0,1.2,STRONG_CALM_BULL,Strong CB-only conditions met; exposure 1.20x.
2023-12-22,1.2,1.2,0,0,0,0,0,0,0,0,0.9,0.09999999999999998,0.0,0.0,0.0,0.0,1.2,LEVERAGED_LONG,V12 high-conviction leverage signal retained (dip-buy / recovery).
2023-12-29,1.0,1.2,1,0,1,0,1,0,0,0,0.9,0.09999999999999998,0.0,0.0,0.0,0.0,1.2,STRONG_CALM_BULL,Strong CB-only conditions met; exposure 1.20x.
2024-01-05,1.0,1.2,1,0,1,0,1,0,0,0,0.9,0.09999999999999998,0.0,0.0,0.0,0.0,1.2,STRONG_CALM_BULL,Strong CB-only conditions met; exposure 1.20x.
2024-01-12,1.2,1.2,0,0,0,0,0,0,0,0,0.9,0.09999999999999998,0.0,0.0,0.0,0.0,1.2,LEVERAGED_LONG,V12 high-conviction leverage signal retained (dip-buy / recovery).
2024-01-19,1.0,1.2,1,0,1,0,1,0,0,0,0.9,0.09999999999999998,0.0,0.0,0.0,0.0,1.2,STRONG_CALM_BULL,Strong CB-only conditions met; exposure 1.20x.
2024-01-26,1.0,1.2,1,0,1,0,1,0,0,0,0.9,0.09999999999999998,0.0,0.0,0.0,0.0,1.2,STRONG_CALM_BULL,Strong CB-only conditions met; exposure 1.20x.
2024-02-02,1.0,1.2,1,0,1,0,1,0,0,0,0.9,0.09999999999999998,0.0,0.0,0.0,0.0,1.2,STRONG_CALM_BULL,Strong CB-only conditions met; exposure 1.20x.
2024-02-09,1.0,1.2,1,0,1,0,1,0,0,0,0.9,0.09999999999999998,0.0,0.0,0.0,0.0,1.2,STRONG_CALM_BULL,Strong CB-only conditions met; exposure 1.20x.
2024-02-16,1.0,1.2,1,0,1,0,1,0,0,0,0.9,0.09999999999999998,0.0,0.0,0.0,0.0,1.2,STRONG_CALM_BULL,Strong CB-only conditions met; exposure 1.20x.
2024-02-23,1.0,1.2,1,0,1,0,1,0,0,0,0.9,0.09999999999999998,0.0,0.0,0.0,0.0,1.2,STRONG_CALM_BULL,Strong CB-only conditions met; exposure 1.20x.
2024-03-01,1.0,1.2,1,0,1,0,1,0,0,0,0.9,0.09999999999999998,0.0,0.0,0.0,0.0,1.2,STRONG_CALM_BULL,Strong CB-only conditions met; exposure 1.20x.
2024-03-08,1.0,1.2,1,0,1,0,1,0,0,0,0.9,0.09999999999999998,0.0,0.0,0.0,0.0,1.2,STRONG_CALM_BULL,Strong CB-only conditions met; exposure 1.20x.
2024-03-15,1.0,1.2,1,0,1,0,1,0,0,0,0.9,0.09999999999999998,0.0,0.0,0.0,0.0,1.2,STRONG_CALM_BULL,Strong CB-only conditions met; exposure 1.20x.
2024-03-22,1.0,1.2,1,0,1,0,1,0,0,0,0.9,0.09999999999999998,0.0,0.0,0.0,0.0,1.2,STRONG_CALM_BULL,Strong CB-only conditions met; exposure 1.20x.
2024-03-29,1.0,1.2,1,0,1,0,1,0,0,0,0.9,0.09999999999999998,0.0,0.0,0.0,0.0,1.2,STRONG_CALM_BULL,Strong CB-only conditions met; exposure 1.20x.
2024-04-05,1.0,1.0,0,0,0,0,0,0,0,0,1.0,0.0,0.0,0.0,0.0,0.0,1.0,NORMAL,No high-conviction trigger; baseline 100% SPY.
2024-04-12,1.0,1.0,0,0,0,0,0,0,0,0,1.0,0.0,0.0,0.0,0.0,0.0,1.0,NORMAL,No high-conviction trigger; baseline 100% SPY.
2024-04-19,1.0,1.0,0,0,0,0,0,0,0,0,1.0,0.0,0.0,0.0,0.0,0.0,1.0,NORMAL,No high-conviction trigger; baseline 100% SPY.
2024-04-26,1.0,1.0,0,0,0,0,0,0,0,0,1.0,0.0,0.0,0.0,0.0,0.0,1.0,NORMAL,No high-conviction trigger; baseline 100% SPY.
2024-05-03,1.0,1.2,1,0,1,0,1,0,0,0,0.9,0.09999999999999998,0.0,0.0,0.0,0.0,1.2,STRONG_CALM_BULL,Strong CB-only conditions met; exposure 1.20x.
2024-05-10,1.0,1.2,1,0,1,0,1,0,0,0,0.9,0.09999999999999998,0.0,0.0,0.0,0.0,1.2,STRONG_CALM_BULL,Strong CB-only conditions met; exposure 1.20x.
2024-05-17,1.0,1.2,1,0,1,0,1,0,0,0,0.9,0.09999999999999998,0.0,0.0,0.0,0.0,1.2,STRONG_CALM_BULL,Strong CB-only conditions met; exposure 1.20x.
2024-05-24,1.0,1.2,1,0,1,0,1,0,0,0,0.9,0.09999999999999998,0.0,0.0,0.0,0.0,1.2,STRONG_CALM_BULL,Strong CB-only conditions met; exposure 1.20x.
2024-05-31,1.0,1.2,1,0,1,0,1,0,0,0,0.9,0.09999999999999998,0.0,0.0,0.0,0.0,1.2,STRONG_CALM_BULL,Strong CB-only conditions met; exposure 1.20x.
2024-06-07,1.0,1.2,1,0,1,0,1,0,0,0,0.9,0.09999999999999998,0.0,0.0,0.0,0.0,1.2,STRONG_CALM_BULL,Strong CB-only conditions met; exposure 1.20x.
2024-06-14,1.0,1.0,1,0,1,1,0,0,0,0,1.0,0.0,0.0,0.0,0.0,0.0,1.0,CALM_BULL_NEUTRAL,Weak CB-only conditions met; kept neutral at 1.00x.
2024-06-21,1.0,1.2,1,0,1,0,1,0,0,0,0.9,0.09999999999999998,0.0,0.0,0.0,0.0,1.2,STRONG_CALM_BULL,Strong CB-only conditions met; exposure 1.20x.
2024-06-28,1.0,1.2,1,0,1,0,1,0,0,0,0.9,0.09999999999999998,0.0,0.0,0.0,0.0,1.2,STRONG_CALM_BULL,Strong CB-only conditions met; exposure 1.20x.
2024-07-05,1.0,1.0,1,0,1,1,0,0,0,0,1.0,0.0,0.0,0.0,0.0,0.0,1.0,CALM_BULL_NEUTRAL,Weak CB-only conditions met; kept neutral at 1.00x.
2024-07-12,1.0,1.2,1,0,1,0,1,0,0,0,0.9,0.09999999999999998,0.0,0.0,0.0,0.0,1.2,STRONG_CALM_BULL,Strong CB-only conditions met; exposure 1.20x.
2024-07-19,1.0,1.0,0,0,0,0,0,0,0,0,1.0,0.0,0.0,0.0,0.0,0.0,1.0,NORMAL,No high-conviction trigger; baseline 100% SPY.
2024-07-26,1.0,1.0,0,0,0,0,0,0,0,0,1.0,0.0,0.0,0.0,0.0,0.0,1.0,NORMAL,No high-conviction trigger; baseline 100% SPY.
2024-08-02,1.3,1.3,0,0,0,0,0,0,0,0,0.85,0.15000000000000002,0.0,0.0,0.0,0.0,1.3,LEVERAGED_LONG,V12 high-conviction leverage signal retained (dip-buy / recovery).
2024-08-09,1.3,1.3,0,0,0,0,0,0,0,0,0.85,0.15000000000000002,0.0,0.0,0.0,0.0,1.3,LEVERAGED_LONG,V12 high-conviction leverage signal retained (dip-buy / recovery).
2024-08-16,1.7,1.7,0,0,0,0,0,0,0,0,0.65,0.35,0.0,0.0,0.0,0.0,1.6999999999999997,LEVERAGED_LONG,V12 high-conviction leverage signal retained (dip-buy / recovery).
2024-08-23,1.7,1.7,0,0,0,0,0,0,0,0,0.65,0.35,0.0,0.0,0.0,0.0,1.6999999999999997,LEVERAGED_LONG,V12 high-conviction leverage signal retained (dip-buy / recovery).
2024-08-30,1.7,1.7,0,0,0,0,0,0,0,0,0.65,0.35,0.0,0.0,0.0,0.0,1.6999999999999997,LEVERAGED_LONG,V12 high-conviction leverage signal retained (dip-buy / recovery).
2024-09-06,1.7,1.7,0,0,0,0,0,0,1,0,0.65,0.35,0.0,0.0,0.0,0.0,1.6999999999999997,LEVERAGED_LONG,V12 high-conviction leverage signal retained (dip-buy / recovery).
2024-09-13,1.2,1.2,0,0,0,0,0,0,1,0,0.9,0.09999999999999998,0.0,0.0,0.0,0.0,1.2,LEVERAGED_LONG,V12 high-conviction leverage signal retained (dip-buy / recovery).
2024-09-20,1.2,1.2,0,0,0,0,0,0,1,0,0.9,0.09999999999999998,0.0,0.0,0.0,0.0,1.2,LEVERAGED_LONG,V12 high-conviction leverage signal retained (dip-buy / recovery).
2024-09-27,1.2,1.2,0,0,0,0,0,0,1,0,0.9,0.09999999999999998,0.0,0.0,0.0,0.0,1.2,LEVERAGED_LONG,V12 high-conviction leverage signal retained (dip-buy / recovery).
2024-10-04,1.2,1.2,0,0,0,0,0,0,1,0,0.9,0.09999999999999998,0.0,0.0,0.0,0.0,1.2,LEVERAGED_LONG,V12 high-conviction leverage signal retained (dip-buy / recovery).
2024-10-11,1.2,1.2,0,0,0,0,0,0,1,0,0.9,0.09999999999999998,0.0,0.0,0.0,0.0,1.2,LEVERAGED_LONG,V12 high-conviction leverage signal retained (dip-buy / recovery).
2024-10-18,1.2,1.2,0,0,0,0,0,0,1,0,0.9,0.09999999999999998,0.0,0.0,0.0,0.0,1.2,LEVERAGED_LONG,V12 high-conviction leverage signal retained (dip-buy / recovery).
2024-10-25,1.0,1.22,0,0,0,0,0,1,1,0,0.89,0.10999999999999999,0.0,0.0,0.0,0.0,1.22,YC_BOOST,Yield curve positive AND steepening (YC only); exposure 1.22x.
2024-11-01,1.0,1.22,0,0,0,0,0,1,1,0,0.89,0.10999999999999999,0.0,0.0,0.0,0.0,1.22,YC_BOOST,Yield curve positive AND steepening (YC only); exposure 1.22x.
2024-11-08,1.0,1.22,0,0,0,0,0,1,1,0,0.89,0.10999999999999999,0.0,0.0,0.0,0.0,1.22,YC_BOOST,Yield curve positive AND steepening (YC only); exposure 1.22x.
2024-11-15,1.0,1.22,0,0,0,0,0,1,1,0,0.89,0.10999999999999999,0.0,0.0,0.0,0.0,1.22,YC_BOOST,Yield curve positive AND steepening (YC only); exposure 1.22x.
2024-11-22,1.0,1.22,0,0,0,0,0,1,1,0,0.89,0.10999999999999999,0.0,0.0,0.0,0.0,1.22,YC_BOOST,Yield curve positive AND steepening (YC only); exposure 1.22x.
2024-11-29,1.0,1.22,0,0,0,0,0,1,1,0,0.89,0.10999999999999999,0.0,0.0,0.0,0.0,1.22,YC_BOOST,Yield curve positive AND steepening (YC only); exposure 1.22x.
2024-12-06,1.0,1.0,0,0,0,0,0,0,0,0,1.0,0.0,0.0,0.0,0.0,0.0,1.0,NORMAL,No high-conviction trigger; baseline 100% SPY.
2024-12-13,1.0,1.22,0,0,0,0,0,1,1,0,0.89,0.10999999999999999,0.0,0.0,0.0,0.0,1.22,YC_BOOST,Yield curve positive AND steepening (YC only); exposure 1.22x.
2024-12-20,1.0,1.22,0,0,0,0,0,1,1,0,0.89,0.10999999999999999,0.0,0.0,0.0,0.0,1.22,YC_BOOST,Yield curve positive AND steepening (YC only); exposure 1.22x.
2024-12-27,1.0,1.22,0,0,0,0,0,1,1,0,0.89,0.10999999999999999,0.0,0.0,0.0,0.0,1.22,YC_BOOST,Yield curve positive AND steepening (YC only); exposure 1.22x.
2025-01-03,1.0,1.22,0,0,0,0,0,1,1,0,0.89,0.10999999999999999,0.0,0.0,0.0,0.0,1.22,YC_BOOST,Yield curve positive AND steepening (YC only); exposure 1.22x.
2025-01-10,1.0,1.22,0,0,0,0,0,1,1,0,0.89,0.10999999999999999,0.0,0.0,0.0,0.0,1.22,YC_BOOST,Yield curve positive AND steepening (YC only); exposure 1.22x.
2025-01-17,1.0,1.22,0,0,0,0,0,1,1,0,0.89,0.10999999999999999,0.0,0.0,0.0,0.0,1.22,YC_BOOST,Yield curve positive AND steepening (YC only); exposure 1.22x.
2025-01-24,1.0,1.22,0,0,0,0,0,1,1,0,0.89,0.10999999999999999,0.0,0.0,0.0,0.0,1.22,YC_BOOST,Yield curve positive AND steepening (YC only); exposure 1.22x.
2025-01-31,1.0,1.22,0,0,0,0,0,1,1,0,0.89,0.10999999999999999,0.0,0.0,0.0,0.0,1.22,YC_BOOST,Yield curve positive AND steepening (YC only); exposure 1.22x.
2025-02-07,1.0,1.22,0,0,0,0,0,1,1,0,0.89,0.10999999999999999,0.0,0.0,0.0,0.0,1.22,YC_BOOST,Yield curve positive AND steepening (YC only); exposure 1.22x.
2025-02-14,1.0,1.22,0,0,0,0,0,1,1,0,0.89,0.10999999999999999,0.0,0.0,0.0,0.0,1.22,YC_BOOST,Yield curve positive AND steepening (YC only); exposure 1.22x.
2025-02-21,1.0,1.22,0,0,0,0,0,1,1,0,0.89,0.10999999999999999,0.0,0.0,0.0,0.0,1.22,YC_BOOST,Yield curve positive AND steepening (YC only); exposure 1.22x.
2025-02-28,1.0,1.22,0,0,0,0,0,1,1,0,0.89,0.10999999999999999,0.0,0.0,0.0,0.0,1.22,YC_BOOST,Yield curve positive AND steepening (YC only); exposure 1.22x.
2025-03-07,1.0,1.22,0,0,0,0,0,1,1,0,0.89,0.10999999999999999,0.0,0.0,0.0,0.0,1.22,YC_BOOST,Yield curve positive AND steepening (YC only); exposure 1.22x.
2025-03-14,0.6,0.6,0,0,0,0,0,0,1,0,0.6,0.0,0.0,0.08000000000000002,0.12000000000000002,0.2,0.6,DEFENSIVE,V12 defensive risk-control signal retained.
2025-03-21,0.6,0.6,0,0,0,0,0,0,1,0,0.6,0.0,0.0,0.08000000000000002,0.12000000000000002,0.2,0.6,DEFENSIVE,V12 defensive risk-control signal retained.
2025-03-28,0.6,0.6,0,0,0,0,0,0,1,0,0.6,0.0,0.0,0.08000000000000002,0.12000000000000002,0.2,0.6,DEFENSIVE,V12 defensive risk-control signal retained.
2025-04-04,0.6,0.6,0,0,0,0,0,0,1,0,0.6,0.0,0.0,0.2,0.08000000000000002,0.12,0.6,DEFENSIVE,V12 defensive risk-control signal retained.
2025-04-11,0.6,0.6,0,0,0,0,0,0,1,0,0.6,0.0,0.0,0.2,0.08000000000000002,0.12,0.6,DEFENSIVE,V12 defensive risk-control signal retained.
2025-04-18,1.7,1.7,0,0,0,0,0,0,1,0,0.65,0.35,0.0,0.0,0.0,0.0,1.6999999999999997,LEVERAGED_LONG,V12 high-conviction leverage signal retained (dip-buy / recovery).
2025-04-25,1.7,1.7,0,0,0,0,0,0,1,0,0.65,0.35,0.0,0.0,0.0,0.0,1.6999999999999997,LEVERAGED_LONG,V12 high-conviction leverage signal retained (dip-buy / recovery).
2025-05-02,1.7,1.7,0,0,0,0,0,0,1,0,0.65,0.35,0.0,0.0,0.0,0.0,1.6999999999999997,LEVERAGED_LONG,V12 high-conviction leverage signal retained (dip-buy / recovery).
2025-05-09,1.7,1.7,0,0,0,0,0,0,1,0,0.65,0.35,0.0,0.0,0.0,0.0,1.6999999999999997,LEVERAGED_LONG,V12 high-conviction leverage signal retained (dip-buy / recovery).
2025-05-16,1.0,1.22,0,0,0,0,0,1,1,0,0.89,0.10999999999999999,0.0,0.0,0.0,0.0,1.22,YC_BOOST,Yield curve positive AND steepening (YC only); exposure 1.22x.
2025-05-23,1.0,1.22,0,0,0,0,0,1,1,0,0.89,0.10999999999999999,0.0,0.0,0.0,0.0,1.22,YC_BOOST,Yield curve positive AND steepening (YC only); exposure 1.22x.
2025-05-30,1.2,1.2,0,0,0,0,0,0,1,0,0.9,0.09999999999999998,0.0,0.0,0.0,0.0,1.2,LEVERAGED_LONG,V12 high-conviction leverage signal retained (dip-buy / recovery).
2025-06-06,1.0,1.22,0,0,0,0,0,1,1,0,0.89,0.10999999999999999,0.0,0.0,0.0,0.0,1.22,YC_BOOST,Yield curve positive AND steepening (YC only); exposure 1.22x.
2025-06-13,1.0,1.22,0,0,0,0,0,1,1,0,0.89,0.10999999999999999,0.0,0.0,0.0,0.0,1.22,YC_BOOST,Yield curve positive AND steepening (YC only); exposure 1.22x.
2025-06-20,1.0,1.22,0,0,0,0,0,1,1,0,0.89,0.10999999999999999,0.0,0.0,0.0,0.0,1.22,YC_BOOST,Yield curve positive AND steepening (YC only); exposure 1.22x.
2025-06-27,1.0,1.22,0,0,0,0,0,1,1,0,0.89,0.10999999999999999,0.0,0.0,0.0,0.0,1.22,YC_BOOST,Yield curve positive AND steepening (YC only); exposure 1.22x.
2025-07-04,1.0,1.22,0,0,0,0,0,1,1,0,0.89,0.10999999999999999,0.0,0.0,0.0,0.0,1.22,YC_BOOST,Yield curve positive AND steepening (YC only); exposure 1.22x.
2025-07-11,1.0,1.22,0,0,0,0,0,1,1,0,0.89,0.10999999999999999,0.0,0.0,0.0,0.0,1.22,YC_BOOST,Yield curve positive AND steepening (YC only); exposure 1.22x.
2025-07-18,1.0,1.22,0,0,0,0,0,1,1,0,0.89,0.10999999999999999,0.0,0.0,0.0,0.0,1.22,YC_BOOST,Yield curve positive AND steepening (YC only); exposure 1.22x.
2025-07-25,1.0,1.0,0,0,0,0,0,0,0,0,1.0,0.0,0.0,0.0,0.0,0.0,1.0,NORMAL,No high-conviction trigger; baseline 100% SPY.
2025-08-01,1.0,1.22,0,0,0,0,0,1,1,0,0.89,0.10999999999999999,0.0,0.0,0.0,0.0,1.22,YC_BOOST,Yield curve positive AND steepening (YC only); exposure 1.22x.
2025-08-08,1.0,1.22,0,0,0,0,0,1,1,0,0.89,0.10999999999999999,0.0,0.0,0.0,0.0,1.22,YC_BOOST,Yield curve positive AND steepening (YC only); exposure 1.22x.
2025-08-15,1.0,1.22,0,0,0,0,0,1,1,0,0.89,0.10999999999999999,0.0,0.0,0.0,0.0,1.22,YC_BOOST,Yield curve positive AND steepening (YC only); exposure 1.22x.
2025-08-22,1.0,1.22,0,0,0,0,0,1,1,0,0.89,0.10999999999999999,0.0,0.0,0.0,0.0,1.22,YC_BOOST,Yield curve positive AND steepening (YC only); exposure 1.22x.
2025-08-29,1.0,1.22,0,0,0,0,0,1,1,0,0.89,0.10999999999999999,0.0,0.0,0.0,0.0,1.22,YC_BOOST,Yield curve positive AND steepening (YC only); exposure 1.22x.
2025-09-05,1.0,1.22,0,0,0,0,0,1,1,0,0.89,0.10999999999999999,0.0,0.0,0.0,0.0,1.22,YC_BOOST,Yield curve positive AND steepening (YC only); exposure 1.22x.
2025-09-12,1.0,1.22,0,0,0,0,0,1,1,0,0.89,0.10999999999999999,0.0,0.0,0.0,0.0,1.22,YC_BOOST,Yield curve positive AND steepening (YC only); exposure 1.22x.
2025-09-19,1.0,1.22,0,0,0,0,0,1,1,0,0.89,0.10999999999999999,0.0,0.0,0.0,0.0,1.22,YC_BOOST,Yield curve positive AND steepening (YC only); exposure 1.22x.
2025-09-26,1.0,1.22,0,0,0,0,0,1,1,0,0.89,0.10999999999999999,0.0,0.0,0.0,0.0,1.22,YC_BOOST,Yield curve positive AND steepening (YC only); exposure 1.22x.
2025-10-03,1.0,1.22,0,0,0,0,0,1,1,0,0.89,0.10999999999999999,0.0,0.0,0.0,0.0,1.22,YC_BOOST,Yield curve positive AND steepening (YC only); exposure 1.22x.
2025-10-10,1.0,1.3,0,0,0,0,0,0,0,1,0.85,0.15000000000000002,0.0,0.0,0.0,0.0,1.3,NERVOUS_MARKET,VIX >= 20 with V12 normal — elevated risk premium; exposure 1.30x.
2025-10-17,1.0,1.3,0,0,0,0,0,0,0,1,0.85,0.15000000000000002,0.0,0.0,0.0,0.0,1.3,NERVOUS_MARKET,VIX >= 20 with V12 normal — elevated risk premium; exposure 1.30x.
2025-10-24,1.0,1.4,1,1,0,0,0,0,1,0,0.8,0.19999999999999996,0.0,0.0,0.0,0.0,1.4,DUAL_BOOST,Calm-uptrend AND yield-curve steepening both fire; exposure 1.40x (highest conviction).
2025-10-31,1.0,1.2,1,0,1,0,1,0,0,0,0.9,0.09999999999999998,0.0,0.0,0.0,0.0,1.2,STRONG_CALM_BULL,Strong CB-only conditions met; exposure 1.20x.
2025-11-07,1.0,1.22,0,0,0,0,0,1,1,0,0.89,0.10999999999999999,0.0,0.0,0.0,0.0,1.22,YC_BOOST,Yield curve positive AND steepening (YC only); exposure 1.22x.
2025-11-14,1.0,1.0,0,0,0,0,0,0,0,0,1.0,0.0,0.0,0.0,0.0,0.0,1.0,NORMAL,No high-conviction trigger; baseline 100% SPY.
2025-11-21,1.3,1.3,0,0,0,0,0,0,0,0,0.85,0.15000000000000002,0.0,0.0,0.0,0.0,1.3,LEVERAGED_LONG,V12 high-conviction leverage signal retained (dip-buy / recovery).
2025-11-28,1.0,1.2,1,0,1,0,1,0,0,0,0.9,0.09999999999999998,0.0,0.0,0.0,0.0,1.2,STRONG_CALM_BULL,Strong CB-only conditions met; exposure 1.20x.
2025-12-05,1.0,1.2,1,0,1,0,1,0,0,0,0.9,0.09999999999999998,0.0,0.0,0.0,0.0,1.2,STRONG_CALM_BULL,Strong CB-only conditions met; exposure 1.20x.
2025-12-12,1.0,1.4,1,1,0,0,0,0,1,0,0.8,0.19999999999999996,0.0,0.0,0.0,0.0,1.4,DUAL_BOOST,Calm-uptrend AND yield-curve steepening both fire; exposure 1.40x (highest conviction).
2025-12-19,1.0,1.4,1,1,0,0,0,0,1,0,0.8,0.19999999999999996,0.0,0.0,0.0,0.0,1.4,DUAL_BOOST,Calm-uptrend AND yield-curve steepening both fire; exposure 1.40x (highest conviction).
2025-12-26,1.0,1.4,1,1,0,0,0,0,1,0,0.8,0.19999999999999996,0.0,0.0,0.0,0.0,1.4,DUAL_BOOST,Calm-uptrend AND yield-curve steepening both fire; exposure 1.40x (highest conviction).
2026-01-02,1.0,1.4,1,1,0,0,0,0,1,0,0.8,0.19999999999999996,0.0,0.0,0.0,0.0,1.4,DUAL_BOOST,Calm-uptrend AND yield-curve steepening both fire; exposure 1.40x (highest conviction).
2026-01-09,1.0,1.4,1,1,0,0,0,0,1,0,0.8,0.19999999999999996,0.0,0.0,0.0,0.0,1.4,DUAL_BOOST,Calm-uptrend AND yield-curve steepening both fire; exposure 1.40x (highest conviction).
2026-01-16,1.0,1.4,1,1,0,0,0,0,1,0,0.8,0.19999999999999996,0.0,0.0,0.0,0.0,1.4,DUAL_BOOST,Calm-uptrend AND yield-curve steepening both fire; exposure 1.40x (highest conviction).
2026-01-23,1.0,1.4,1,1,0,0,0,0,1,0,0.8,0.19999999999999996,0.0,0.0,0.0,0.0,1.4,DUAL_BOOST,Calm-uptrend AND yield-curve steepening both fire; exposure 1.40x (highest conviction).
2026-01-30,1.0,1.4,1,1,0,0,0,0,1,0,0.8,0.19999999999999996,0.0,0.0,0.0,0.0,1.4,DUAL_BOOST,Calm-uptrend AND yield-curve steepening both fire; exposure 1.40x (highest conviction).
2026-02-06,1.0,1.22,0,0,0,0,0,1,1,0,0.89,0.10999999999999999,0.0,0.0,0.0,0.0,1.22,YC_BOOST,Yield curve positive AND steepening (YC only); exposure 1.22x.
2026-02-13,1.0,1.22,0,0,0,0,0,1,1,0,0.89,0.10999999999999999,0.0,0.0,0.0,0.0,1.22,YC_BOOST,Yield curve positive AND steepening (YC only); exposure 1.22x.
2026-02-20,1.0,1.4,1,1,0,0,0,0,1,0,0.8,0.19999999999999996,0.0,0.0,0.0,0.0,1.4,DUAL_BOOST,Calm-uptrend AND yield-curve steepening both fire; exposure 1.40x (highest conviction).
2026-02-27,1.0,1.22,0,0,0,0,0,1,1,0,0.89,0.10999999999999999,0.0,0.0,0.0,0.0,1.22,YC_BOOST,Yield curve positive AND steepening (YC only); exposure 1.22x.
2026-03-06,1.0,1.22,0,0,0,0,0,1,1,0,0.89,0.10999999999999999,0.0,0.0,0.0,0.0,1.22,YC_BOOST,Yield curve positive AND steepening (YC only); exposure 1.22x.
2026-03-13,1.0,1.3,0,0,0,0,0,0,0,1,0.85,0.15000000000000002,0.0,0.0,0.0,0.0,1.3,NERVOUS_MARKET,VIX >= 20 with V12 normal — elevated risk premium; exposure 1.30x.
2026-03-20,0.6,0.6,0,0,0,0,0,0,0,0,0.6,0.0,0.0,0.08000000000000002,0.12000000000000002,0.2,0.6,DEFENSIVE,V12 defensive risk-control signal retained.
2026-03-27,0.6,0.6,0,0,0,0,0,0,0,0,0.6,0.0,0.0,0.08000000000000002,0.12000000000000002,0.2,0.6,DEFENSIVE,V12 defensive risk-control signal retained.
2026-04-03,1.0,1.3,0,0,0,0,0,0,0,1,0.85,0.15000000000000002,0.0,0.0,0.0,0.0,1.3,NERVOUS_MARKET,VIX >= 20 with V12 normal — elevated risk premium; exposure 1.30x.
2026-04-10,1.0,1.0,0,0,0,0,0,0,0,0,1.0,0.0,0.0,0.0,0.0,0.0,1.0,NORMAL,No high-conviction trigger; baseline 100% SPY.
2026-04-17,1.0,1.0,1,0,1,1,0,0,0,0,1.0,0.0,0.0,0.0,0.0,0.0,1.0,CALM_BULL_NEUTRAL,Weak CB-only conditions met; kept neutral at 1.00x.
2026-04-24,1.0,1.0,0,0,0,0,0,0,0,0,1.0,0.0,0.0,0.0,0.0,0.0,1.0,NORMAL,No high-conviction trigger; baseline 100% SPY.
2026-05-01,1.0,1.2,1,0,1,0,1,0,0,0,0.9,0.09999999999999998,0.0,0.0,0.0,0.0,1.2,STRONG_CALM_BULL,Strong CB-only conditions met; exposure 1.20x.
2026-05-08,1.0,1.2,1,0,1,0,1,0,0,0,0.9,0.09999999999999998,0.0,0.0,0.0,0.0,1.2,STRONG_CALM_BULL,Strong CB-only conditions met; exposure 1.20x.
2026-05-15,1.0,1.0,0,0,0,0,0,0,0,0,1.0,0.0,0.0,0.0,0.0,0.0,1.0,NORMAL,No high-conviction trigger; baseline 100% SPY.
2026-05-22,1.0,1.2,1,0,1,0,1,0,0,0,0.9,0.09999999999999998,0.0,0.0,0.0,0.0,1.2,STRONG_CALM_BULL,Strong CB-only conditions met; exposure 1.20x.
2026-05-29,1.0,1.2,1,0,1,0,1,0,0,0,0.9,0.09999999999999998,0.0,0.0,0.0,0.0,1.2,STRONG_CALM_BULL,Strong CB-only conditions met; exposure 1.20x.
2026-06-05,1.0,1.3,0,0,0,0,0,0,0,1,0.85,0.15000000000000002,0.0,0.0,0.0,0.0,1.3,NERVOUS_MARKET,VIX >= 20 with V12 normal — elevated risk premium; exposure 1.30x.
2026-06-12,1.0,1.2,1,0,1,0,1,0,0,0,0.9,0.09999999999999998,0.0,0.0,0.0,0.0,1.2,STRONG_CALM_BULL,Strong CB-only conditions met; exposure 1.20x.
2026-06-19,1.0,1.2,1,0,1,0,1,0,0,0,0.9,0.09999999999999998,0.0,0.0,0.0,0.0,1.2,STRONG_CALM_BULL,Strong CB-only conditions met; exposure 1.20x.
2026-06-26,1.0,1.0,0,0,0,0,0,0,0,0,1.0,0.0,0.0,0.0,0.0,0.0,1.0,NORMAL,No high-conviction trigger; baseline 100% SPY.
2026-07-03,1.0,1.2,1,0,1,0,1,0,0,0,0.9,0.09999999999999998,0.0,0.0,0.0,0.0,1.2,STRONG_CALM_BULL,Strong CB-only conditions met; exposure 1.20x.
2026-07-10,1.0,1.2,1,0,1,0,1,0,0,0,0.9,0.09999999999999998,0.0,0.0,0.0,0.0,1.2,STRONG_CALM_BULL,Strong CB-only conditions met; exposure 1.20x.
2026-07-17,1.0,1.0,0,0,0,0,0,0,0,0,1.0,0.0,0.0,0.0,0.0,0.0,1.0,NORMAL,No high-conviction trigger; baseline 100% SPY.
2026-07-24,1.0,1.0,0,0,0,0,0,0,0,0,1.0,0.0,0.0,0.0,0.0,0.0,1.0,NORMAL,No high-conviction trigger; baseline 100% SPY.
2026-07-31,1.0,1.2,1,0,1,0,1,0,0,0,0.9,0.09999999999999998,0.0,0.0,0.0,0.0,1.2,STRONG_CALM_BULL,Strong CB-only conditions met; exposure 1.20x.
2026-08-07,1.0,1.0,0,0,0,0,0,0,0,0,1.0,0.0,0.0,0.0,0.0,0.0,1.0,NORMAL,No high-conviction trigger; baseline 100% SPY.
2026-08-14,1.0,1.22,0,0,0,0,0,1,1,0,0.89,0.10999999999999999,0.0,0.0,0.0,0.0,1.22,YC_BOOST,Yield curve positive AND steepening (YC only); exposure 1.22x.
2026-08-21,1.0,1.22,0,0,0,0,0,1,1,0,0.89,0.10999999999999999,0.0,0.0,0.0,0.0,1.22,YC_BOOST,Yield curve positive AND steepening (YC only); exposure 1.22x.
2026-08-28,1.0,1.0,0,0,0,0,0,0,0,0,1.0,0.0,0.0,0.0,0.0,0.0,1.0,NORMAL,No high-conviction trigger; baseline 100% SPY.
