Date,v12_signal,v17_signal,calm_bull_trigger,spy_above_trend,spy_momentum_13w,spy_rv_26w,spy_rv_ref_55p,vix,vix_ma_52w,yc_pos_steep,t10y2y,t10y2y_chg_13w,tier_intersection,tier_cb_only,tier_yc_only,tier_nervous_market
2008-11-21,0.6,0.6,0,0,,,,72.66999816894531,,0,2.11,,0,0,0,0
2008-11-28,0.6,0.6,0,0,,,,55.279998779296875,,0,1.93,,0,0,0,0
2008-12-05,0.6,0.6,0,0,,,,59.93000030517578,,0,1.74,,0,0,0,0
2008-12-12,0.6,0.6,0,0,,,,54.279998779296875,,0,1.82,,0,0,0,0
2008-12-19,0.6,0.6,0,0,,,,44.93000030517578,,0,1.39,,0,0,0,0
2008-12-26,0.6,0.6,0,0,,,,43.380001068115234,,0,1.27,,0,0,0,0
2009-01-02,0.6,0.6,0,0,,,,39.189998626708984,,0,1.58,,0,0,0,0
2009-01-09,0.6,0.6,0,0,,,,42.81999969482422,,0,1.68,,0,0,0,0
2009-01-16,0.6,0.6,0,0,,,,46.11000061035156,,0,1.63,,0,0,0,0
2009-01-23,0.6,0.6,0,0,,,,47.27000045776367,,0,1.82,,0,0,0,0
2009-01-30,0.6,0.6,0,0,,,,44.84000015258789,,0,1.93,,0,0,0,0
2009-02-06,0.6,0.6,0,0,,,,43.369998931884766,,0,2.06,,0,0,0,0
2009-02-13,0.6,0.6,0,0,,,,42.93000030517578,,0,1.92,,0,0,0,0
2009-02-20,0.6,0.6,0,0,-0.018505691652837664,,,49.29999923706055,,0,1.82,-0.2899999999999998,0,0,0,0
2009-02-27,0.6,0.6,0,0,-0.17271447130264883,,,46.349998474121094,,1,2.02,0.09000000000000008,0,0,0,0
2009-03-06,0.6,0.6,0,0,-0.20983196742513022,,,49.33000183105469,,1,1.92,0.17999999999999994,0,0,0,0
2009-03-13,0.6,0.6,0,0,-0.1380193827817522,,,42.36000061035156,,1,1.91,0.08999999999999986,0,0,0,0
2009-03-20,1.5,1.5,0,0,-0.12394747233658365,,,45.88999938964844,,1,1.76,0.3700000000000001,0,0,0,0
2009-03-27,1.0,1.12,0,0,-0.05697452521677848,,,41.040000915527344,,1,1.88,0.6099999999999999,0,0,1,0
2009-04-03,1.0,1.12,0,0,-0.08710078833403889,,,39.70000076293945,,1,1.95,0.3699999999999999,0,0,1,0
2009-04-10,1.0,1.12,0,0,-0.029922860741934176,,,36.529998779296875,,1,2.0,0.32000000000000006,0,0,1,0
2009-04-17,1.0,1.12,0,0,0.03107575106038052,,,33.939998626708984,,1,1.99,0.3600000000000001,0,0,1,0
2009-04-24,1.0,1.12,0,0,0.050178169444683896,,,36.81999969482422,,1,2.04,0.21999999999999997,0,0,1,0
2009-05-01,1.0,1.12,0,0,0.0686832278758629,,,35.29999923706055,,1,2.29,0.3600000000000001,0,0,1,0
2009-05-08,1.0,1.12,0,0,0.07663269321176802,,,32.04999923706055,,1,2.29,0.22999999999999998,0,0,1,0
2009-05-15,1.0,1.12,0,0,0.07956710316335025,,,33.119998931884766,,1,2.26,0.33999999999999986,0,0,1,0
2009-05-22,1.0,1.12,0,0,0.15806242134536141,0.3659699058108847,,32.630001068115234,,1,2.53,0.7099999999999997,0,0,1,0
2009-05-29,1.0,1.12,0,0,0.26054782075277205,0.3195440815335796,,28.920000076293945,,1,2.55,0.5299999999999998,0,0,1,0
2009-06-05,1.0,1.12,0,0,0.381700209040172,0.3181986137838488,,29.6200008392334,,1,2.52,0.6000000000000001,0,0,1,0
2009-06-12,1.0,1.12,0,0,0.2585173310942339,0.31800277990670706,,28.149999618530273,,1,2.51,0.5999999999999999,0,0,1,0
2009-06-19,1.0,1.12,0,0,0.20662121690780721,0.32088145950451463,,27.989999771118164,,1,2.54,0.78,0,0,1,0
2009-06-26,1.0,1.12,0,0,0.13170959434110796,0.3202530154195587,,25.93000030517578,,1,2.42,0.54,0,0,1,0
2009-07-03,1.0,1.12,0,0,0.07188852677479285,0.3082366658733207,,27.950000762939453,,1,2.53,0.5799999999999998,0,0,1,0
2009-07-10,1.0,1.12,0,0,0.03084597774133524,0.3037252766187514,,29.020000457763672,,1,2.41,0.41000000000000014,0,0,1,0
2009-07-17,1.0,1.12,0,0,0.08706556167418045,0.3110573316531607,,24.34000015258789,,1,2.65,0.6599999999999999,0,0,1,0
2009-07-24,1.0,1.12,0,0,0.13794038675705922,0.3123032775324097,,23.09000015258789,,1,2.65,0.6099999999999999,0,0,1,0
2009-07-31,1.0,1.12,0,0,0.13059738609111582,0.3118743011269124,,25.920000076293945,,1,2.39,0.10000000000000009,0,0,1,0
2009-08-07,1.0,1.12,0,0,0.09455390117143758,0.3067421014775251,,24.760000228881836,,1,2.57,0.2799999999999998,0,0,1,0
2009-08-14,1.0,1.12,0,0,0.14259166060441886,0.2962080455766638,,24.270000457763672,,1,2.48,0.2200000000000002,0,0,1,0
2009-08-21,1.0,1.15,0,1,0.16324047822542975,0.2761635318254538,,25.010000228881836,,0,2.43,-0.09999999999999964,0,0,0,1
2009-08-28,1.0,1.15,0,1,0.12357004433258578,0.2634119412448163,,24.760000228881836,,0,2.45,-0.09999999999999964,0,0,0,1
2009-09-04,1.0,1.15,0,1,0.08552601450921893,0.2381239553320835,,25.260000228881836,,0,2.51,-0.010000000000000231,0,0,0,1
2009-09-11,1.0,1.15,0,1,0.10813801813096835,0.20101364715613632,,24.149999618530273,,0,2.44,-0.06999999999999984,0,0,0,1
2009-09-18,1.0,1.15,0,1,0.16501837091282012,0.20151715696446282,,23.920000076293945,,0,2.46,-0.08000000000000007,0,0,0,1
2009-09-25,1.0,1.15,0,1,0.14272101790699998,0.1930921023032524,,25.610000610351562,,0,2.36,-0.06000000000000005,0,0,0,1
2009-10-02,1.0,1.15,0,1,0.1466227859657454,0.19443485375984054,,28.68000030517578,,0,2.36,-0.16999999999999993,0,0,0,1
2009-10-09,1.0,1.12,0,1,0.2252262780971046,0.201420571031124,,23.1200008392334,,1,2.42,0.009999999999999787,0,0,1,0
2009-10-16,1.0,1.15,0,1,0.16231456467234873,0.20144345235774178,,21.43000030517578,,0,2.46,-0.18999999999999995,0,0,0,1
2009-10-23,1.0,1.15,0,1,0.10743211162978317,0.20186123699164318,,22.270000457763672,,0,2.47,-0.17999999999999972,0,0,0,1
2009-10-30,1.0,1.12,0,1,0.05306388548473384,0.21420660059451943,,30.690000534057617,,1,2.51,0.11999999999999966,0,0,1,0
2009-11-06,1.0,1.12,0,1,0.06363925055573194,0.20502050797550983,,24.190000534057617,,1,2.68,0.11000000000000032,0,0,1,0
2009-11-13,1.0,1.12,0,1,0.09278835369171934,0.19128290705811923,,23.360000610351562,35.26480770111084,1,2.61,0.1299999999999999,0,0,1,0
2009-11-20,1.0,1.12,0,1,0.0677986379532487,0.1917331131663667,,22.190000534057617,34.29403851582454,1,2.61,0.17999999999999972,0,0,1,0
2009-11-27,1.0,1.12,0,1,0.06492458244001265,0.1865397142312843,,24.739999771118164,33.70673084259033,1,2.53,0.07999999999999963,0,0,1,0
2009-12-04,1.0,1.12,0,1,0.09287449975379403,0.1855283409283271,,21.25,32.96288468287541,1,2.64,0.13000000000000034,0,0,1,0
2009-12-11,1.0,1.12,0,1,0.06556546857990098,0.1857162389629472,,21.59000015258789,32.33423086313101,1,2.72,0.28000000000000025,0,0,1,0
2009-12-18,1.0,1.12,0,1,0.038262634568444476,0.17982073755744074,,21.68000030517578,31.887115478515625,1,2.73,0.27,0,0,1,0
2009-12-25,1.0,1.12,0,1,0.08267665838560045,0.1801191150874549,,19.469999313354492,31.427307752462532,1,2.82,0.45999999999999996,0,0,1,0
2010-01-01,1.0,1.12,0,1,0.09317947373511792,0.17645316234492903,,21.68000030517578,31.09057701550997,1,2.71,0.3500000000000001,0,0,1,0
2010-01-08,1.0,1.25,1,1,0.07390223085385283,0.17285652476122837,0.24191715321899349,18.1299991607666,30.615769312931942,1,2.87,0.4500000000000002,1,0,0,0
2010-01-15,1.0,1.25,1,1,0.049240397608429465,0.15111388336110876,0.23094874891081435,17.90999984741211,30.073461605952335,1,2.81,0.3500000000000001,1,0,0,0
2010-01-22,1.0,1.25,1,1,0.015895211119477004,0.15650307262074176,0.22018593927891045,27.309999465942383,29.689615433032696,1,2.78,0.3099999999999996,1,0,0,0
2010-01-29,1.0,1.25,1,1,0.04256650688792174,0.15932413425440337,0.2123693820707175,24.6200008392334,29.300769292391262,1,2.81,0.30000000000000027,1,0,0,0
2010-02-05,1.0,1.25,1,1,0.0009729067433432714,0.15710081135707682,0.2082356403921632,26.110000610351562,28.968846247746395,1,2.82,0.13999999999999968,1,0,0,0
2010-02-12,1.0,1.12,0,1,-0.009107252808749133,0.15743235161901245,0.20470458087712318,22.729999542236328,28.580384694612942,1,2.85,0.2400000000000002,0,0,1,0
2010-02-19,1.0,1.25,1,1,0.021094415430291447,0.15944758057848757,0.2032829089343832,20.020000457763672,28.01730779501108,1,2.83,0.2200000000000002,1,0,0,0
2010-02-26,1.0,1.25,1,1,0.016119457278764848,0.15976661646240958,0.20186123699164318,19.5,27.50096167050875,1,2.8,0.27,1,0,0,0
2010-03-05,1.0,1.25,1,1,0.03472773873202151,0.1628250900853267,0.20170640097941203,17.420000076293945,26.887307790609505,1,2.78,0.13999999999999968,1,0,0,0
2010-03-12,1.0,1.25,1,1,0.04474439131219432,0.15996690590134968,0.20155156496718085,17.579999923706055,26.410769315866325,1,2.74,0.020000000000000018,1,0,0,0
2010-03-19,1.0,1.07,1,1,0.05659701960938146,0.1576380837854083,0.20149136035211046,16.969999313354492,25.854615468245285,0,2.68,-0.04999999999999982,0,1,0,0
2010-03-26,1.0,1.07,1,1,0.04071870802765143,0.153267251474605,0.20145819327908598,17.770000457763672,25.40711545944214,0,2.82,0.0,0,1,0,0
2010-04-02,1.0,1.25,1,1,0.061424222871174106,0.14943907141142848,0.20143773202608733,17.469999313354492,24.979615431565506,1,2.84,0.1299999999999999,1,0,0,0
2010-04-09,1.0,1.07,1,1,0.047764002159124574,0.13779882273056343,0.20142743542910935,16.139999389648438,24.58750005868765,0,2.82,-0.050000000000000266,0,1,0,0
2010-04-16,1.0,1.07,1,1,0.05466014776897876,0.13718861123258333,0.20135953244987587,18.360000610351562,24.28788471221924,0,2.81,0.0,0,1,0,0
2010-04-23,1.0,1.07,1,1,0.11996700770038182,0.13800371705877093,0.2011764167061314,16.6200008392334,23.899423195765568,0,2.74,-0.03999999999999959,0,1,0,0
2010-04-30,1.0,1.07,1,1,0.11089721045267487,0.12757941433855974,0.20068470748632156,22.049999237060547,23.644615503457878,0,2.72,-0.08999999999999986,0,1,0,0
2010-05-07,1.7,1.7,0,1,0.04742304112838114,0.15429373771052904,0.19772425045798844,40.95000076293945,23.815769378955547,0,2.62,-0.19999999999999973,0,0,0,0
2010-05-14,1.3,1.3,0,1,0.0584875918680452,0.15440782906266406,0.19476379342965533,31.239999771118164,23.779615548940804,0,2.65,-0.20000000000000018,0,0,0,0
2010-05-21,0.6,0.6,0,0,-0.014222375458454839,0.1664772770179315,0.19389775317720528,40.099998474121094,23.923269345210148,0,2.44,-0.3900000000000001,0,0,0,0
2010-05-28,0.6,0.6,0,0,-0.00830390999395425,0.16649517184204965,0.19329351502174064,32.06999969482422,23.983846260951115,0,2.55,-0.25,0,0,0,0
2010-06-04,0.6,0.6,0,0,-0.06118320959165291,0.1687304275740503,0.19268440556218672,35.47999954223633,24.096538543701172,0,2.48,-0.2999999999999998,0,0,0,0
2010-06-11,0.6,0.6,0,0,-0.04614856773455134,0.1731964653063854,0.19207286045058813,28.790000915527344,24.108846260951115,0,2.49,-0.25,0,0,0,0
2010-06-18,1.0,1.15,0,1,-0.03197761855663328,0.17624419407100717,0.19164307194471722,23.950000762939453,24.031153972332294,0,2.5,-0.18000000000000016,0,0,0,1
2010-06-25,0.6,0.6,0,0,-0.07031018420080482,0.18078918297073018,0.19144047919600585,28.530000686645508,24.08115397966825,0,2.47,-0.34999999999999964,0,0,0,0
2010-07-02,0.6,0.6,0,0,-0.1283003858664703,0.19475710282432465,0.19168809255554195,30.1200008392334,24.12288475036621,0,2.37,-0.46999999999999975,0,0,0,0
2010-07-09,1.5,1.5,0,0,-0.09264984205424864,0.20770607379500486,0.1923446582779653,24.979999542236328,24.045192425067608,0,2.44,-0.3799999999999999,0,0,0,0
2010-07-16,1.5,1.5,0,0,-0.10214925003873143,0.20803842341044493,0.1930921023032524,26.25,24.081923191363995,0,2.35,-0.45999999999999996,0,0,0,0
2010-07-23,1.5,1.5,0,0,-0.08927610633191252,0.20681431451581897,0.1938306156043759,23.469999313354492,24.089230867532585,0,2.42,-0.3200000000000003,0,0,0,0
2010-07-30,1.5,1.5,0,0,-0.06746388520531688,0.20519394305354055,0.19446707866628896,23.5,24.04269240452693,0,2.39,-0.33000000000000007,0,0,0,0
2010-08-06,1.5,1.5,0,1,0.014962550498094584,0.20623619886889558,0.19464431565175522,21.739999771118164,23.98461547264686,0,2.36,-0.26000000000000023,0,0,0,0
2010-08-13,1.5,1.5,0,0,-0.044470143361617476,0.21282936368170632,0.196008411690687,26.239999771118164,24.022500074826755,0,2.14,-0.5099999999999998,0,0,0,0
2010-08-20,1.5,1.5,0,0,-0.009792513232415367,0.2090860776531937,0.1994495110731834,25.489999771118164,24.031730835254375,0,2.13,-0.31000000000000005,0,0,0,0
2010-08-27,1.5,1.5,0,0,-0.018301352931531123,0.20919972790028957,0.20113572431863264,24.450000762939453,24.025769307063175,0,2.1,-0.44999999999999973,0,0,0,0
2010-09-03,1.5,1.5,0,0,0.043041044680345086,0.21129568717827923,0.20135953244987587,21.309999465942383,23.949807753929726,0,2.2,-0.2799999999999998,0,0,0,0
2010-09-10,1.5,1.5,0,1,0.02124701352172731,0.2108569805423745,0.2014297235617711,21.989999771118164,23.908269295325645,0,2.23,-0.26000000000000023,0,0,0,0
2010-09-17,1.5,1.5,0,1,0.012191875429953036,0.21155448727952228,0.20144230829141088,22.010000228881836,23.87153852902926,0,2.27,-0.22999999999999998,0,0,0,0
2010-09-24,1.5,1.5,0,1,0.07012774680937484,0.21352894896898056,0.20148030466110228,21.709999084472656,23.796538499685433,0,2.17,-0.30000000000000027,0,0,0,0
2010-10-01,1.5,1.5,0,1,0.12743259231657422,0.21301016916572663,0.20153436096582183,22.5,23.677692339970516,0,2.12,-0.25,0,0,0,0
2010-10-08,1.0,1.15,0,1,0.08525204098531236,0.21332092064347632,0.20172360498077105,20.709999084472656,23.631346152378963,0,2.06,-0.3799999999999999,0,0,0,1
2010-10-15,1.0,1.0,0,1,0.10941394500169799,0.21378515878560517,0.2023351276392232,19.030000686645508,23.585192313561073,0,2.22,-0.1299999999999999,0,0,0,0
2010-10-22,1.0,1.0,0,1,0.07765283500325282,0.21187348911469453,0.20407272668034984,18.780000686645508,23.518076933347263,0,2.24,-0.17999999999999972,0,0,0,0
2010-10-29,1.0,1.15,0,1,0.08029693888325107,0.2088318286867096,0.2050638667450175,21.200000762939453,23.335576937748836,0,2.29,-0.10000000000000009,0,0,0,1
2010-11-05,1.0,1.07,1,1,0.09775789100445142,0.19180396087405788,0.20438865377873652,18.260000228881836,23.22153847034161,0,2.2,-0.1599999999999997,0,1,0,0
2010-11-12,1.0,1.25,1,1,0.11571901042840382,0.19281056164180713,0.2029669818359965,20.610000610351562,23.168653854956993,1,2.25,0.10999999999999988,1,0,0,0
2010-11-19,1.0,1.25,1,1,0.12465350554823473,0.18129527360172412,0.20182682898892515,18.040000915527344,23.088846169985256,1,2.36,0.22999999999999998,1,0,0,0
2010-11-26,1.0,1.25,1,1,0.1176870770174816,0.18284246159421627,0.20167199297669397,22.219999313354492,23.040384622720573,1,2.36,0.2599999999999998,1,0,0,0
2010-12-03,1.0,1.25,1,1,0.11414820947666571,0.18321054339671236,0.20151715696446282,18.010000228881836,22.978076934814453,1,2.54,0.33999999999999986,1,0,0,0
2010-12-10,1.0,1.25,1,1,0.12259124884669426,0.18099531425820747,0.20148398989143834,17.610000610351562,22.90153848207914,1,2.68,0.4500000000000002,1,0,0,0
2010-12-17,1.0,1.25,1,1,0.11079865298344926,0.1790625938017571,0.2014508228184139,16.110000610351562,22.79442310333252,1,2.72,0.4500000000000002,1,0,0,0
2010-12-24,1.0,1.25,1,1,0.09963898923289083,0.16954368217290527,0.20143544389342555,16.469999313354492,22.736730795640213,1,2.74,0.5700000000000003,1,0,0,0
2010-12-31,1.0,1.25,1,1,0.102968890301673,0.1459667564683293,0.20142514729644756,17.75,22.661153866694523,1,2.69,0.5699999999999998,1,0,0,0
2011-01-07,1.0,1.25,1,1,0.0966940814912367,0.12811075455355542,0.2013188400623771,17.139999389648438,22.642115409557636,1,2.74,0.6800000000000002,1,0,0,0
2011-01-14,1.0,1.25,1,1,0.10433346284561873,0.1257537389206332,0.20113572431863264,15.460000038146973,22.59500002861023,1,2.76,0.5399999999999996,1,0,0,0
2011-01-21,1.0,1.25,1,1,0.09036797713487354,0.12088908646818056,0.2000751655063646,18.469999313354492,22.425000025675846,1,2.81,0.5699999999999998,1,0,0,0
2011-01-28,1.0,1.25,1,1,0.08356567325125708,0.12150466956127984,0.19725972055704935,20.040000915527344,22.336923104066116,1,2.82,0.5299999999999998,1,0,0,0
2011-02-04,1.0,1.25,1,1,0.07431337669779392,0.1236644984348819,0.19474099037110046,15.930000305175781,22.14115386742812,1,2.91,0.71,1,0,0,0
2011-02-11,1.0,1.25,1,1,0.11322812770167312,0.10686145361394794,0.1945959782920826,15.6899995803833,22.0057692527771,1,2.79,0.54,1,0,0,0
2011-02-18,1.0,1.25,1,1,0.12426233703261347,0.10436740343649228,0.19445096621306474,16.43000030517578,21.936730788304256,1,2.81,0.4500000000000002,1,0,0,0
2011-02-25,1.0,1.25,1,1,0.11974636158908347,0.10837781008570138,0.19389775317720528,19.219999313354492,21.93134615971492,1,2.7,0.3400000000000003,1,0,0,0
2011-03-04,1.0,1.25,1,1,0.08362469298845521,0.10010104228228228,0.19329351502174064,19.059999465942383,21.96288460951585,1,2.81,0.27,1,0,0,0
2011-03-11,1.0,1.25,1,1,0.056619843179800844,0.1038815580936734,0.19300764010481883,20.079999923706055,22.010961532592773,1,2.76,0.07999999999999963,1,0,0,0
2011-03-18,1.0,1.15,0,1,0.03230093831833547,0.10944814399633226,0.19288094680716844,24.440000534057617,22.15461540222168,0,2.67,-0.050000000000000266,0,0,0,1
2011-03-25,1.0,1.07,1,1,0.04992334931105158,0.11190487048957405,0.19260924148825728,17.90999984741211,22.157307698176457,0,2.67,-0.07000000000000028,0,1,0,0
2011-04-01,1.0,1.07,1,1,0.06344717950593948,0.11195441288464397,0.19215627114277012,17.399999618530273,22.15596155019907,0,2.66,-0.029999999999999805,0,1,0,0
2011-04-08,1.0,1.25,1,1,0.049529274699510184,0.11144915138616537,0.19179687610328877,17.8700008392334,22.189230808844933,1,2.76,0.019999999999999574,1,0,0,0
2011-04-15,1.0,1.07,1,1,0.025626768910882225,0.11244896920447747,0.19176499463482774,15.319999694824219,22.1307692527771,0,2.72,-0.03999999999999959,0,1,0,0
2011-04-22,1.0,1.07,1,1,0.046671063482574215,0.11305412515458277,0.1917331131663667,14.6899995803833,22.09365384395306,0,2.74,-0.06999999999999984,0,1,0,0
2011-04-29,1.0,1.07,1,1,0.07283640862835461,0.11472954809794272,0.19153052041765534,14.75,21.953269243240356,0,2.71,-0.10999999999999988,0,1,0,0
2011-05-06,1.0,1.07,1,1,0.027700592555280457,0.11015726102789093,0.191327927668944,18.399999618530273,21.51961537507864,0,2.62,-0.29000000000000004,0,1,0,0
2011-05-13,1.0,1.07,1,1,0.011361366290957076,0.10447295183778432,0.18962278956872702,17.06999969482422,21.24711537361145,0,2.61,-0.18000000000000016,0,1,0,0
2011-05-20,1.0,1.0,0,1,-0.002523760936780528,0.10493071420028577,0.1862514978873663,17.43000030517578,20.811153870362503,0,2.6,-0.20999999999999996,0,0,0,0
2011-05-27,1.0,1.07,1,1,0.013300157566002113,0.10228845289469753,0.18565047465083018,15.979999542236328,20.501730790505043,0,2.59,-0.11000000000000032,0,1,0,0
2011-06-03,1.0,1.0,0,1,-0.011197935401892178,0.10017996284795505,0.18471711179226194,17.950000762939453,20.16461542936472,0,2.57,-0.2400000000000002,0,0,0,0
2011-06-10,1.0,1.0,0,1,-0.02052607418443031,0.10469180707649445,0.18308171476583873,18.860000610351562,19.973653885034416,0,2.58,-0.17999999999999972,0,0,0,0
2011-06-17,1.3,1.3,0,1,-0.0006268381172441773,0.10463785360427974,0.18230094579684403,21.850000381469727,19.933269262313843,0,2.56,-0.10999999999999988,0,0,0,0
2011-06-24,1.3,1.3,0,1,-0.029407981896760305,0.1038440232271678,0.1811902878314933,21.100000381469727,19.790384641060463,0,2.53,-0.14000000000000012,0,0,0,0
2011-07-01,1.0,1.25,1,1,0.01076927828389107,0.12996161068937825,0.18092316830759042,15.869999885559082,19.51634616118211,1,2.72,0.06000000000000005,1,0,0,0
2011-07-08,1.0,1.07,1,1,0.016606204208175157,0.12941926710437576,0.18055465921158384,15.949999809265137,19.342692320163433,0,2.63,-0.1299999999999999,0,1,0,0
2011-07-15,1.0,1.0,0,1,0.0022940358010148376,0.13150514664422414,0.18001468295194994,19.530000686645508,19.213461564137386,0,2.57,-0.15000000000000036,0,0,0,0
2011-07-22,1.0,1.07,1,1,0.010967680183583184,0.13405950437148795,0.17955538724295148,17.520000457763672,19.099038509222176,0,2.59,-0.15000000000000036,0,1,0,0
2011-07-29,1.3,1.3,0,1,-0.04734151371779516,0.14602164017671426,0.17814929279186728,25.25,19.132692355376022,0,2.46,-0.25,0,0,0,0
2011-08-05,0.6,0.6,0,0,-0.10077988769415391,0.173526872408819,0.17638002344905637,32.0,19.33000005208529,0,2.3,-0.3200000000000003,0,0,0,0
2011-08-12,0.6,0.6,0,0,-0.11440164679645093,0.17252656207894895,0.17529313148924133,36.36000061035156,19.52461545283978,0,2.04,-0.5699999999999998,0,0,0,0
2011-08-19,0.6,0.6,0,0,-0.15277006356330558,0.18112742903930318,0.17529313148924133,43.04999923706055,19.862307750261746,0,1.87,-0.73,0,0,0,0
2011-08-26,0.6,0.6,0,0,-0.11201528577485476,0.1954784766726976,0.17529313148924133,35.59000015258789,20.076538507754986,0,1.99,-0.5999999999999999,0,0,0,0
2011-09-02,1.7,1.7,0,0,-0.09190107201630149,0.1953954985335122,0.17529313148924133,33.91999816894531,20.319038482812736,0,1.82,-0.7499999999999998,0,0,0,0
2011-09-09,1.7,1.7,0,0,-0.08703253999219662,0.19584952580646361,0.17529313148924133,38.52000045776367,20.636923111402073,0,1.76,-0.8200000000000001,0,0,0,0
2011-09-16,1.7,1.7,0,0,-0.03857803866967069,0.2106091503490531,0.17529313148924133,30.979999542236328,20.80942309819735,0,1.9,-0.6600000000000001,0,0,0,0
2011-09-23,1.7,1.7,0,0,-0.10001289964784976,0.22493209559642705,0.17529313148924133,41.25,21.185192346572876,0,1.61,-0.9199999999999997,0,0,0,0
2011-09-30,1.5,1.5,0,0,-0.1507213236185192,0.22324345319271655,0.17529313148924133,42.959999084472656,21.57865386742812,0,1.67,-1.0500000000000003,0,0,0,0
2011-10-07,1.7,1.7,0,0,-0.13460852157049763,0.2267143697290222,0.17529313148924133,36.20000076293945,21.876538515090942,0,1.8,-0.8299999999999998,0,0,0,0
2011-10-14,1.7,1.7,0,0,-0.06443824658630848,0.24391877161540063,0.17529313148924133,28.239999771118164,22.053653882100033,0,1.98,-0.5899999999999999,0,0,0,0
2011-10-21,1.7,1.7,0,0,-0.07407250348523475,0.24370526378770596,0.17529313148924133,31.31999969482422,22.294807709180393,0,1.93,-0.6599999999999999,0,0,0,0
2011-10-28,1.7,1.7,0,1,-0.0005001096671244376,0.24818891211240174,0.17529313148924133,24.530000686645508,22.358846169251663,0,2.06,-0.3999999999999999,0,0,0,0
2011-11-04,1.7,1.7,0,0,0.05037640445683467,0.24943558368822702,0.17529313148924133,30.15999984741211,22.58769231576186,0,1.84,-0.45999999999999974,0,0,0,0
2011-11-11,1.5,1.5,0,1,0.07784746568533207,0.24992272808701022,0.17529313148924133,30.040000915527344,22.76903847547678,0,1.8,-0.24,0,0,0,0
2011-11-18,1.5,1.5,0,0,0.08852217223672998,0.25498819795068844,0.17529313148924133,32.0,23.037499996332023,0,1.72,-0.15000000000000013,0,0,0,0
2011-11-25,1.5,1.5,0,0,-0.008714842873056017,0.2623448837081913,0.17529313148924133,34.470001220703125,23.273076956088726,0,1.69,-0.30000000000000004,0,0,0,0
2011-12-02,1.7,1.7,0,0,0.06496352298020724,0.28254074909248744,0.17529313148924133,27.520000457763672,23.455961575874916,0,1.8,-0.020000000000000018,0,0,0,0
2011-12-09,1.7,1.7,0,1,0.09301409833672336,0.28113924362386367,0.17529313148924133,26.3799991607666,23.624615394152126,1,1.85,0.09000000000000008,0,0,0,0
2011-12-16,1.7,1.7,0,0,0.00692210318117592,0.28430463412973084,0.17529313148924133,24.290000915527344,23.781923092328586,0,1.62,-0.2799999999999998,0,0,0,0
2011-12-23,1.7,1.7,0,1,0.1202362686103029,0.2898490509175971,0.17529313148924133,20.729999542236328,23.863846173653236,1,1.75,0.1399999999999999,0,0,0,0
2011-12-30,1.0,1.15,0,1,0.11618117372721004,0.2784682360327957,0.17529313148924133,23.399999618530273,23.972500012471126,0,1.64,-0.030000000000000027,0,0,0,1
2012-01-06,1.0,1.15,0,1,0.11070753374484821,0.27968751497951827,0.17807615389599463,20.6299991607666,24.039615392684937,0,1.73,-0.07000000000000006,0,0,0,1
2012-01-13,1.0,1.15,0,1,0.05782099677841157,0.2785160284113389,0.18018487676158962,20.90999984741211,24.14442308132465,0,1.65,-0.33000000000000007,0,0,0,1
2012-01-20,1.0,1.0,0,1,0.07112101181150687,0.27888721654816456,0.18092316830759042,18.280000686645508,24.140769261580246,0,1.79,-0.1399999999999999,0,0,0,0
2012-01-27,1.0,1.0,0,1,0.031539766386806,0.2728284012691358,0.18108118886591967,18.530000686645508,24.111730795640213,0,1.71,-0.3500000000000001,0,0,0,0
2012-02-03,1.0,1.0,0,1,0.07900271184427554,0.25156748001153434,0.1812365280048768,17.100000381469727,24.134230797107403,0,1.74,-0.10000000000000009,0,0,0,0
2012-02-10,1.0,1.15,0,1,0.06751996140017735,0.24976104864385112,0.18230094579684403,20.790000915527344,24.232307745860172,0,1.69,-0.1100000000000001,0,0,0,1
2012-02-17,1.0,1.0,0,1,0.12539038358601462,0.23779936784712655,0.18308171476583873,17.780000686645508,24.25826929165767,0,1.72,0.0,0,0,0,0
2012-02-24,1.0,1.0,0,1,0.18444568200190137,0.23083034468653638,0.188796264756987,17.309999465942383,24.221538525361282,0,1.67,-0.020000000000000018,0,0,0,0
2012-03-02,1.0,1.0,0,1,0.10668623850198089,0.23062940679139723,0.19245825137309489,17.290000915527344,24.187500091699455,0,1.71,-0.09000000000000008,0,0,0,0
2012-03-09,1.0,1.0,0,1,0.0983139312880843,0.22824041637963685,0.19407581341044353,17.110000610351562,24.13038472028879,0,1.71,-0.14000000000000012,0,0,0,0
2012-03-16,1.0,1.12,0,1,0.15893476160800768,0.21947787672488278,0.19517206003529658,14.470000267028809,23.93865394592285,1,1.94,0.31999999999999984,0,0,1,0
2012-03-23,1.0,1.25,1,1,0.10975535283374738,0.19318974299097336,0.19517206003529658,14.819999694824219,23.87923086606539,1,1.88,0.1299999999999999,1,0,0,0
2012-03-30,1.0,1.25,1,1,0.12690931250467297,0.19236143550533852,0.19517206003529658,15.5,23.84269241186289,1,1.9,0.26,1,0,0,0
2012-04-06,1.0,1.25,1,1,0.09938644726290358,0.192663300160424,0.19517206003529658,16.700000762939453,23.820192410395695,1,1.84,0.1100000000000001,1,0,0,0
2012-04-13,1.0,1.25,1,1,0.0690857494562811,0.18079437024542605,0.19517206003529658,19.549999237060547,23.9015385554387,1,1.75,0.10000000000000009,1,0,0,0
2012-04-20,1.0,1.07,1,1,0.050053710205696156,0.18055765613606395,0.19517206003529658,17.440000534057617,23.954423189163208,0,1.7,-0.09000000000000008,0,1,0,0
2012-04-27,1.0,1.07,1,1,0.06968058483161355,0.175255730047999,0.19517206003529658,16.31999969482422,23.98461549098675,0,1.7,-0.010000000000000009,0,1,0,0
2012-05-04,1.0,1.07,1,1,0.022747139535373107,0.17521747506391316,0.19517206003529658,19.15999984741211,23.999230880003708,0,1.64,-0.10000000000000009,0,1,0,0
2012-05-11,1.0,1.07,1,1,0.01372670862694414,0.17616016183820274,0.19517206003529658,19.889999389648438,24.053461643365715,0,1.57,-0.11999999999999988,0,1,0,0
2012-05-18,1.0,1.15,0,1,-0.04472878205664432,0.17937221606995052,0.19517206003529658,25.100000381469727,24.200961644832905,0,1.39,-0.33000000000000007,0,0,0,1
2012-05-25,1.0,1.15,0,1,-0.031045512960916843,0.16509861666997383,0.19517206003529658,21.760000228881836,24.31211550419147,0,1.45,-0.21999999999999997,0,0,0,1
2012-06-01,0.6,0.6,0,0,-0.06254713382138977,0.13959488003553833,0.19517206003529658,26.65999984741211,24.47961548658518,0,1.22,-0.49,0,0,0,0
2012-06-08,1.0,1.15,0,1,-0.028252613732733134,0.14875521493099658,0.19517206003529658,21.229999542236328,24.525192389121422,0,1.37,-0.33999999999999986,0,0,0,1
2012-06-15,1.0,1.15,0,1,-0.03895226097330884,0.14170268984789794,0.19517206003529658,21.110000610351562,24.51096162429223,0,1.31,-0.6299999999999999,0,0,0,1
2012-06-22,1.0,1.0,0,1,-0.03937331193013616,0.13242729918140395,0.19517206003529658,18.110000610351562,24.453461628693802,0,1.38,-0.5,0,0,0,0
2012-06-29,1.0,1.0,0,1,-0.028441513910069105,0.13378011662065245,0.19462348409362362,17.079999923706055,24.47673086019663,0,1.34,-0.5599999999999998,0,0,0,0
2012-07-06,1.0,1.0,0,1,-0.0257386163029375,0.1326311077851807,0.1930570295187652,17.100000381469727,24.498846255815945,0,1.3,-0.54,0,0,0,0
2012-07-13,1.0,1.0,0,1,-0.005007039949938119,0.13233643087423955,0.19275902012332302,16.739999771118164,24.445192392055805,0,1.27,-0.48,0,0,0,0
2012-07-20,1.0,1.0,0,1,-0.005602778123977359,0.1285701224647695,0.19255764753114407,16.270000457763672,24.42115393051734,0,1.27,-0.42999999999999994,0,0,0,0
2012-07-27,1.0,1.0,0,1,-0.007062375693463019,0.1300778034423463,0.1921663193843903,16.700000762939453,24.256730868266178,0,1.33,-0.3699999999999999,0,0,0,0
2012-08-03,1.0,1.07,1,1,0.022423373513684286,0.1273817393594638,0.188796264756987,15.640000343322754,23.942115490253155,0,1.36,-0.2799999999999998,0,1,0,0
2012-08-10,1.0,1.07,1,1,0.0439473330134168,0.1278867424989031,0.18308171476583873,14.739999771118164,23.526346243344822,0,1.38,-0.19000000000000017,0,1,0,0
2012-08-17,1.0,1.25,1,1,0.10156218641454795,0.12693379518021128,0.18230094579684403,13.449999809265137,22.957115485117985,1,1.52,0.13000000000000012,1,0,0,0
2012-08-24,1.0,1.07,1,1,0.07678416346099604,0.12726838632851073,0.1812365280048768,15.180000305175781,22.564615488052368,0,1.4,-0.050000000000000044,0,1,0,0
2012-08-31,1.0,1.25,1,1,0.10714277289677732,0.12739973378101777,0.18108118886591967,17.469999313354492,22.248269356214085,1,1.35,0.13000000000000012,1,0,0,0
2012-09-07,1.0,1.25,1,1,0.08999122310266361,0.13077847590945654,0.18092498385373398,14.380000114440918,21.784038580380955,1,1.42,0.04999999999999982,1,0,0,0
2012-09-14,1.0,1.25,1,1,0.09765920520424776,0.12945474961049272,0.18071152030714932,14.510000228881836,21.467307824354904,1,1.61,0.30000000000000004,1,0,0,0
2012-09-21,1.0,1.25,1,1,0.09882086228461828,0.129389812929293,0.18014275211292424,13.979999542236328,20.94288473862868,1,1.5,0.1200000000000001,1,0,0,0
2012-09-28,1.0,1.25,1,1,0.06347235837591869,0.13081742273679403,0.17926384827608283,15.729999542236328,20.41923090127798,1,1.42,0.07999999999999985,1,0,0,0
2012-10-05,1.0,1.25,1,1,0.08436118974398932,0.13154924919734332,0.1780467426145131,14.329999923706055,19.998653962061955,1,1.48,0.17999999999999994,1,0,0,0
2012-10-12,1.0,1.25,1,1,0.05821584158246007,0.1327275410187253,0.17584361071163143,16.139999389648438,19.76596164703369,1,1.42,0.1499999999999999,1,0,0,0
2012-10-19,1.0,1.25,1,1,0.056315522244985594,0.13262940205834087,0.17524234080356896,17.059999465942383,19.491730873401348,1,1.49,0.21999999999999997,1,0,0,0
2012-10-26,1.0,1.25,1,1,0.024694150317663865,0.13248516752316047,0.1746257641346302,17.809999465942383,19.36250008069552,1,1.48,0.1499999999999999,1,0,0,0
2012-11-02,1.0,1.25,1,1,0.021282645462183725,0.12729154674370854,0.1731767637933645,17.59000015258789,19.120769317333515,1,1.47,0.10999999999999988,1,0,0,0
2012-11-09,1.0,1.0,0,1,-0.013791783221022369,0.13144677211553152,0.1714825541118337,18.610000610351562,18.90096161915706,0,1.34,-0.039999999999999813,0,0,0,0
2012-11-16,0.6,0.6,0,0,-0.035743481111367714,0.11616757510108441,0.16798790924687929,16.40999984741211,18.601153923914982,0,1.34,-0.17999999999999994,0,0,0,0
2012-11-23,1.0,1.25,1,1,0.004201869066611685,0.12396384039377097,0.15937842606133187,15.140000343322754,18.229423137811516,1,1.41,0.010000000000000009,1,0,0,0
2012-11-30,1.0,1.25,1,1,0.012389020097088421,0.11409295113222097,0.1477984637669978,15.869999885559082,18.00538466526912,1,1.37,0.020000000000000018,1,0,0,0
2012-12-07,1.0,1.0,0,1,-0.008035392050622425,0.10254713956267779,0.14600243087877954,15.899999618530273,17.803846212533806,0,1.39,-0.030000000000000027,0,0,0,0
2012-12-14,1.0,1.0,0,1,-0.029757380224062158,0.10173660999681075,0.14447433315117836,17.0,17.663653887235203,0,1.48,-0.13000000000000012,0,0,0,0
2012-12-21,1.0,1.12,0,1,-0.014171764452617586,0.10194856062839777,0.1409649564135721,17.84000015258789,17.60807697589581,1,1.51,0.010000000000000009,0,0,1,0
2012-12-28,1.0,1.12,0,1,-0.020468445212043385,0.10368747908330674,0.13765749855312073,22.719999313354492,17.59500004695012,1,1.46,0.040000000000000036,0,0,1,0
2013-01-04,1.0,1.25,1,1,0.008677436327915178,0.12012055640572432,0.13765749855312073,13.829999923706055,17.464230830852802,1,1.66,0.17999999999999994,1,0,0,0
2013-01-11,1.0,1.25,1,1,0.03655365405856981,0.12010618824601428,0.13765749855312073,13.359999656677246,17.319038519492516,1,1.63,0.20999999999999996,1,0,0,0
2013-01-18,1.0,1.25,1,1,0.041788832473234505,0.12028559327933912,0.13765749855312073,12.460000038146973,17.207115430098312,1,1.61,0.1200000000000001,1,0,0,0
2013-01-25,1.0,1.25,1,1,0.07050293237373095,0.11967650730079996,0.13765749855312073,12.890000343322754,17.098653885034416,1,1.7,0.21999999999999997,1,0,0,0
2013-02-01,1.0,1.25,1,1,0.07595763565738212,0.11973697635692988,0.13765749855312073,12.899999618530273,17.01788463959327,1,1.77,0.30000000000000004,1,0,0,0
2013-02-08,1.0,1.25,1,1,0.10651914394033946,0.11930292171973496,0.13765749855312073,13.020000457763672,16.868461553867046,1,1.74,0.3999999999999999,1,0,0,0
2013-02-15,1.0,1.25,1,1,0.12333264431096924,0.11898631803304052,0.13765749855312073,12.460000038146973,16.76615384908823,1,1.72,0.3799999999999999,1,0,0,0
2013-02-22,1.0,1.25,1,1,0.08218770878595172,0.11862325241664057,0.13765749855312073,14.170000076293945,16.705769245441143,1,1.7,0.29000000000000004,1,0,0,0
2013-03-01,1.0,1.25,1,1,0.07765648475564646,0.11835332485693398,0.13765749855312073,15.359999656677246,16.668653836617104,1,1.61,0.24,1,0,0,0
2013-03-08,1.0,1.25,1,1,0.09923736645510184,0.11816743945436908,0.13765749855312073,12.59000015258789,16.581730750890877,1,1.79,0.40000000000000013,1,0,0,0
2013-03-15,1.0,1.25,1,1,0.10931191273334373,0.11573719030793621,0.13765749855312073,11.300000190734863,16.52076921096215,1,1.76,0.28,1,0,0,0
2013-03-22,1.0,1.25,1,1,0.09455870900157604,0.11547438424050765,0.13765749855312073,13.569999694824219,16.496730749423687,1,1.67,0.15999999999999992,1,0,0,0
2013-03-29,1.0,1.25,1,1,0.12380741418661567,0.11311684208555542,0.13765749855312073,12.699999809265137,16.442884591909554,1,1.62,0.16000000000000014,1,0,0,0
2013-04-05,1.0,1.07,1,1,0.06476858984997325,0.11340068750517161,0.13765749855312073,13.920000076293945,16.389423040243294,0,1.48,-0.17999999999999994,0,1,0,0
2013-04-12,1.0,1.07,1,1,0.08456002985666666,0.11074088726726149,0.13765749855312073,12.0600004196167,16.245384601446297,0,1.53,-0.09999999999999987,0,1,0,0
2013-04-19,1.0,1.07,1,1,0.05286519545062385,0.1164868232328066,0.13765749855312073,14.970000267028809,16.19788459631113,0,1.49,-0.1200000000000001,0,1,0,0
2013-04-26,1.0,1.07,1,1,0.05786236307025194,0.11502790026156079,0.13765749855312073,13.609999656677246,16.14576921096215,0,1.48,-0.21999999999999997,0,1,0,0
2013-05-03,1.0,1.07,1,1,0.07172569646708227,0.11678911029366953,0.13765749855312073,12.850000381469727,16.024423067386333,0,1.56,-0.20999999999999996,0,1,0,0
2013-05-10,1.0,1.07,1,1,0.08126931266405757,0.10866278680800749,0.13765749855312073,12.59000015258789,15.884038466673632,0,1.64,-0.10000000000000009,0,1,0,0
2013-05-17,1.0,1.07,1,1,0.10237575834087553,0.10640907008918175,0.13765749855312073,12.449999809265137,15.640769224900465,0,1.69,-0.030000000000000027,0,1,0,0
2013-05-24,1.0,1.25,1,1,0.09319401758728607,0.10092270069291114,0.13765749855312073,13.989999771118164,15.491346139174242,1,1.75,0.050000000000000044,1,0,0,0
2013-05-31,1.0,1.12,0,1,0.07932996946005222,0.10402912553753296,0.13765749855312073,16.299999237060547,15.292115358205942,1,1.86,0.25,0,0,1,0
2013-06-07,1.0,1.25,1,1,0.0649317232038773,0.1038994529561523,0.13765749855312073,15.140000343322754,15.174999988996065,1,1.85,0.06000000000000005,1,0,0,0
2013-06-14,1.0,1.12,0,1,0.047166864091376715,0.1057268404879618,0.13765749855312073,17.149999618530273,15.098846123768734,1,1.85,0.09000000000000008,0,0,1,0
2013-06-21,1.0,1.12,0,1,0.02771019643557171,0.11142348807517538,0.13765749855312073,18.899999618530273,15.114038412387554,1,2.14,0.4700000000000002,0,0,1,0
2013-06-28,1.0,1.12,0,1,0.029353854716184458,0.10577282786832841,0.13765749855312073,16.860000610351562,15.109807656361507,1,2.16,0.54,0,0,1,0
2013-07-05,1.0,1.25,1,1,0.05621666043316664,0.08997030067589643,0.13765749855312073,14.890000343322754,15.06730765562791,1,2.33,0.8500000000000001,1,0,0,0
2013-07-12,1.0,1.25,1,1,0.060430595711608914,0.09564401037793847,0.13765749855312073,13.84000015258789,15.011538432194637,1,2.24,0.7100000000000002,1,0,0,0
2013-07-19,1.0,1.25,1,1,0.09380713765793458,0.09575298662750838,0.1375597128403283,12.539999961853027,14.939807653427124,1,2.18,0.6900000000000002,1,0,0,0
2013-07-26,1.0,1.25,1,1,0.07434768663878955,0.09545764229416213,0.13341171515997796,12.720000267028809,14.86326918235192,1,2.27,0.79,1,0,0,0
2013-08-02,1.0,1.25,1,1,0.0649720346462026,0.09579692785798824,0.1326937893869847,11.979999542236328,14.792884551561796,1,2.33,0.77,1,0,0,0
2013-08-09,1.0,1.25,1,1,0.04158794562453849,0.09804339807545362,0.13263051078078675,13.40999984741211,14.767307629952064,1,2.25,0.6100000000000001,1,0,0,0
2013-08-16,1.0,1.12,0,1,-0.001392873862111066,0.10431128991663684,0.13257891997102772,14.369999885559082,14.784999939111563,1,2.48,0.79,0,0,1,0
2013-08-23,1.0,1.25,1,1,0.013258146511810232,0.10403062348948022,0.1324649136035457,13.979999542236328,14.761923001362728,1,2.42,0.6699999999999999,1,0,0,0
2013-08-30,1.0,1.12,0,1,0.006521356959604319,0.10850451868816834,0.1323954952738964,17.010000228881836,14.753076865122868,1,2.39,0.53,0,0,1,0
2013-09-06,1.0,1.12,0,1,0.012855520175738544,0.10637597868799886,0.13206091728732586,15.850000381469727,14.78134610102727,1,2.48,0.6299999999999999,0,0,1,0
2013-09-13,1.0,1.25,1,1,0.04317909488625049,0.10888939915858617,0.13151338221870917,14.15999984741211,14.774615324460543,1,2.45,0.6000000000000001,1,0,0,0
2013-09-20,1.0,1.25,1,1,0.07846966564950608,0.10945379557285959,0.1312264998329734,13.119999885559082,14.758076869524443,1,2.41,0.27,1,0,0,0
2013-09-27,1.0,1.12,0,1,0.058055761120783034,0.11129902490513495,0.13080379134722592,15.460000038146973,14.752884571368877,1,2.3,0.13999999999999968,0,0,1,0
2013-10-04,1.0,1.0,0,1,0.04105737640693996,0.10978294736308,0.13053324054596796,16.739999771118164,14.79923072228065,0,2.33,0.0,0,0,0,0
2013-10-11,1.0,1.12,0,1,0.02137103764274806,0.10614256344050445,0.12985973460119754,15.720000267028809,14.791153816076426,1,2.35,0.10999999999999988,0,0,1,0
2013-10-18,1.0,1.25,1,1,0.035881310814105394,0.1040217710548,0.12943202177207283,13.039999961853027,14.713846133305477,1,2.27,0.08999999999999986,1,0,0,0
2013-10-25,1.0,1.07,1,1,0.045518338769632516,0.10249590759218363,0.12910292126670977,13.09000015258789,14.623076915740967,0,2.21,-0.06000000000000005,0,1,0,0
2013-11-01,1.0,1.07,1,1,0.03579369911523278,0.10008916853866232,0.12833093947671628,13.279999732971191,14.5401922922868,0,2.32,-0.010000000000000231,0,1,0,0
2013-11-08,1.0,1.25,1,1,0.0522368969451521,0.0993233120941398,0.12771628944764324,12.899999618530273,14.43038458090562,1,2.45,0.20000000000000018,1,0,0,0
2013-11-15,1.0,1.07,1,1,0.09104283232820398,0.09739918853123955,0.1273934357334739,12.1899995803833,14.349230729616606,0,2.4,-0.08000000000000007,0,1,0,0
2013-11-22,1.0,1.25,1,1,0.09045313594055426,0.09545921154779405,0.12735017194394946,12.260000228881836,14.293846112031202,1,2.44,0.020000000000000018,1,0,0,0
2013-11-29,1.0,1.25,1,1,0.11141030291952858,0.09294227557081244,0.1272834405983893,13.699999809265137,14.252115341333242,1,2.47,0.08000000000000007,1,0,0,0
2013-12-06,1.0,1.25,1,1,0.09504931006375217,0.09299462932919024,0.12715127942660592,13.789999961853027,14.21153842485868,1,2.58,0.10000000000000009,1,0,0,0
2013-12-13,1.0,1.12,0,1,0.05697900414268031,0.09513954416422124,0.12589431100495718,15.760000228881836,14.1876922754141,1,2.54,0.08999999999999986,0,0,1,0
2013-12-20,1.0,1.25,1,1,0.06926948504360575,0.09287826500872605,0.12267645390371984,13.789999961853027,14.109807656361507,1,2.52,0.10999999999999988,1,0,0,0
2013-12-27,1.0,1.25,1,1,0.09435894626082275,0.09332943891277432,0.12022783037357394,12.460000038146973,13.91249997799213,1,2.62,0.3200000000000003,1,0,0,0
2014-01-03,1.0,1.25,1,1,0.08877357972549849,0.09324805122779803,0.12011552754982581,13.760000228881836,13.911153830014742,1,2.6,0.27,1,0,0,0
2014-01-10,1.0,1.25,1,1,0.087394092709425,0.08719624703069795,0.11997696408483474,12.140000343322754,13.887692304757925,1,2.49,0.14000000000000012,1,0,0,0
2014-01-17,1.0,1.25,1,1,0.058759125945383905,0.08727877591751053,0.11971581218728441,12.4399995803833,13.887307680570162,1,2.44,0.16999999999999993,1,0,0,0
2014-01-24,1.3,1.3,0,1,0.022229466828357136,0.09665384758849975,0.1195457523474272,18.139999389648438,13.98826920069181,1,2.38,0.16999999999999993,0,0,0,0
2014-01-31,1.3,1.3,0,1,0.016669357053325617,0.09630358169904653,0.1191921104293919,18.40999984741211,14.094230743554922,1,2.33,0.010000000000000231,0,0,0,0
2014-02-07,1.3,1.3,0,1,0.018982504600127736,0.09512532648968773,0.11885924506730054,15.289999961853027,14.137884580172026,0,2.41,-0.040000000000000036,0,0,0,0
2014-02-14,1.0,1.25,1,1,0.027598333421100296,0.09332054007190874,0.11852877777074326,13.569999694824219,14.15923072741582,1,2.43,0.03000000000000025,1,0,0,0
2014-02-21,1.0,1.0,0,1,0.02255599905693706,0.09360717082888749,0.11828826496603627,14.680000305175781,14.169038424125084,0,2.4,-0.040000000000000036,0,0,0,0
2014-02-28,1.0,1.07,1,1,0.03481433294911618,0.08848676989410013,0.11768502424812424,14.0,14.142884584573599,0,2.33,-0.14000000000000012,0,1,0,0
2014-03-07,1.0,1.07,1,1,0.046103799310810434,0.0878019291294147,0.1166833098223675,14.109999656677246,14.172115344267626,0,2.42,-0.16000000000000014,0,1,0,0
2014-03-14,1.0,1.0,0,1,0.042403415526409916,0.09160827934739556,0.11637508638670384,17.81999969482422,14.297499950115498,0,2.29,-0.25,0,0,0,0
2014-03-21,1.0,1.0,0,1,0.0300823831741035,0.09153893551431876,0.11601694042348254,15.0,14.324999955984262,0,2.3,-0.2200000000000002,0,0,0,0
2014-03-28,1.0,1.0,0,1,0.013373437433424895,0.08980406304020579,0.11564520818433621,14.40999984741211,14.357884572102474,0,2.28,-0.3400000000000003,0,0,0,0
2014-04-04,1.0,1.07,1,1,0.023689881426822268,0.08959850727175103,0.11531811484787625,13.960000038146973,14.35865380213811,0,2.31,-0.29000000000000004,0,1,0,0
2014-04-11,1.0,1.0,0,1,-0.009932361799540712,0.09917685609800099,0.11470066806629185,17.030000686645508,14.4542307303502,0,2.26,-0.23000000000000043,0,0,0,0
2014-04-18,1.0,1.07,1,1,0.019454288881034953,0.10041429569394685,0.1138506588627537,13.359999656677246,14.423269180151133,0,2.3,-0.14000000000000012,0,1,0,0
2014-04-25,1.0,1.07,1,1,0.04596219168950566,0.10014845427010924,0.11330134160830595,14.0600004196167,14.43192304097689,0,2.25,-0.1299999999999999,0,1,0,0
2014-05-02,1.0,1.07,1,1,0.060107974343995396,0.1005916423016813,0.11252416818192242,12.90999984741211,14.4330768768604,0,2.18,-0.1499999999999999,0,1,0,0
2014-05-09,1.0,1.07,1,1,0.05069902086581535,0.10059879642194525,0.11137992596566124,12.920000076293945,14.43942302923936,0,2.22,-0.18999999999999995,0,1,0,0
2014-05-16,1.0,1.07,1,1,0.026410098416564054,0.09883923300722865,0.11110367673187924,12.4399995803833,14.43923071714548,0,2.14,-0.29000000000000004,0,1,0,0
2014-05-23,1.0,1.07,1,1,0.03969846540905686,0.09983376938033221,0.11040560830079797,11.359999656677246,14.38865379186777,0,2.17,-0.22999999999999998,0,1,0,0
2014-05-30,1.0,1.07,1,1,0.03886605211061034,0.10075736384861368,0.10966774423650286,11.399999618530273,14.294423029972958,0,2.11,-0.2200000000000002,0,1,0,0
2014-06-06,1.0,1.07,1,1,0.042400729622556144,0.10184260193306115,0.1092562568278639,10.729999542236328,14.209615322259756,0,2.19,-0.22999999999999998,0,1,0,0
2014-06-13,1.0,1.07,1,1,0.05592319497634879,0.09904262844516397,0.10881008483588363,12.180000305175781,14.114038412387554,0,2.15,-0.14000000000000012,0,1,0,0
2014-06-20,1.0,1.07,1,1,0.05735214707066416,0.09537580373804719,0.10860739296606378,10.850000381469727,13.959230734751774,0,2.13,-0.16999999999999993,0,1,0,0
2014-06-27,1.0,1.07,1,1,0.06074867608540524,0.09454148240407995,0.10777111167852305,11.260000228881836,13.85153841972351,0,2.09,-0.18999999999999995,0,1,0,0
2014-07-04,1.0,1.07,1,1,0.06840013128111777,0.09464321382013896,0.10639748809876774,10.319999694824219,13.76365379186777,0,2.13,-0.18000000000000016,0,1,0,0
2014-07-11,1.0,1.07,1,1,0.08838188712327044,0.09588952404698933,0.10629428335137582,12.079999923706055,13.729807633620043,0,2.05,-0.20999999999999996,0,1,0,0
2014-07-18,1.0,1.07,1,1,0.065815869050591,0.0955856876469544,0.10601315599024283,12.0600004196167,13.720576873192421,0,1.99,-0.30999999999999983,0,1,0,0
2014-07-25,1.0,1.07,1,1,0.06644193268281162,0.08565854437765863,0.10575673228520009,12.6899995803833,13.719999936910776,0,1.95,-0.30000000000000004,0,1,0,0
2014-08-01,1.3,1.3,0,1,0.028514621899986325,0.09546434312999544,0.10523139778799807,17.030000686645508,13.817115343534029,0,2.05,-0.13000000000000034,0,0,0,0
2014-08-08,1.0,1.0,0,1,0.03301794093798205,0.09518460141432565,0.10421305666713203,15.770000457763672,13.862499970656176,0,1.99,-0.2300000000000002,0,0,0,0
2014-08-15,1.0,1.07,1,1,0.04577406830668829,0.0912770311530851,0.10403009920629869,13.149999618530273,13.839038427059467,0,1.92,-0.2200000000000002,0,1,0,0
2014-08-22,1.0,1.07,1,1,0.05145485660127558,0.09349844996611172,0.10402655146857642,11.470000267028809,13.790769210228554,0,1.87,-0.2999999999999998,0,1,0,0
2014-08-29,1.0,1.07,1,1,0.04666702969673309,0.09265889531576475,0.10397895972027331,12.09000015258789,13.696153824145977,0,1.87,-0.23999999999999977,0,1,0,0
2014-09-05,1.0,1.07,1,1,0.034259559908042414,0.09205137123654705,0.10382526210065636,12.09000015258789,13.62384612743671,0,1.94,-0.25,0,1,0,0
2014-09-12,1.0,1.07,1,1,0.030671485300258094,0.08827653626446613,0.1032883602510866,13.3100004196167,13.607499984594492,0,2.04,-0.10999999999999988,0,1,0,0
2014-09-19,1.0,1.07,1,1,0.029080854989011362,0.08823359825503364,0.10252920837300483,12.109999656677246,13.58807690326984,0,2.0,-0.1299999999999999,0,1,0,0
2014-09-26,1.0,1.0,0,1,0.015346232218912848,0.09105911988358237,0.10230433615485858,14.850000381469727,13.576346140641432,0,1.95,-0.1399999999999999,0,0,0,0
2014-10-03,1.0,1.0,0,1,-0.0038419992595863928,0.09206854496102965,0.10191147508502996,14.550000190734863,13.5342307640956,0,1.88,-0.25,0,0,0,0
2014-10-10,1.3,1.3,0,1,-0.02634359341689918,0.09493637431741865,0.1018055047553735,21.239999771118164,13.640384600712704,0,1.86,-0.18999999999999972,0,0,0,0
2014-10-17,0.6,0.6,0,0,-0.04227918193718261,0.08946907608905348,0.10145174174044588,21.989999771118164,13.812499981660109,0,1.83,-0.15999999999999992,0,0,0,0
2014-10-24,1.7,1.7,0,1,-0.0018806638441175583,0.10683685754077486,0.10145174174044588,16.110000610351562,13.87057691354018,0,1.88,-0.07000000000000006,0,0,0,0
2014-10-31,1.7,1.7,0,1,0.05248100054574234,0.11179724853444717,0.10145174174044588,14.029999732971191,13.884999990463257,0,1.85,-0.19999999999999973,0,0,0,0
2014-11-07,1.7,1.7,0,1,0.05718503052458135,0.1118896465394635,0.10145174174044588,13.119999885559082,13.889230764829195,0,1.81,-0.17999999999999994,0,0,0,0
2014-11-14,1.7,1.7,0,1,0.04840956573475408,0.11180649996486136,0.10145174174044588,13.3100004196167,13.910769242506762,0,1.78,-0.1399999999999999,0,0,0,0
2014-11-21,1.0,1.0,0,1,0.04245236648149264,0.11176188931313367,0.10145174174044588,12.899999618530273,13.923076923076923,0,1.78,-0.09000000000000008,0,0,0,0
2014-11-28,1.0,1.0,0,1,0.037160335266354316,0.1110511343611223,0.10145174174044588,13.329999923706055,13.915961540662325,0,1.71,-0.16000000000000014,0,0,0,0
2014-12-05,1.0,1.0,0,1,0.039094490615800614,0.10993194451842982,0.10145174174044588,11.890000343322754,13.87942308645982,0,1.66,-0.28,0,0,0,0
2014-12-12,1.0,1.15,0,1,0.013553943904071719,0.12125211738477262,0.10152063649900865,21.079999923706055,13.981730772898747,0,1.54,-0.5,0,0,0,1
2014-12-19,1.0,1.0,0,1,0.03467789059348414,0.12833109702162662,0.10152063649900865,16.489999771118164,14.033653846153847,0,1.5,-0.5,0,0,0,0
2014-12-26,1.0,1.0,0,1,0.05907233906866538,0.12858511062928332,0.10152063649900865,14.5,14.07288461465102,0,1.52,-0.42999999999999994,0,0,0,0
2015-01-02,1.0,1.0,0,1,0.051108719442431116,0.13011679035091542,0.10152063649900865,17.790000915527344,14.150384627855741,0,1.46,-0.41999999999999993,0,0,0,0
2015-01-09,1.0,1.0,0,1,0.07786999815157358,0.12979395861481596,0.10152063649900865,17.549999237060547,14.25442306811993,0,1.39,-0.4700000000000002,0,0,0,0
2015-01-16,1.3,1.3,0,1,0.0757298753447464,0.13134254837897785,0.10152063649900865,20.950000762939453,14.41807693701524,0,1.34,-0.49,0,0,0,0
2015-01-23,1.0,1.0,0,1,0.04923547037181231,0.13307923568684665,0.10152063649900865,16.65999984741211,14.38961540735685,0,1.29,-0.5899999999999999,0,0,0,0
2015-01-30,1.3,1.3,0,1,-0.005500142035171018,0.13331587466769404,0.10152063649900865,20.969999313354492,14.43884616631728,0,1.21,-0.6400000000000001,0,0,0,0
2015-02-06,1.0,1.0,0,1,0.016447740368447095,0.13934532547720696,0.10152063649900865,17.290000915527344,14.47730772311871,0,1.3,-0.51,0,0,0,0
2015-02-13,1.0,1.0,0,1,0.03279406786210748,0.1409098920231259,0.10152063649900865,14.6899995803833,14.498846182456383,0,1.36,-0.41999999999999993,0,0,0,0
2015-02-20,1.0,1.0,0,1,0.02770415495093359,0.1394228211556702,0.10152063649900865,14.300000190734863,14.491538487947905,0,1.46,-0.32000000000000006,0,0,0,0
2015-02-27,1.0,1.0,0,1,0.022310700614924572,0.13945233258045636,0.10152063649900865,13.34000015258789,14.47884618318998,0,1.37,-0.33999999999999986,0,0,0,0
2015-03-06,1.0,1.0,0,1,0.003101943629333803,0.14161809177165602,0.10152063649900865,15.199999809265137,14.4998077245859,0,1.51,-0.1499999999999999,0,0,0,0
2015-03-13,1.0,1.0,0,1,0.030245314333544604,0.1413338022776754,0.10152063649900865,16.0,14.464807730454664,0,1.45,-0.09000000000000008,0,0,0,0
2015-03-20,1.0,1.0,0,1,0.02338392513732246,0.14496649636185466,0.10152063649900865,13.020000457763672,14.42673081618089,0,1.33,-0.16999999999999993,0,0,0,0
2015-03-27,1.0,1.0,0,1,-0.008547580479417949,0.14734937786080593,0.10152063649900865,15.069999694824219,14.439423120938814,0,1.37,-0.1499999999999999,0,0,0,0
2015-04-03,1.0,1.0,0,1,0.00940219450312263,0.14675286537291088,0.10152063649900865,14.670000076293945,14.453076967826256,0,1.37,-0.08999999999999986,0,0,0,0
2015-04-10,1.0,1.0,0,1,0.032937760384928794,0.13987917817889906,0.10152063649900865,12.579999923706055,14.367500030077421,0,1.39,0.0,0,0,0,0
2015-04-17,1.0,1.12,0,1,0.03594831177677427,0.13967881736939775,0.10152063649900865,13.890000343322754,14.37769235097445,1,1.36,0.020000000000000018,0,0,1,0
2015-04-24,1.0,1.12,0,1,0.037199307069439635,0.1298206134352872,0.10152063649900865,12.289999961853027,14.343653880632841,1,1.39,0.09999999999999987,0,0,1,0
2015-05-01,1.0,1.12,0,1,0.06122130548656002,0.1256288948703964,0.10152063649900865,12.699999809265137,14.339615418360783,1,1.52,0.31000000000000005,0,0,1,0
2015-05-08,1.0,1.12,0,1,0.034125845992936776,0.12534909734769512,0.10152063649900865,12.859999656677246,14.338461564137386,1,1.57,0.27,0,0,1,0
2015-05-15,1.0,1.12,0,1,0.017200183181937723,0.1253299336818857,0.10152063649900865,12.380000114440918,14.337307728253878,1,1.59,0.22999999999999998,0,0,1,0
2015-05-22,1.0,1.12,0,1,0.01278496427144371,0.12448786898557901,0.10226725061149076,12.130000114440918,14.352115429364718,1,1.57,0.1100000000000001,0,0,1,0
2015-05-29,1.0,1.12,0,1,0.0067522877748080745,0.12533722252311247,0.10226725061149076,13.84000015258789,14.399038516558134,1,1.51,0.1399999999999999,0,0,1,0
2015-06-05,1.0,1.12,0,1,0.01545261057054037,0.12574321653847503,0.10226725061149076,14.210000038146973,14.465961603017954,1,1.68,0.16999999999999993,0,0,1,0
2015-06-12,1.0,1.12,0,1,0.02486254612380967,0.11470908745813513,0.10226725061149076,13.779999732971191,14.49673082278325,1,1.65,0.19999999999999996,0,0,1,0
2015-06-19,1.0,1.12,0,1,0.006774468951709078,0.10551539934699684,0.10226725061149076,13.960000038146973,14.556538508488583,1,1.61,0.28,0,0,1,0
2015-06-26,1.0,1.12,0,1,0.024791594206800882,0.1051513427743574,0.10226725061149076,14.020000457763672,14.60961543596708,1,1.77,0.3999999999999999,0,0,1,0
2015-07-03,1.0,1.12,0,1,0.009098873836650423,0.10446468812973937,0.10348771884288428,16.790000915527344,14.734038536365215,1,1.76,0.3899999999999999,0,0,1,0
2015-07-10,1.0,1.12,0,1,-0.007383238744165577,0.10401972524982322,0.10402105502305813,16.829999923706055,14.825384690211369,1,1.77,0.3800000000000001,0,0,1,0
2015-07-17,1.0,1.12,0,1,0.026754388363631643,0.10683468087211366,0.10402752513734215,11.949999809265137,14.823269293858456,1,1.66,0.2999999999999998,0,0,1,0
2015-07-24,1.0,1.12,0,1,-0.012464980349994992,0.10973995441124544,0.10421305666713203,13.739999771118164,14.84346160521874,1,1.57,0.18000000000000016,0,0,1,0
2015-07-31,1.0,1.25,1,1,0.003815027281471206,0.10269331799123137,0.10421305666713203,12.119999885559082,14.749038512890156,1,1.53,0.010000000000000009,1,0,0,0
2015-08-07,1.0,1.0,0,1,-0.012562531811997513,0.09596580365573004,0.10421305666713203,13.390000343322754,14.703269279920137,0,1.45,-0.1200000000000001,0,0,0,0
2015-08-14,1.0,1.0,0,1,-0.0094208449134906,0.0920211999098301,0.10402752513734215,12.829999923706055,14.697115439635057,0,1.47,-0.1200000000000001,0,0,0,0
2015-08-21,0.6,0.6,0,0,-0.06665874903347746,0.12051252933392545,0.10430966715351059,28.030000686645508,15.015576986166147,0,1.41,-0.16000000000000014,0,0,0,0
2015-08-28,0.6,0.6,0,0,-0.051580393388148904,0.12122756833561683,0.10430966715351059,26.049999237060547,15.28403850702139,0,1.47,-0.040000000000000036,0,0,0,0
2015-09-04,0.6,0.6,0,0,-0.07743370551062168,0.12813296696430682,0.10430966715351059,27.799999237060547,15.58615387403048,0,1.42,-0.26,0,0,0,0
2015-09-11,0.6,0.6,0,0,-0.05863036695677082,0.13216958981334423,0.10430966715351059,23.200000762939453,15.776346188325148,0,1.49,-0.15999999999999992,0,0,0,0
2015-09-18,0.6,0.6,0,0,-0.06804150992607205,0.12558297085801223,0.10430966715351059,22.280000686645508,15.971923131209154,0,1.44,-0.17000000000000015,0,0,0,0
2015-09-25,0.6,0.6,0,0,-0.07610012875367334,0.12326093497870454,0.10430966715351059,23.6200008392334,16.140576986166145,0,1.47,-0.30000000000000004,0,0,0,0
2015-10-02,0.6,0.6,0,0,-0.0544892194277482,0.12444263843845817,0.10430966715351059,20.940000534057617,16.263461608153122,0,1.41,-0.3500000000000001,0,0,0,0
2015-10-09,1.7,1.7,0,0,-0.024596655913405208,0.13088497637085394,0.10430966715351059,17.079999923706055,16.183461611087505,0,1.47,-0.30000000000000004,0,0,0,0
2015-10-16,1.7,1.7,0,0,-0.03837175996270714,0.13105540620365572,0.1049110136487411,15.050000190734863,16.05000008069552,0,1.43,-0.22999999999999998,0,0,0,0
2015-10-23,1.7,1.7,0,1,0.002830439879722757,0.13200543518161614,0.10538797954657304,14.460000038146973,16.018269300460815,0,1.43,-0.14000000000000012,0,0,0,0
2015-10-30,1.7,1.7,0,1,-0.007073708652941879,0.13189437253560685,0.10637293233832278,15.069999694824219,16.03826929972722,0,1.41,-0.1200000000000001,0,0,0,0
2015-11-06,1.0,1.0,0,1,0.015301713543312667,0.1325470629051864,0.10683609570674345,14.329999923706055,16.061538531230045,0,1.44,-0.010000000000000009,0,0,0,0
2015-11-13,0.6,0.6,0,0,-0.027824567508312303,0.14180057517295463,0.10872387050658075,20.079999923706055,16.191730829385612,0,1.42,-0.050000000000000044,0,0,0,0
2015-11-20,1.0,1.0,0,1,0.06352973201165435,0.15000972395852177,0.10986474798091529,15.470000267028809,16.241153918779812,0,1.33,-0.07999999999999985,0,0,0,0
2015-11-27,1.0,1.0,0,1,0.0570528347837016,0.14947976173821598,0.11065941791617993,15.119999885559082,16.275576994969295,0,1.3,-0.16999999999999993,0,0,0,0
2015-12-04,1.0,1.0,0,1,0.09408500638662565,0.14914593523158312,0.11151312507992969,14.8100004196167,16.331730842590332,0,1.32,-0.09999999999999987,0,0,0,0
2015-12-11,0.6,0.6,0,0,0.031460406225368276,0.1582763361883445,0.11178487280698744,24.389999389648438,16.39538467847384,0,1.25,-0.24,0,0,0,0
2015-12-18,0.6,0.6,0,0,0.02947230163367065,0.1576729290571773,0.11180326196421639,20.700000762939453,16.476346236008865,0,1.22,-0.21999999999999997,0,0,0,0
2015-12-25,1.0,1.0,0,1,0.07287541234895611,0.16303343573950563,0.11186054523835275,15.739999771118164,16.500192385453445,0,1.22,-0.25,0,0,0,0
2016-01-01,0.6,0.6,0,0,0.05170924844364233,0.1626151977538673,0.11372228313660007,18.209999084472656,16.508269273317776,0,1.21,-0.19999999999999996,0,0,0,0
2016-01-08,0.6,0.6,0,0,-0.04106593981107476,0.18252098658490898,0.11848132467739887,27.010000228881836,16.69019236931434,0,1.19,-0.28,0,0,0,0
2016-01-15,0.6,0.6,0,0,-0.07055789627914288,0.18018656863499272,0.12097730468502485,27.020000457763672,16.806923132676346,0,1.18,-0.25,0,0,0,0
2016-01-22,0.6,0.6,0,0,-0.07641114022351192,0.18018457662818782,0.1212435252175681,22.34000015258789,16.91615390777588,0,1.19,-0.24,0,0,0,0
2016-01-29,1.7,1.7,0,0,-0.0627954056181097,0.1811171817311601,0.12255784882082837,20.200000762939453,16.901346243344822,0,1.18,-0.22999999999999998,0,0,0,0
2016-02-05,1.7,1.7,0,0,-0.09984505327768822,0.18476474187493364,0.1240290422275444,23.3799991607666,17.018461594214806,0,1.12,-0.31999999999999984,0,0,0,0
2016-02-12,1.7,1.7,0,0,-0.07306857100485153,0.18421988784542623,0.12447203829408672,25.399999618530273,17.22442313340994,0,1.03,-0.3899999999999999,0,0,0,0
2016-02-19,1.7,1.7,0,0,-0.07724061448356634,0.17323140112061963,0.12503521103817836,20.530000686645508,17.344230835254375,0,1.0,-0.33000000000000007,0,0,0,0
2016-02-26,1.5,1.5,0,0,-0.06350884645658617,0.17448806900156463,0.1253346714286831,19.809999465942383,17.468653898972732,0,0.96,-0.3400000000000001,0,0,0,0
2016-03-04,1.5,1.5,0,0,-0.03815084487842402,0.17143460779873876,0.1253449411590912,16.860000610351562,17.500576991301315,0,1.0,-0.32000000000000006,0,0,0,0
2016-03-11,1.5,1.5,0,1,0.010336362442405767,0.16967506058034965,0.12550111512940124,16.5,17.510192375916702,0,1.01,-0.24,0,0,0,0
2016-03-18,1.5,1.5,0,1,0.027067861355190903,0.17034591066455976,0.12561282146606195,14.020000457763672,17.52942314514747,0,1.04,-0.17999999999999994,0,0,0,0
2016-03-25,1.5,1.5,0,1,-0.00735313737137977,0.16927150414397488,0.1257032039546475,14.739999771118164,17.52307699276851,0,1.02,-0.19999999999999996,0,0,0,0
2016-04-01,1.5,1.5,0,1,0.02019530555776683,0.170390947832931,0.1272965543152657,13.100000381469727,17.492884690944965,0,1.03,-0.17999999999999994,0,0,0,0
2016-04-08,1.0,1.0,0,1,0.07104396256126999,0.16588498094566853,0.12826175150156469,15.359999656677246,17.546346224271336,0,1.02,-0.16999999999999993,0,0,0,0
2016-04-15,1.0,1.0,0,1,0.11203720106884729,0.16680011035043016,0.12849620586660349,13.619999885559082,17.54115390777588,0,1.02,-0.15999999999999992,0,0,0,0
2016-04-22,1.0,1.0,0,1,0.10249752830205483,0.16451019200294228,0.12937086181987956,13.220000267028809,17.55903852902926,0,1.05,-0.1399999999999999,0,0,0,0
2016-04-29,1.0,1.0,0,1,0.07058697667717584,0.16561330557925402,0.12981128424812227,15.699999809265137,17.616730836721565,0,1.06,-0.11999999999999988,0,0,0,0
2016-05-06,1.0,1.0,0,1,0.1001921792792162,0.1650425095473237,0.13001312843044555,14.720000267028809,17.65250007922833,0,1.05,-0.07000000000000006,0,0,0,0
2016-05-13,1.0,1.0,0,1,0.1028027393711719,0.15674980011402323,0.13061611126387546,15.039999961853027,17.703653922447792,0,0.95,-0.08000000000000007,0,0,0,0
2016-05-20,1.0,1.0,0,1,0.07578046944475725,0.14945002086326348,0.1309957557621751,15.199999809265137,17.76269237811749,0,0.96,-0.040000000000000036,0,0,0,0
2016-05-27,1.0,1.0,0,1,0.08321464065545014,0.15300959862616867,0.1312420486176151,13.119999885559082,17.748846219136166,0,0.95,-0.010000000000000009,0,0,0,0
2016-06-03,1.0,1.0,0,1,0.05455550313454238,0.15301029180128656,0.1317012340807867,13.470000267028809,17.73461545430697,0,0.93,-0.06999999999999995,0,0,0,0
2016-06-10,1.0,1.0,0,1,0.04139603979349116,0.14269066306246334,0.1319665632555129,17.030000686645508,17.79711547264686,0,0.91,-0.09999999999999998,0,0,0,0
2016-06-17,1.0,1.0,0,1,0.015725404345947824,0.1438633355871135,0.1321121356922394,19.40999984741211,17.901923161286575,0,0.92,-0.12,0,0,0,0
2016-06-24,1.3,1.3,0,1,0.005794354741731178,0.14047978984668733,0.13241494732304163,25.760000228881836,18.127692387654232,0,0.93,-0.08999999999999997,0,0,0,0
2016-07-01,1.0,1.0,0,1,0.019774176558427614,0.14717417582616651,0.13289297521326557,14.770000457763672,18.08884622500493,0,0.87,-0.16000000000000003,0,0,0,0
2016-07-08,1.0,1.07,1,1,0.04526091151878853,0.11807193189903883,0.13289297521326557,13.199999809265137,18.019038530496452,0,0.76,-0.26,0,1,0,0
2016-07-15,1.0,1.07,1,1,0.044144742983787566,0.11255458550026487,0.13289297521326557,12.670000076293945,18.032884689477775,0,0.89,-0.13,0,1,0,0
2016-07-22,1.0,1.07,1,1,0.04498117304426508,0.11185867824733263,0.13289297521326557,12.020000457763672,17.99980777960557,0,0.86,-0.19000000000000006,0,1,0,0
2016-07-29,1.0,1.07,1,1,0.05776744677552581,0.11092567407045477,0.13289297521326557,11.869999885559082,17.99500008729788,0,0.79,-0.27,0,1,0,0
2016-08-05,1.0,1.07,1,1,0.06608287038912453,0.09851270867413145,0.13289297521326557,11.390000343322754,17.956538548836342,0,0.87,-0.18000000000000005,0,1,0,0
2016-08-12,1.0,1.07,1,1,0.07245609001569808,0.09687305307228523,0.13289297521326557,11.550000190734863,17.931923169356125,0,0.8,-0.1499999999999999,0,1,0,0
2016-08-19,1.0,1.07,1,1,0.06903724695662716,0.09150597835301316,0.13289297521326557,11.34000015258789,17.61096162062425,0,0.82,-0.14,0,1,0,0
2016-08-26,1.0,1.07,1,1,0.038908023132629976,0.09143755686282237,0.13289297521326557,13.649999618530273,17.372500089498665,0,0.78,-0.16999999999999993,0,1,0,0
2016-09-02,1.0,1.07,1,1,0.043873156022711024,0.08511818161256741,0.13289297521326557,11.979999542236328,17.06826932613666,0,0.8,-0.13,0,1,0,0
2016-09-09,1.0,1.0,0,1,0.020560386661769403,0.092434061042046,0.13289297521326557,17.5,16.958653926849365,0,0.88,-0.030000000000000027,0,0,0,0
2016-09-16,1.0,1.25,1,1,0.038387563988285356,0.09120114596718655,0.13289297521326557,15.369999885559082,16.825769296059242,1,0.93,0.010000000000000009,1,0,0,0
2016-09-23,1.0,1.07,1,1,0.06810196794071066,0.0914426513520922,0.13289297521326557,12.289999961853027,16.607884663801926,0,0.85,-0.08000000000000007,0,1,0,0
2016-09-30,1.0,1.07,1,1,0.03559725607303865,0.08841963046978603,0.13289297521326557,13.289999961853027,16.46076926818261,0,0.83,-0.040000000000000036,0,1,0,0
2016-10-07,1.0,1.25,1,1,0.01634731730826844,0.08688090027678845,0.13289297521326557,13.479999542236328,16.391538491615883,1,0.9,0.14,1,0,0,0
2016-10-14,1.0,1.12,0,1,-0.007568280047057785,0.08589677494822437,0.13289297521326557,16.1200008392334,16.412115427163933,1,0.96,0.06999999999999995,0,0,1,0
2016-10-21,1.0,1.12,0,1,-0.010030889391927977,0.08575425111333793,0.13289297521326557,13.34000015258789,16.390576967826256,1,0.9,0.040000000000000036,0,0,1,0
2016-10-28,1.0,1.12,0,1,-0.016149424786036315,0.08413967049303776,0.13289297521326557,16.190000534057617,16.412115445503822,1,1.0,0.20999999999999996,0,0,1,0
2016-11-04,1.0,1.12,0,1,-0.03930931332277254,0.08876720923591308,0.13289297521326557,22.510000228881836,16.56942314368028,1,0.99,0.12,0,0,1,0
2016-11-11,1.0,1.12,0,1,-0.0043338326181570075,0.10235987233075632,0.13289297521326557,14.170000076293945,16.455769300460815,1,1.23,0.42999999999999994,0,0,1,0
2016-11-18,1.0,1.25,1,1,0.0048675112428751,0.10283168764097089,0.13289297521326557,12.850000381469727,16.405384687276985,1,1.27,0.45000000000000007,1,0,0,0
2016-11-25,1.0,1.25,1,1,0.024616773379122048,0.09981887504066443,0.13289297521326557,12.34000015258789,16.35192315395062,1,1.24,0.45999999999999996,1,0,0,0
2016-12-02,1.0,1.25,1,1,0.011080866400235312,0.10094423275016409,0.13289297521326557,14.119999885559082,16.33865391291105,1,1.29,0.49,1,0,0,0
2016-12-09,1.0,1.25,1,1,0.0673960180807307,0.10874760901969575,0.13289297521326557,11.75,16.095577001571655,1,1.32,0.44000000000000006,1,0,0,0
2016-12-16,1.0,1.25,1,1,0.06091049806761495,0.1066300739132533,0.13289297521326557,12.199999809265137,15.932115444770226,1,1.32,0.39,1,0,0,0
2016-12-23,1.0,1.25,1,1,0.051161572938009936,0.10263766899700871,0.13289297521326557,11.4399995803833,15.84942313340994,1,1.33,0.4800000000000001,1,0,0,0
2016-12-30,1.0,1.25,1,1,0.03951695238020103,0.09562160844372837,0.13289297521326557,14.039999961853027,15.769230842590332,1,1.25,0.42000000000000004,1,0,0,0
2017-01-06,1.0,1.25,1,1,0.06282175891996555,0.09650099657687508,0.13289297521326557,11.319999694824219,15.467500063089224,1,1.2,0.29999999999999993,1,0,0,0
2017-01-13,1.0,1.25,1,1,0.07164158437397417,0.095014898576492,0.13289297521326557,11.229999542236328,15.163846199329083,1,1.19,0.22999999999999998,1,0,0,0
2017-01-20,1.0,1.25,1,1,0.06587742267696917,0.09496626663762349,0.13241494732304163,11.539999961853027,14.956153887968798,1,1.28,0.38,1,0,0,0
2017-01-27,1.0,1.25,1,1,0.08365273088777525,0.09548598335998928,0.1321121356922394,10.579999923706055,14.771153871829693,1,1.27,0.27,1,0,0,0
2017-02-03,1.0,1.25,1,1,0.10616973286483677,0.09543179441545796,0.1319665632555129,10.970000267028809,14.53250004695012,1,1.28,0.29000000000000004,1,0,0,0
2017-02-10,1.0,1.07,1,1,0.07603061418700263,0.09592796500363854,0.13160073431942396,10.850000381469727,14.25269236931434,0,1.21,-0.020000000000000018,0,1,0,0
2017-02-17,1.0,1.07,1,1,0.08226794625394951,0.09751406616761367,0.1309957557621751,11.489999771118164,14.07884619786189,0,1.21,-0.06000000000000005,0,1,0,0
2017-02-24,1.0,1.07,1,1,0.0750062095152646,0.09671867114088033,0.13051244934340558,11.470000267028809,13.918461597882784,0,1.19,-0.050000000000000044,0,1,0,0
2017-03-03,1.0,1.07,1,1,0.09170228957719928,0.09681839340532603,0.12922993717044406,10.960000038146973,13.80500004841731,0,1.17,-0.1200000000000001,0,1,0,0
2017-03-10,1.0,1.07,1,1,0.05554284546439803,0.08889650794863997,0.1272965543152657,11.65999984741211,13.711923122406006,0,1.22,-0.10000000000000009,0,1,0,0
2017-03-17,1.0,1.07,1,1,0.05786137640350164,0.08899507535450929,0.1257032039546475,11.279999732971191,13.659230800775381,0,1.17,-0.15000000000000013,0,1,0,0
2017-03-24,1.0,1.07,1,1,0.04061570837164541,0.0916962976366355,0.12561282146606195,12.960000038146973,13.625000036679781,0,1.14,-0.19000000000000017,0,1,0,0
2017-03-31,1.0,1.07,1,1,0.059212020220292816,0.09185748682114832,0.12550111512940124,12.369999885559082,13.610961565604576,0,1.13,-0.1200000000000001,0,1,0,0
2017-04-07,1.0,1.07,1,1,0.0396692250347539,0.0912220076738697,0.1253449411590912,12.869999885559082,13.563076954621534,0,1.09,-0.10999999999999988,0,1,0,0
2017-04-14,1.0,1.0,0,1,0.02850255455353623,0.09202260990885879,0.1253346714286831,15.960000038146973,13.608076957555918,0,1.03,-0.15999999999999992,0,0,0,0
2017-04-21,1.0,1.0,0,1,0.03912195942467367,0.0923073673378085,0.12503521103817836,14.630000114440918,13.63519233923692,0,1.04,-0.24,0,0,0,0
2017-04-28,1.0,1.07,1,1,0.04431015604099442,0.09213319567184566,0.12447203829408672,10.819999694824219,13.54134618318998,0,1.01,-0.26,0,1,0,0
2017-05-05,1.0,1.07,1,1,0.04972022016190336,0.08534503702008683,0.1240290422275444,10.569999694824219,13.461538479878353,0,1.04,-0.24,0,1,0,0
2017-05-12,1.0,1.07,1,1,0.036757055676599926,0.07208235820267332,0.12254925665362386,10.399999618530273,13.372307704045223,0,1.04,-0.16999999999999993,0,1,0,0
2017-05-19,1.0,1.07,1,1,0.01810715397256657,0.07230437343812289,0.12097730468502485,12.039999961853027,13.311538476210375,0,0.95,-0.26,0,1,0,0
2017-05-26,1.0,1.07,1,1,0.025435102609518312,0.07243566159401275,0.11965832023171515,9.8100004196167,13.247884640326866,0,0.95,-0.24,0,1,0,0
2017-06-02,1.0,1.07,1,1,0.028572834862358842,0.07070452146251331,0.11689493634472256,9.75,13.176346173653236,0,0.87,-0.29999999999999993,0,1,0,0
2017-06-09,1.0,1.07,1,1,0.02851982448492274,0.05964399253435314,0.11614086065946798,10.699999809265137,13.054615387549767,0,0.86,-0.36,0,1,0,0
2017-06-16,1.0,1.07,1,1,0.028659850878590465,0.05942312312472417,0.11614086065946798,10.380000114440918,12.88096154653109,0,0.84,-0.32999999999999996,0,1,0,0
2017-06-23,1.0,1.07,1,1,0.04470910885018875,0.05944896171368273,0.11614086065946798,10.020000457763672,12.578269243240356,0,0.81,-0.32999999999999985,0,1,0,0
2017-06-30,1.0,1.07,1,1,0.03070794171292457,0.057830214512277156,0.11614086065946798,11.180000305175781,12.509230778767513,0,0.93,-0.19999999999999984,0,1,0,0
2017-07-07,1.0,1.07,1,1,0.03439910388247758,0.05459912312740342,0.11614086065946798,11.1899995803833,12.470576928212093,0,0.99,-0.10000000000000009,0,1,0,0
2017-07-14,1.0,1.07,1,1,0.06127713028295201,0.05664402524207388,0.11614086065946798,9.510000228881836,12.409807700377245,0,0.98,-0.050000000000000044,0,1,0,0
2017-07-21,1.0,1.07,1,1,0.057521556003302665,0.056264524761775715,0.11614086065946798,9.359999656677246,12.35865383881789,0,0.88,-0.16000000000000003,0,1,0,0
2017-07-28,1.0,1.07,1,1,0.042146032522215604,0.05572254167905269,0.11614086065946798,10.289999961853027,12.328269224900465,0,0.96,-0.050000000000000044,0,1,0,0
2017-08-04,1.0,1.07,1,1,0.037198738231484674,0.055699972745356506,0.11614086065946798,10.029999732971191,12.30211536700909,0,0.91,-0.13,0,1,0,0
2017-08-11,1.0,1.0,0,1,0.02648989799139434,0.05962846830790553,0.11614086065946798,15.510000228881836,12.378269213896532,0,0.89,-0.15000000000000002,0,0,0,0
2017-08-18,1.0,1.0,0,1,0.023429795860410607,0.0574992808251887,0.11231101796173859,14.260000228881836,12.434423061517569,0,0.86,-0.08999999999999997,0,0,0,0
2017-08-25,1.0,1.07,1,1,0.01672503130082892,0.05762348403768836,0.11153212678542539,11.279999732971191,12.388846140641432,0,0.82,-0.13,0,1,0,0
2017-09-01,1.0,1.07,1,1,0.019980094927449565,0.059528981755092816,0.11016335130268913,10.130000114440918,12.353269228568443,0,0.81,-0.05999999999999994,0,1,0,0
2017-09-08,1.0,1.07,1,1,0.017963347198338475,0.059945354015878874,0.1080064717324409,12.119999885559082,12.249807687906118,0,0.79,-0.06999999999999995,0,1,0,0
2017-09-15,1.0,1.07,1,1,0.03209174497185319,0.06303668962655813,0.10530063871795448,10.170000076293945,12.149807691574097,0,0.81,-0.029999999999999916,0,1,0,0
2017-09-22,1.0,1.07,1,1,0.031044495674775963,0.05871247955699606,0.10276378111558412,9.59000015258789,12.097884618318998,0,0.8,-0.010000000000000009,0,1,0,0
2017-09-29,1.0,1.07,1,1,0.04415555616549982,0.058567679628307195,0.10254044016382037,9.510000228881836,12.02519231576186,0,0.86,-0.07000000000000006,0,1,0,0
2017-10-06,1.0,1.07,1,1,0.055852044491036645,0.0595874555033378,0.10186439847754905,9.649999618530273,11.951538471075205,0,0.83,-0.16000000000000003,0,1,0,0
2017-10-13,1.0,1.07,1,1,0.04339151767587057,0.05548542388822211,0.10055035755183922,9.609999656677246,11.826346140641432,0,0.77,-0.20999999999999996,0,1,0,0
2017-10-20,1.0,1.07,1,1,0.04660546582909886,0.055400843147714735,0.09936171681237789,9.970000267028809,11.761538450534527,0,0.79,-0.08999999999999997,0,1,0,0
2017-10-27,1.0,1.07,1,1,0.04892044981866306,0.05303944598856858,0.09816318379685023,9.800000190734863,11.63865382854755,0,0.83,-0.13,0,1,0,0
2017-11-03,1.0,1.07,1,1,0.04980625043705844,0.052814207562991405,0.09728971158424872,9.140000343322754,11.381538446132954,0,0.71,-0.20000000000000007,0,1,0,0
2017-11-10,1.0,1.07,1,1,0.062472463662076594,0.05246185404685591,0.09685392218884951,11.289999961853027,11.32615382854755,0,0.73,-0.16000000000000003,0,1,0,0
2017-11-17,1.0,1.0,0,1,0.0676928606889955,0.052062194457356256,0.09678349061277003,11.430000305175781,11.298846134772667,0,0.62,-0.24,0,0,0,0
2017-11-24,1.0,1.07,1,1,0.06988918782562603,0.050461548748209614,0.0966424850434785,9.670000076293945,11.247499979459322,0,0.59,-0.22999999999999998,0,1,0,0
2017-12-01,1.0,1.0,0,1,0.07235523861519821,0.05261743171079126,0.09630043552624229,11.430000305175781,11.195769218298105,0,0.59,-0.22000000000000008,0,0,0,0
2017-12-08,1.0,1.07,1,1,0.08211404354247254,0.051717472909759574,0.09582074020766998,9.579999923706055,11.154038447600145,0,0.58,-0.21000000000000008,0,1,0,0
2017-12-15,1.0,1.07,1,1,0.07497173063608886,0.05212333091794343,0.09557413966441969,9.420000076293945,11.100576914273775,0,0.51,-0.30000000000000004,0,1,0,0
2017-12-22,1.0,1.07,1,1,0.07792402209629201,0.052041982786329995,0.09546701722940332,9.899999618530273,11.070961530391987,0,0.57,-0.2300000000000001,0,1,0,0
2017-12-29,1.0,1.0,0,1,0.06764311090991049,0.051047667957034124,0.09528588087181987,11.039999961853027,11.013269222699678,0,0.51,-0.35,0,0,0,0
2018-01-05,1.0,1.07,1,1,0.08038510517471797,0.05837509202596402,0.09499787739788802,9.220000267028809,10.972884618318998,0,0.51,-0.31999999999999995,0,1,0,0
2018-01-12,1.0,1.07,1,1,0.09566796071210515,0.05917254758156165,0.09407999467917139,10.15999984741211,10.95230770111084,0,0.56,-0.20999999999999996,0,1,0,0
2018-01-19,1.0,1.0,0,1,0.09619765428635696,0.059412159192749496,0.09238971824556289,11.270000457763672,10.947115402955275,0,0.58,-0.21000000000000008,0,0,0,0
2018-01-26,1.0,1.0,0,1,0.11770932761568798,0.06334988261089847,0.09224640725472151,11.079999923706055,10.95673078757066,0,0.53,-0.29999999999999993,0,0,0,0
2018-02-02,1.0,1.0,0,1,0.07122438299601175,0.08976497019147052,0.09209449065480026,17.309999465942383,11.078653849088228,0,0.69,-0.020000000000000018,0,0,0,0
2018-02-09,1.0,1.12,0,1,0.018391355735357884,0.11673940638505434,0.09209449065480026,29.059999465942383,11.428846139174242,1,0.78,0.050000000000000044,0,0,1,0
2018-02-16,1.0,1.12,0,1,0.06455416065812614,0.12960238973418348,0.09209449065480026,19.459999084472656,11.58211535673875,1,0.66,0.040000000000000036,0,0,1,0
2018-02-23,1.0,1.12,0,1,0.06050916579818888,0.1295548239997169,0.09209449065480026,16.489999771118164,11.678653808740469,1,0.63,0.040000000000000036,0,0,1,0
2018-03-02,1.0,1.12,0,1,0.022670327081128372,0.13379436639072984,0.09209449065480026,19.59000015258789,11.844615349402794,1,0.61,0.020000000000000018,0,0,1,0
2018-03-09,1.0,1.12,0,1,0.05568696460710387,0.14078649499591345,0.09209449065480026,14.640000343322754,11.90192305124723,1,0.63,0.050000000000000044,0,0,1,0
2018-03-16,1.0,1.12,0,1,0.03297514196016982,0.14219597850606022,0.09209449065480026,15.800000190734863,11.988846136973454,1,0.54,0.030000000000000027,0,0,1,0
2018-03-23,1.0,1.15,0,1,-0.031499566091061415,0.1679252366594437,0.09209449065480026,24.8700008392334,12.217884613917423,0,0.54,-0.029999999999999916,0,0,0,1
2018-03-30,1.0,1.0,0,1,-0.009952990815012552,0.16967895368932978,0.09209449065480026,19.969999313354492,12.364038449067335,0,0.47,-0.040000000000000036,0,0,0,0
2018-04-06,1.0,1.15,0,1,-0.04630163701635326,0.1703605184197219,0.09209449065480026,21.489999771118164,12.52980767763578,0,0.5,-0.010000000000000009,0,0,0,1
2018-04-13,1.0,1.0,0,1,-0.04212728347114125,0.17257773854211592,0.09209449065480026,17.40999984741211,12.557692289352417,0,0.45,-0.11000000000000004,0,0,0,0
2018-04-20,1.0,1.0,0,1,-0.04540609175970867,0.17240222606753558,0.09209449065480026,16.8799991607666,12.600961501781757,0,0.5,-0.07999999999999996,0,0,0,0
2018-04-27,1.0,1.0,0,1,-0.06613297166205956,0.17242970626177243,0.09209449065480026,15.40999984741211,12.68923073548537,0,0.47,-0.06000000000000005,0,0,0,0
2018-05-04,1.0,1.0,0,1,-0.03036682463053042,0.17251306572570654,0.09209449065480026,14.770000457763672,12.769999980926514,0,0.44,-0.24999999999999994,0,0,0,0
2018-05-11,1.0,1.0,0,1,0.047582591415012976,0.17570806472820938,0.09209449065480026,12.649999618530273,12.813269211695744,0,0.43,-0.35000000000000003,0,0,0,0
2018-05-18,1.0,1.0,0,1,-0.002538708899516018,0.17603586185617312,0.09209449065480026,13.420000076293945,12.839807675434994,0,0.51,-0.15000000000000002,0,0,0,0
2018-05-25,1.0,1.0,0,1,-0.0053512656308660755,0.17572920028925326,0.09209449065480026,13.220000267028809,12.905384595577534,0,0.45,-0.18,0,0,0,0
2018-06-01,1.0,1.0,0,1,0.020870069323789764,0.17469089975135,0.09209449065480026,13.460000038146973,12.976730750157284,0,0.42,-0.19,0,0,0,0
2018-06-08,1.0,1.0,0,1,0.0015570125773867183,0.17593431607453905,0.09209449065480026,12.180000305175781,13.005192298155565,0,0.43,-0.2,0,0,0,0
2018-06-15,1.0,1.0,0,1,0.015223899394832374,0.1756905757922989,0.09209449065480026,11.979999542236328,13.03596151792086,0,0.38,-0.16000000000000003,0,0,0,0
2018-06-22,1.0,1.0,0,1,0.06945800750210873,0.17632202665027405,0.09209449065480026,13.770000457763672,13.108076902536245,0,0.34,-0.2,0,0,0,0
2018-06-29,1.0,1.0,0,1,0.035524385441058515,0.17739298779266863,0.09209449065480026,16.09000015258789,13.20249997652494,0,0.33,-0.13999999999999996,0,0,0,0
2018-07-06,1.0,1.0,0,1,0.06521174020082032,0.17532084302475345,0.09209449065480026,13.369999885559082,13.244423059316782,0,0.29,-0.21000000000000002,0,0,0,0
2018-07-13,1.0,1.0,0,1,0.05919489745329165,0.17508730111613538,0.09209449065480026,12.180000305175781,13.295769214630127,0,0.24,-0.21000000000000002,0,0,0,0
2018-07-20,1.0,1.0,0,1,0.053733419644068636,0.1746800845194899,0.09209449065480026,12.859999656677246,13.363076906937819,0,0.29,-0.21000000000000002,0,0,0,0
2018-07-27,1.0,1.0,0,1,0.06048780228694617,0.1720472437129649,0.09209449065480026,13.029999732971191,13.415769210228554,0,0.29,-0.18,0,0,0,0
2018-08-03,1.0,1.0,0,1,0.0708723980468342,0.16258130201654236,0.09209449065480026,11.640000343322754,13.446730760427622,0,0.32,-0.12,0,0,0,0
2018-08-10,1.0,1.0,0,1,0.0424464605684014,0.14340029990662162,0.09209449065480026,13.15999984741211,13.401538445399357,0,0.26,-0.16999999999999998,0,0,0,0
2018-08-17,1.0,1.0,0,1,0.055320512702209834,0.13040536094497895,0.09224640725472151,12.640000343322754,13.370384601446299,0,0.26,-0.25,0,0,0,0
2018-08-24,1.0,1.0,0,1,0.06118389016047354,0.13062515823294263,0.09238971824556289,11.989999771118164,13.38403844833374,0,0.19,-0.26,0,0,0,0
2018-08-31,1.0,1.0,0,1,0.06583931791881836,0.12661668016644215,0.09407999467917139,12.859999656677246,13.436538439530592,0,0.24,-0.18,0,0,0,0
2018-09-07,1.0,1.0,0,1,0.03846805336907222,0.11806594567648296,0.09499787739788802,14.880000114440918,13.48961536700909,0,0.23,-0.19999999999999998,0,0,0,0
2018-09-14,1.0,1.0,0,1,0.04961612499561152,0.11686051270859703,0.09528588087181987,12.069999694824219,13.526153821211595,0,0.21,-0.17,0,0,0,0
2018-09-21,1.0,1.07,1,1,0.06759780311363217,0.07418687016565148,0.09528588087181987,11.680000305175781,13.566346131838285,0,0.26,-0.08000000000000002,0,1,0,0
2018-09-28,1.0,1.07,1,1,0.07651097397027784,0.07212438100622165,0.09528588087181987,12.119999885559082,13.616538432928232,0,0.24,-0.09000000000000002,0,1,0,0
2018-10-05,1.0,1.12,0,1,0.049752905035394646,0.07071666378723955,0.09528588087181987,14.819999694824219,13.7159615113185,1,0.35,0.06,0,0,1,0
2018-10-12,1.0,1.12,0,1,-0.008551306022397953,0.09190025897871842,0.09528588087181987,21.309999465942383,13.940961507650522,1,0.3,0.06,0,0,1,0
2018-10-19,1.0,1.0,0,1,-0.007792625899070593,0.09175817596853514,0.09528588087181987,19.889999389648438,14.131730721547054,0,0.28,-0.009999999999999953,0,0,0,0
2018-10-26,-1.0,-1.0,0,0,-0.05290638083172783,0.10880785275036985,0.09546701722940332,24.15999984741211,14.40788456109854,0,0.27,-0.019999999999999962,0,0,0,0
2018-11-02,-1.0,-1.0,0,0,-0.03695051272457295,0.11407798506290782,0.09557413966441969,19.510000228881836,14.60730763582083,0,0.31,-0.010000000000000009,0,0,0,0
2018-11-09,-1.0,-1.0,0,1,-0.014629947163277812,0.11239690289426814,0.09557413966441969,17.360000610351562,14.724038417522724,0,0.25,-0.010000000000000009,0,0,0,0
2018-11-16,-1.0,-1.0,0,0,-0.035398962260805855,0.11420490971693825,0.09557413966441969,18.139999389648438,14.853076861454891,1,0.27,0.010000000000000009,0,0,0,0
2018-11-23,1.0,1.12,0,0,-0.08023506614598486,0.1267864668023269,0.09557413966441969,21.520000457763672,15.080961484175463,1,0.24,0.04999999999999999,0,0,1,0
2018-11-30,1.0,1.0,0,1,-0.04619950065092071,0.14362097324044135,0.09557413966441969,18.06999969482422,15.20865378013024,0,0.21,-0.03,0,0,0,0
2018-12-07,0.6,0.6,0,0,-0.07940498975030208,0.15475919115224118,0.09557413966441969,23.229999542236328,15.471153772794283,0,0.13,-0.1,0,0,0,0
2018-12-14,0.6,0.6,0,0,-0.10049151531526546,0.1553932444410731,0.09557413966441969,21.6299991607666,15.70596144749568,0,0.16,-0.04999999999999999,0,0,0,0
2018-12-21,0.6,0.6,0,0,-0.17084283488083285,0.18307077129132207,0.09557413966441969,30.110000610351562,16.094615312723015,0,0.16,-0.1,0,0,0,0
2018-12-28,0.6,0.6,0,0,-0.14282865348267892,0.1886515103380315,0.0957732714283613,28.34000015258789,16.427307624083298,0,0.2,-0.03999999999999998,0,0,0,0
2019-01-04,1.7,1.7,0,0,-0.11797705378276069,0.18940249521591618,0.0957732714283613,21.3799991607666,16.661153756655178,0,0.17,-0.17999999999999997,0,0,0,0
2019-01-11,1.7,1.7,0,0,-0.05601611144260443,0.19215733623210057,0.09644192399284571,18.190000534057617,16.815576846782978,0,0.16,-0.13999999999999999,0,0,0,0
2019-01-18,1.7,1.7,0,0,-0.029806399730512134,0.19711712675096857,0.09678349061277003,17.799999237060547,16.941153746384842,0,0.17,-0.11000000000000001,0,0,0,0
2019-01-25,1.7,1.7,0,0,0.007545527987669498,0.1968296925343536,0.097270580700813,17.420000076293945,17.063076826242302,0,0.16,-0.11000000000000001,0,0,0,0
2019-02-01,0.6,0.6,0,0,-0.0009303626513585961,0.19799210556302985,0.10485502744640525,16.139999389648438,17.04057682477511,0,0.18,-0.13,0,0,0,0
2019-02-08,0.6,0.6,0,0,-0.020559341140972354,0.19802562282061198,0.11114073534390376,15.720000267028809,16.784038378642155,0,0.18,-0.07,0,0,0,0
2019-02-15,1.0,1.0,0,1,0.019214861359924118,0.2013054360995119,0.11348960630388394,14.90999984741211,16.696538393314068,0,0.14,-0.13,0,0,0,0
2019-02-22,1.0,1.0,0,1,0.06655285232592534,0.20112683938356316,0.1141604860880276,13.510000228881836,16.639230709809524,0,0.17,-0.06999999999999998,0,0,0,0
2019-03-01,1.0,1.0,0,1,0.023245312264579487,0.2007203581409732,0.11585233255121373,13.569999694824219,16.523461470237145,0,0.21,0.0,0,0,0,0
2019-03-08,1.0,1.12,0,1,0.04739819219719643,0.20250436035796726,0.11681812549535708,16.049999237060547,16.550576833578255,1,0.17,0.04000000000000001,0,0,1,0
2019-03-15,1.0,1.0,0,1,0.09110098392518373,0.20638423002879588,0.11764404413772289,12.880000114440918,16.49442298595722,0,0.16,0.0,0,0,0,0
2019-03-22,1.0,1.0,0,1,0.1652680037633809,0.2062038409614111,0.12362392309495648,16.479999542236328,16.333076807168815,0,0.13,-0.03,0,0,0,0
2019-03-29,1.0,1.0,0,1,0.14520353372653116,0.20688123918158235,0.12672704147976724,13.710000038146973,16.212692205722515,0,0.14,-0.06,0,0,0,0
2019-04-05,1.0,1.0,0,1,0.14838583124340454,0.20861695644599434,0.12858589898063041,12.819999694824219,16.045961435024555,0,0.15,-0.020000000000000018,0,0,0,0
2019-04-12,1.0,1.0,0,1,0.12533043444443392,0.1992394189629923,0.12958574172712017,12.010000228881836,15.942115288514357,0,0.16,0.0,0,0,0,0
2019-04-19,1.0,1.12,0,1,0.09321288925325177,0.19927820116321168,0.13012432102120053,12.09000015258789,15.84999992297246,1,0.19,0.01999999999999999,0,0,1,0
2019-04-26,1.0,1.12,0,1,0.10882103219086425,0.18966733855508983,0.13054822918215533,12.729999542236328,15.798461455565233,1,0.23,0.07,0,0,1,0
2019-05-03,1.0,1.12,0,1,0.09355368010600706,0.1873609626075247,0.13268514353550434,12.869999885559082,15.761922983022837,1,0.21,0.03,0,0,1,0
2019-05-10,1.0,1.12,0,1,0.06987430796793448,0.18838978431797904,0.13833924998409922,16.040000915527344,15.827115315657396,1,0.21,0.03,0,0,1,0
2019-05-17,1.0,1.12,0,1,0.035076308421258195,0.18739833914320783,0.14170265927750886,15.960000038146973,15.875961468769955,1,0.19,0.04999999999999999,0,0,1,0
2019-05-24,1.0,1.0,0,1,0.017502276875773548,0.17880892067204707,0.14297878741642514,15.850000381469727,15.926538394047665,0,0.16,-0.010000000000000009,0,0,0,0
2019-05-31,1.3,1.3,0,1,-0.014041543228339726,0.1716038317232897,0.14354373757360445,18.709999084472656,16.02749991416931,0,0.19,-0.01999999999999999,0,0,0,0
2019-06-07,1.0,1.12,0,1,0.05267398495847231,0.16971012139299638,0.15086081488311132,16.299999237060547,16.106730662859402,1,0.24,0.06999999999999998,0,0,1,0
2019-06-14,1.0,1.12,0,1,0.02826063355674524,0.16811796064890608,0.15517132578998194,15.279999732971191,16.17019220498892,1,0.25,0.09,0,0,1,0
2019-06-21,1.0,1.25,1,1,0.05794045474024667,0.12806324230634913,0.15517132578998194,15.399999618530273,16.20153834269597,1,0.3,0.16999999999999998,1,0,0,0
2019-06-28,1.0,1.25,1,1,0.04228652471858818,0.12519539531266136,0.15517132578998194,15.079999923706055,16.18211526137132,1,0.25,0.10999999999999999,1,0,0,0
2019-07-05,1.0,1.25,1,1,0.03930279876950116,0.12517719707970887,0.15517132578998194,13.279999732971191,16.18038448920617,1,0.17,0.020000000000000018,1,0,0,0
2019-07-12,1.0,1.25,1,1,0.04119190118604488,0.1219815195283772,0.15517132578998194,12.390000343322754,16.184422951478226,1,0.28,0.12000000000000002,1,0,0,0
2019-07-19,1.0,1.25,1,1,0.029637172040744897,0.1197658902492443,0.15517132578998194,14.449999809265137,16.21499987748953,1,0.25,0.06,1,0,0,0
2019-07-26,1.0,1.07,1,1,0.034316775546958,0.1203573284690481,0.15517132578998194,12.15999984741211,16.19826911045955,0,0.22,-0.010000000000000009,0,1,0,0
2019-08-02,1.0,1.0,0,1,4.4819065777135236e-05,0.1297794418745452,0.15517132578998194,17.610000610351562,16.31307680790241,0,0.14,-0.06999999999999998,0,0,0,0
2019-08-09,1.3,1.3,0,1,0.017140985819518173,0.13013156721168467,0.15517132578998194,17.969999313354492,16.405576797632072,0,0.11,-0.09999999999999999,0,0,0,0
2019-08-16,1.3,1.3,0,1,0.015445057389637196,0.12715016323542633,0.15517132578998194,18.469999313354492,16.517692162440373,0,0.07,-0.12,0,0,0,0
2019-08-23,1.3,1.3,0,1,0.012219520936125328,0.1289281212398274,0.15517132578998194,19.8700008392334,16.669230644519512,0,0.01,-0.15,0,0,0,0
2019-08-30,1.0,1.0,0,1,0.06757854475397407,0.13379808528332462,0.15517132578998194,18.979999542236328,16.786922950011032,0,0.0,-0.19,0,0,0,0
2019-09-06,1.0,1.07,1,1,0.04119474112093369,0.13128247130367418,0.15517132578998194,15.0,16.78923064011794,0,0.02,-0.22,0,1,0,0
2019-09-13,1.0,1.07,1,1,0.04596009293394254,0.1261387980686726,0.15517132578998194,13.739999771118164,16.821346026200516,0,0.11,-0.14,0,1,0,0
2019-09-20,1.0,1.07,1,1,0.01924303011789008,0.1257558741826032,0.15517132578998194,15.319999694824219,16.891346014462986,0,0.05,-0.25,0,1,0,0
2019-09-27,1.0,1.0,0,1,0.012846963693373459,0.1263460828926803,0.15517132578998194,17.219999313354492,16.989422926535973,0,0.06,-0.19,0,0,0,0
2019-10-04,1.0,1.0,0,1,-0.009216239540221549,0.12331113974991124,0.15517132578998194,17.040000915527344,17.032115257703342,0,0.12,-0.05000000000000002,0,0,0,0
2019-10-11,1.0,1.0,0,1,-0.009984392098649875,0.12339490468871984,0.15517132578998194,15.579999923706055,16.921922958814182,0,0.13,-0.15000000000000002,0,0,0,0
2019-10-18,1.0,1.07,1,1,0.007322544909381445,0.12351837258255915,0.15517132578998194,14.25,16.813461432090172,0,0.18,-0.07,0,1,0,0
2019-10-25,1.0,1.07,1,1,0.0032542033832463346,0.12360460892029487,0.15517132578998194,12.649999618530273,16.592115273842445,0,0.17,-0.04999999999999999,0,1,0,0
2019-11-01,1.0,1.25,1,1,0.051034761330737144,0.12507007089541647,0.15517132578998194,12.300000190734863,16.453461426955002,1,0.17,0.03,1,0,0,0
2019-11-08,1.0,1.25,1,1,0.06428539802061639,0.12103832470208711,0.15517132578998194,12.069999694824219,16.35173064011794,1,0.26,0.15000000000000002,1,0,0,0
2019-11-15,1.0,1.25,1,1,0.08440336348267174,0.12020613359360473,0.15517132578998194,12.050000190734863,16.234615270908062,1,0.23,0.16,1,0,0,0
2019-11-22,1.0,1.25,1,1,0.09670363953852523,0.11870978835857919,0.15517132578998194,12.34000015258789,16.058076803500835,1,0.16,0.15,1,0,0,0
2019-11-29,1.0,1.25,1,1,0.07971098445143099,0.11004352326182312,0.15517132578998194,12.619999885559082,15.953269114861122,1,0.17,0.17,1,0,0,0
2019-12-06,1.0,1.25,1,1,0.061312013081175065,0.09361875926712226,0.15517132578998194,13.619999885559082,15.76846142915579,1,0.23,0.21000000000000002,1,0,0,0
2019-12-13,1.0,1.25,1,1,0.05877099575969913,0.09375051063073192,0.15517132578998194,12.630000114440918,15.595384524418758,1,0.21,0.09999999999999999,1,0,0,0
2019-12-20,1.0,1.25,1,1,0.08055149161678554,0.09191176927965117,0.15517132578998194,12.510000228881836,15.256922978621263,1,0.29,0.24,1,0,0,0
2019-12-27,1.0,1.25,1,1,0.09833202615210679,0.09137131411049165,0.15517132578998194,13.430000305175781,14.970192212324877,1,0.29,0.22999999999999998,1,0,0,0
2020-01-03,1.0,1.25,1,1,0.10071392504408383,0.0891457772643415,0.15517132578998194,14.020000457763672,14.828653775728666,1,0.27,0.15000000000000002,1,0,0,0
2020-01-10,1.0,1.25,1,1,0.10473651298199926,0.08950450047496088,0.15517132578998194,12.5600004196167,14.720384542758648,1,0.27,0.14,1,0,0,0
2020-01-17,1.0,1.25,1,1,0.11951539551635104,0.08927237118937413,0.15517132578998194,12.100000381469727,14.610769180151133,1,0.26,0.08000000000000002,1,0,0,0
2020-01-24,1.0,1.12,0,1,0.09544549643434608,0.08978693251705007,0.15517132578998194,14.5600004196167,14.555769186753492,1,0.21,0.03999999999999998,0,0,1,0
2020-01-31,1.0,1.12,0,1,0.056091294911736034,0.08275086212116554,0.15517132578998194,18.84000015258789,14.607692278348482,1,0.18,0.009999999999999981,0,0,1,0
2020-02-07,1.0,1.0,0,1,0.08057611550552135,0.09116860999289837,0.15517132578998194,15.470000267028809,14.60288458604079,0,0.18,-0.08000000000000002,0,0,0,0
2020-02-14,1.0,1.07,1,1,0.0881034628430648,0.08963706820958474,0.15517132578998194,13.680000305175781,14.579230748690092,0,0.17,-0.06,0,1,0,0
2020-02-21,1.0,1.0,0,1,0.07769320158181259,0.08888947648811095,0.15517132578998194,17.079999923706055,14.647884588975172,0,0.12,-0.04000000000000001,0,0,0,0
2020-02-28,0.6,0.6,0,0,-0.052793264088996206,0.18588457144766135,0.16006548186512817,40.11000061035156,15.158269221966084,1,0.27,0.1,0,0,0,0
2020-03-06,0.6,0.6,0,0,-0.05064808182338765,0.18407019057893664,0.16605485953442825,41.939998626708984,15.656153825613169,1,0.25,0.01999999999999999,0,0,0,0
2020-03-13,0.6,0.6,0,0,-0.14709399004975965,0.22731578071297887,0.16805050725259424,57.83000183105469,16.52057693554805,1,0.45,0.24000000000000002,0,0,0,0
2020-03-20,0.6,0.6,0,0,-0.2824324459396763,0.3034052979514743,0.1691326061251815,66.04000091552734,17.473653885034416,1,0.55,0.26000000000000006,0,0,0,0
2020-03-27,0.6,0.6,0,0,-0.21046211207645982,0.3451772067291156,0.16915286513256478,65.54000091552734,18.470384671137882,1,0.47,0.18,0,0,0,0
2020-04-03,1.7,1.7,0,0,-0.22567735444290327,0.34594399562694816,0.16915286513256478,46.79999923706055,19.123846200796272,1,0.39,0.12,0,0,0,0
2020-04-10,1.7,1.7,0,0,-0.14084313613917343,0.3889930525713513,0.16915286513256478,41.66999816894531,19.694230776566727,1,0.5,0.22999999999999998,0,0,0,0
2020-04-17,1.7,1.7,0,0,-0.13141903980776715,0.39137198076032,0.16915286513256478,38.150001525878906,20.195384649130013,1,0.45,0.19,0,0,0,0
2020-04-24,1.7,1.7,0,0,-0.1342461620969364,0.3913996589949588,0.16915286513256478,35.93000030517578,20.641538509955772,1,0.38,0.17,0,0,0,0
2020-05-01,1.7,1.7,0,0,-0.11586457406857487,0.3907243442295737,0.16915286513256478,37.189998626708984,21.109230793439426,1,0.44,0.26,0,0,0,0
2020-05-08,1.7,1.7,0,0,-0.11451049891258835,0.39368378041738744,0.16915286513256478,27.979999542236328,21.338846151645367,1,0.53,0.35000000000000003,0,0,0,0
2020-05-15,1.7,1.7,0,0,-0.1470278862550991,0.3945010033194851,0.16915286513256478,31.889999389648438,21.645192293020393,1,0.48,0.30999999999999994,0,0,0,0
2020-05-22,1.7,1.7,0,0,-0.10886014117593334,0.39730358944126754,0.16915286513256478,28.15999984741211,21.881923051980827,1,0.49,0.37,0,0,0,0
2020-05-29,1.7,1.7,0,1,0.03324610076978596,0.39932776975072865,0.16915286513256478,27.510000228881836,22.051153843219463,1,0.49,0.21999999999999997,0,0,0,0
2020-06-05,1.5,1.5,0,1,0.07986903347920093,0.405223907883476,0.16915286513256478,24.520000457763672,22.209230789771446,1,0.69,0.43999999999999995,0,0,0,0
2020-06-12,1.5,1.5,0,1,0.13619087426795917,0.41119707026529706,0.16915286513256478,36.09000015258789,22.609423105533306,1,0.52,0.07,0,0,0,0
2020-06-19,1.5,1.5,0,1,0.35488721019012903,0.41148028037176454,0.16915286513256478,35.119998931884766,22.988653861559353,0,0.51,-0.040000000000000036,0,0,0,0
2020-06-26,1.5,1.5,0,1,0.18921375039120636,0.4132976507430514,0.16915286513256478,34.72999954223633,23.366538469608013,0,0.47,0.0,0,0,0,0
2020-07-03,1.5,1.5,0,1,0.26356385858542497,0.4174182065945277,0.16915286513256478,27.68000030517578,23.643461557535026,1,0.52,0.13,0,0,0,0
2020-07-10,1.5,1.5,0,1,0.1466120643192168,0.41785868084728445,0.16915286513256478,27.290000915527344,23.93000003007742,0,0.49,-0.010000000000000009,0,0,0,0
2020-07-17,1.0,1.12,0,1,0.12732272784498355,0.4173951227876847,0.16915286513256478,25.68000030517578,24.145961578075703,1,0.5,0.04999999999999999,0,0,1,0
2020-07-24,1.0,1.12,0,1,0.13896214681768848,0.4171495818602079,0.16915286513256478,25.84000015258789,24.40903850702139,1,0.45,0.07,0,0,1,0
2020-07-31,1.0,1.15,0,1,0.15971863265085462,0.41641501368854933,0.17094103310768705,24.459999084472656,24.540769246908333,0,0.44,0.0,0,0,0,1
2020-08-07,1.0,1.15,0,1,0.14909830996122975,0.4153835529333482,0.176287139539982,22.209999084472656,24.622307704045223,0,0.44,-0.09000000000000002,0,0,0,1
2020-08-14,1.0,1.12,0,1,0.1817880307415738,0.41493759548533926,0.18157912357457584,22.049999237060547,24.691153856424187,1,0.57,0.08999999999999997,0,0,1,0
2020-08-21,1.0,1.15,0,1,0.15412235113955175,0.4144845086521743,0.18372039382827154,22.540000915527344,24.74250001173753,0,0.48,-0.010000000000000009,0,0,0,1
2020-08-28,1.0,1.12,0,1,0.15708063459703214,0.38054939679113065,0.1852495381436077,22.959999084472656,24.819038464472843,1,0.6,0.10999999999999999,0,0,1,0
2020-09-04,1.0,1.15,0,1,0.07746471771730778,0.38306124395418883,0.18684422570157252,30.75,25.12192307985746,0,0.58,-0.10999999999999999,0,0,0,1
2020-09-11,1.0,1.12,0,1,0.10295530247423268,0.3562566632437406,0.18738525735571873,26.8700008392334,25.374423100398136,1,0.54,0.020000000000000018,0,0,1,0
2020-09-18,1.0,1.12,0,1,0.07560084020924274,0.275141792455856,0.18804277850680912,25.829999923706055,25.576538489415096,1,0.56,0.050000000000000044,0,0,1,0
2020-09-25,1.0,1.12,0,1,0.09996945292760029,0.2405434984940051,0.18855990623101312,26.3799991607666,25.75269233263456,1,0.54,0.07000000000000006,0,0,1,0
2020-10-02,1.0,1.12,0,1,0.07349217957029452,0.23607704975354984,0.18913965050865655,27.6299991607666,25.956346145043007,1,0.57,0.04999999999999993,0,0,1,0
2020-10-09,1.0,1.25,1,1,0.09650320218207975,0.1792586559958117,0.18913965050865655,25.0,26.137499992664043,1,0.63,0.14,1,0,0,0
2020-10-16,1.0,1.12,0,1,0.08380043639436097,0.17680617319111339,0.18913965050865655,27.40999984741211,26.390576912806583,1,0.62,0.12,0,0,1,0
2020-10-23,1.0,1.12,0,1,0.08191276748853982,0.17513096758582058,0.18913965050865655,27.549999237060547,26.67711536700909,1,0.67,0.22000000000000003,0,0,1,0
2020-10-30,1.0,1.12,0,1,0.004064738198729989,0.19692128555869948,0.18957464338637905,38.02000045776367,27.171730756759644,1,0.74,0.3,0,0,1,0
2020-11-06,1.0,1.12,0,1,0.05078635327925807,0.21478222085655285,0.19128583704514682,24.860000610351562,27.417692312827477,1,0.67,0.23000000000000004,0,0,1,0
2020-11-13,1.0,1.12,0,1,0.06737165904724463,0.21147931893713692,0.19519436782856506,23.100000381469727,27.630192316495457,1,0.72,0.15000000000000002,0,0,1,0
2020-11-20,1.0,1.12,0,1,0.050878731336744254,0.2101029596943562,0.1968892280001784,23.700000762939453,27.848653866694523,1,0.67,0.19000000000000006,0,0,1,0
2020-11-27,1.0,1.12,0,1,0.04149073349765331,0.20885833620555147,0.1970485823336744,20.84000015258789,28.006730794906616,1,0.68,0.08000000000000007,0,0,1,0
2020-12-04,1.0,1.12,0,1,0.08395514521572855,0.2002382098546779,0.1976858629788084,20.790000915527344,28.144615430098312,1,0.81,0.2300000000000001,0,0,1,0
2020-12-11,1.0,1.25,1,1,0.10089871718266386,0.18575385144207882,0.1976858629788084,23.309999465942383,28.350000033011803,1,0.79,0.25,1,0,0,0
2020-12-18,1.0,1.25,1,1,0.12128776406093023,0.18514423867718346,0.1976858629788084,21.56999969482422,28.524230791972233,1,0.82,0.2599999999999999,1,0,0,0
2020-12-25,1.0,1.25,1,1,0.1272863746138697,0.17818373487997227,0.1976858629788084,21.530000686645508,28.68000003007742,1,0.81,0.27,1,0,0,0
2021-01-01,1.0,1.25,1,1,0.12471184886916942,0.17206086799590883,0.1976858629788084,22.75,28.84788463665889,1,0.8,0.2300000000000001,1,0,0,0
2021-01-08,1.0,1.25,1,1,0.10389253902021078,0.17239804283418994,0.1976858629788084,21.559999465942383,29.02096154139592,1,0.99,0.36,1,0,0,0
2021-01-15,1.0,1.25,1,1,0.08641631705419095,0.17500897123755704,0.1976173185615142,24.34000015258789,29.256346152378963,1,0.98,0.36,1,0,0,0
2021-01-22,1.0,1.25,1,1,0.11201345038471144,0.17533092214137172,0.1976173185615142,21.90999984741211,29.397692295221184,1,0.97,0.29999999999999993,1,0,0,0
2021-01-29,1.0,1.12,0,1,0.13813744905745895,0.18382981659022726,0.19438240410743615,33.09000015258789,29.671730756759644,1,1.0,0.26,0,0,1,0
2021-02-05,1.0,1.12,0,1,0.11195680502012184,0.19154741745443912,0.19088938983966688,20.8700008392334,29.775576921609733,1,1.1,0.43000000000000005,0,0,1,0
2021-02-12,1.0,1.12,0,1,0.10112722533299956,0.1917594543537117,0.19088938983966688,19.969999313354492,29.896538440997784,1,1.09,0.3700000000000001,0,0,1,0
2021-02-19,1.0,1.12,0,1,0.10233481453315796,0.19265229525366753,0.19088938983966688,22.049999237060547,29.992115350869987,1,1.23,0.5599999999999999,0,0,1,0
2021-02-26,1.0,1.12,0,1,0.050351465291161634,0.19324423498231993,0.19088938983966688,27.950000762939453,29.758269199958214,1,1.3,0.62,0,0,1,0
2021-03-05,1.0,1.25,1,1,0.04167965883854752,0.1893010174161448,0.18953912615645907,24.65999984741211,29.425961531125584,1,1.42,0.6099999999999999,1,0,0,0
2021-03-12,1.0,1.25,1,1,0.08037067554780952,0.18651450276016612,0.1889820858317868,20.690000534057617,28.71173073695256,1,1.5,0.71,1,0,0,0
2021-03-19,1.0,1.25,1,1,0.05844219788759797,0.18685503406826412,0.18804277850680912,20.950000762939453,27.844615349402794,1,1.58,0.7600000000000001,1,0,0,0
2021-03-26,1.0,1.25,1,1,0.07663130835239018,0.18637337482757935,0.18738525735571873,18.860000610351562,26.94692303584172,1,1.53,0.72,1,0,0,0
2021-04-02,1.0,1.25,1,1,0.07500266984558035,0.18611966143354006,0.1871838876187835,17.329999923706055,26.380192279815674,1,1.52,0.72,1,0,0,0
2021-04-09,1.0,1.25,1,1,0.08282487583697518,0.18270298908444396,0.18673584811042981,16.690000534057617,25.899807709913986,1,1.51,0.52,1,0,0,0
2021-04-16,1.0,1.25,1,1,0.11425752346808293,0.1827331441166661,0.18646510798376076,16.25,25.478653834416317,1,1.43,0.44999999999999996,1,0,0,0
2021-04-23,1.0,1.25,1,1,0.09199993527227135,0.18236065569297097,0.1862845751396656,17.329999923706055,25.120961519388054,1,1.42,0.44999999999999996,1,0,0,0
2021-04-30,1.0,1.25,1,1,0.13131779486216888,0.15719393999332876,0.18603737993848252,18.610000610351562,24.763653865227333,1,1.49,0.49,1,0,0,0
2021-05-07,1.0,1.25,1,1,0.09231755888098747,0.12781243595224867,0.18583881944570746,16.690000534057617,24.546538499685433,1,1.46,0.3599999999999999,1,0,0,0
2021-05-14,1.0,1.25,1,1,0.06444701780517015,0.12908328355112197,0.18554048697436545,18.809999465942383,24.295000039614163,1,1.47,0.3799999999999999,1,0,0,0
2021-05-21,1.0,1.25,1,1,0.06735141481979245,0.1283350684249033,0.18554048697436545,20.149999618530273,24.14096157367413,1,1.46,0.22999999999999998,1,0,0,0
2021-05-28,1.0,1.25,1,1,0.10793916273651671,0.12620252335138635,0.18554048697436545,16.760000228881836,23.93423080444336,1,1.44,0.1399999999999999,1,0,0,0
2021-06-04,1.0,1.07,1,1,0.10519012401718197,0.12516393533593456,0.18554048697436545,16.420000076293945,23.778461566338173,0,1.42,0.0,0,1,0,0
2021-06-11,1.0,1.07,1,1,0.08029139636994054,0.12319501905717518,0.18554048697436545,15.649999618530273,23.38538463299091,0,1.31,-0.18999999999999995,0,1,0,0
2021-06-18,1.0,1.07,1,1,0.06880311478077905,0.12777591467488902,0.18554048697436545,20.700000762939453,23.10807697589581,0,1.19,-0.3900000000000001,0,1,0,0
2021-06-25,1.0,1.07,1,1,0.0808767582392782,0.13163068389694144,0.18554048697436545,15.619999885559082,22.74057698249817,0,1.26,-0.27,0,1,0,0
2021-07-02,1.0,1.07,1,1,0.0861910101903085,0.13211226345584873,0.18554048697436545,15.069999694824219,22.49807697076064,0,1.2,-0.32000000000000006,0,1,0,0
2021-07-09,1.0,1.07,1,1,0.06186023797896545,0.13060559709769898,0.18554048697436545,16.18000030517578,22.284423112869263,0,1.14,-0.3700000000000001,0,1,0,0
2021-07-16,1.0,1.07,1,1,0.03712598295711711,0.12919058051998455,0.18554048697436545,18.450000762939453,22.14538466013395,0,1.06,-0.3699999999999999,0,1,0,0
2021-07-23,1.0,1.07,1,1,0.059123941997568874,0.12937389002069324,0.18554048697436545,17.200000762939453,21.979230825717632,0,1.08,-0.33999999999999986,0,1,0,0
2021-07-30,1.0,1.07,1,1,0.05426468151718167,0.11676472634846086,0.18554048697436545,18.239999771118164,21.85961545430697,0,1.05,-0.43999999999999995,0,1,0,0
2021-08-06,1.0,1.07,1,1,0.051685835255971924,0.10035948365343712,0.18554048697436545,16.149999618530273,21.743077003038845,0,1.1,-0.3599999999999999,0,1,0,0
2021-08-13,1.0,1.07,1,1,0.07393259676646502,0.0998554288113231,0.18554048697436545,15.449999809265137,21.616153937119705,0,1.06,-0.4099999999999999,0,1,0,0
2021-08-20,1.0,1.07,1,1,0.07198724259967548,0.0996388524815321,0.18554048697436545,18.559999465942383,21.53961544770461,0,1.03,-0.42999999999999994,0,1,0,0
2021-08-27,1.0,1.07,1,1,0.07542856902821282,0.09019252373450694,0.18554048697436545,16.389999389648438,21.41326929972722,0,1.09,-0.34999999999999987,0,1,0,0
2021-09-03,1.0,1.07,1,1,0.07563273148080496,0.09015792914161594,0.18554048697436545,16.40999984741211,21.137500066023605,0,1.12,-0.2999999999999998,0,1,0,0
2021-09-10,1.0,1.07,1,1,0.05323303687337244,0.09090493400271549,0.18554048697436545,20.950000762939453,21.023653910710262,0,1.12,-0.18999999999999995,0,1,0,0
2021-09-17,1.0,1.07,1,1,0.06722765787218266,0.09020463245559358,0.18554048697436545,20.809999465942383,20.927115440368652,0,1.14,-0.050000000000000044,0,1,0,0
2021-09-24,1.0,1.07,1,1,0.043886154415075485,0.08860485087473248,0.18554048697436545,17.75,20.76115391804622,0,1.18,-0.08000000000000007,0,1,0,0
2021-10-01,1.0,1.12,0,1,0.004406141114557505,0.09550934665156519,0.18554048697436545,21.100000381469727,20.635577018444355,1,1.21,0.010000000000000009,0,0,1,0
2021-10-08,1.0,1.25,1,1,0.008593623224820268,0.08929345520651005,0.18554048697436545,18.770000457763672,20.51576933493981,1,1.29,0.15000000000000013,1,0,0,0
2021-10-15,1.0,1.25,1,1,0.03699712871493466,0.0906130480072576,0.18554048697436545,16.299999237060547,20.302115477048435,1,1.18,0.11999999999999988,1,0,0,0
2021-10-22,1.0,1.25,1,1,0.03325835722974557,0.09232146489169683,0.18554048697436545,15.430000305175781,20.069038574512188,1,1.18,0.09999999999999987,1,0,0,0
2021-10-29,1.0,1.25,1,1,0.05065165185996423,0.09331791686832078,0.18554048697436545,16.260000228881836,19.650577031649075,1,1.07,0.020000000000000018,1,0,0,0
2021-11-05,1.0,1.07,1,1,0.06224110062553545,0.09554705978421328,0.18554048697436545,16.479999542236328,19.48942316495455,0,1.06,-0.040000000000000036,0,1,0,0
2021-11-12,1.0,1.07,1,1,0.05123554621996029,0.09267311850974841,0.18554048697436545,16.290000915527344,19.35846163676335,0,1.05,-0.010000000000000009,0,1,0,0
2021-11-19,1.0,1.07,1,1,0.06097126232662653,0.09181627021238843,0.18554048697436545,17.90999984741211,19.247115465310905,0,1.02,-0.010000000000000009,0,1,0,0
2021-11-26,1.0,1.15,0,1,0.022632829972470736,0.09827907443922722,0.18554048697436545,28.6200008392334,19.39673086313101,0,0.98,-0.1100000000000001,0,0,0,1
2021-12-03,1.3,1.3,0,1,0.003956362699550464,0.10071349995953195,0.18554048697436545,30.670000076293945,19.586730846991905,0,0.75,-0.3700000000000001,0,0,0,0
2021-12-10,1.0,1.07,1,1,0.06018352758510681,0.11232514823251252,0.18554048697436545,18.690000534057617,19.497884713686428,0,0.81,-0.31000000000000005,0,1,0,0
2021-12-17,1.7,1.7,0,1,0.045504177014264124,0.11264379372562623,0.18554048697436545,21.56999969482422,19.497884713686428,0,0.75,-0.3899999999999999,0,0,0,0
2021-12-24,1.0,1.07,1,1,0.06384922016596462,0.11070461157545483,0.18554048697436545,17.959999084472656,19.429230836721565,0,0.79,-0.3899999999999999,0,1,0,0
2021-12-31,1.0,1.07,1,1,0.09761580442583728,0.10945219574516006,0.18554048697436545,17.219999313354492,19.322884669670692,0,0.79,-0.41999999999999993,0,1,0,0
2022-01-07,1.0,1.07,1,1,0.06821252167468428,0.11399586501850786,0.18554048697436545,18.760000228881836,19.269038530496452,0,0.89,-0.4,0,1,0,0
2022-01-14,1.0,1.0,0,1,0.04593875323161245,0.11284961929164736,0.18554048697436545,19.190000534057617,19.170000076293945,0,0.79,-0.3899999999999999,0,0,0,0
2022-01-21,0.6,0.6,0,0,-0.030016977169661674,0.13914418328283062,0.18554048697436545,28.850000381469727,19.30346162502582,0,0.74,-0.43999999999999995,0,0,0,0
2022-01-28,1.0,1.15,0,1,-0.03428923784948135,0.13958586472489512,0.18554048697436545,27.65999984741211,19.199038542233982,0,0.63,-0.44000000000000006,0,0,0,1
2022-02-04,1.0,1.15,0,1,-0.03895935532141015,0.14062684484861995,0.18554048697436545,23.219999313354492,19.244230820582462,0,0.62,-0.44000000000000006,0,0,0,1
2022-02-11,0.6,0.6,0,0,-0.05406409992668182,0.14284324916792385,0.18554048697436545,27.360000610351562,19.3863462301401,0,0.42,-0.6300000000000001,0,0,0,0
2022-02-18,0.6,0.6,0,0,-0.07066573816464561,0.14403204194776023,0.18554048697436545,27.75,19.495961629427395,0,0.45,-0.5700000000000001,0,0,0,0
2022-02-25,0.6,0.6,0,0,-0.04288335733877102,0.14270378078731097,0.1847683218427971,27.59000015258789,19.48903854076679,0,0.42,-0.56,0,0,0,0
2022-03-04,0.6,0.6,0,0,-0.043517530992049136,0.1433211594873952,0.1846841909467488,31.979999542236328,19.629807765667255,0,0.24,-0.51,0,0,0,0
2022-03-11,0.6,0.6,0,0,-0.1045039551535476,0.14665193195592346,0.18344598122448086,30.75,19.823269293858456,0,0.25,-0.56,0,0,0,0
2022-03-18,1.0,1.15,0,1,-0.030375960921978584,0.17157905515982766,0.18272258985538836,23.8700008392334,19.879423141479492,0,0.17,-0.58,0,0,0,1
2022-03-25,1.0,1.15,0,1,-0.03506937577305791,0.1732621625628966,0.1825831723974284,20.809999465942383,19.916923119471623,0,0.18,-0.6100000000000001,0,0,0,1
2022-04-01,1.0,1.0,0,1,-0.0434412642288442,0.16992449321299263,0.18127495579896524,19.6299991607666,19.96115387403048,0,-0.05,-0.8400000000000001,0,0,0,0
2022-04-08,1.0,1.15,0,1,-0.03675176432095284,0.1707838407801298,0.1788824336052679,21.15999984741211,20.047115399287296,0,0.19,-0.7,0,0,0,1
2022-04-15,0.6,0.6,0,0,-0.05502229453907881,0.17194085852780888,0.17770158828887167,22.700000762939453,20.171153875497673,0,0.36,-0.43000000000000005,0,0,0,0
2022-04-22,0.6,0.6,0,0,-0.024239426753304816,0.17416020381834277,0.17628983532370382,28.209999084472656,20.380384628589336,0,0.18,-0.56,0,0,0,0
2022-04-29,-1.0,-1.0,0,0,-0.06487182829949922,0.1779958094273599,0.17628983532370382,33.400001525878906,20.66480772311871,0,0.19,-0.44,0,0,0,0
2022-05-06,-1.0,-1.0,0,0,-0.08041485294674289,0.17456202352098243,0.17526093804692883,30.190000534057617,20.924423107734093,0,0.4,-0.21999999999999997,0,0,0,0
2022-05-13,-1.0,-1.0,0,0,-0.08512012068806596,0.17656771572107968,0.17526093804692883,28.8700008392334,21.117884672605076,0,0.32,-0.09999999999999998,0,0,0,0
2022-05-20,-1.0,-1.0,0,0,-0.0999229885938635,0.17947430920222388,0.17526093804692883,29.43000030517578,21.296346224271336,0,0.18,-0.27,0,0,0,0
2022-05-27,-1.0,-1.0,0,0,-0.04842931608291001,0.2050454895986493,0.17526093804692883,25.719999313354492,21.468653898972732,0,0.27,-0.14999999999999997,0,0,0,0
2022-06-03,-1.0,-1.0,0,0,-0.047098410832481785,0.20498257001245868,0.17526093804692883,24.790000915527344,21.629615453573372,1,0.3,0.06,0,0,0,0
2022-06-10,-1.0,-1.0,0,0,-0.0691768436164828,0.20612989971658371,0.17526093804692883,27.75,21.86230776860164,0,0.09,-0.16,0,0,0,0
2022-06-17,1.0,1.15,0,0,-0.1733995953988885,0.21767533162473124,0.17526093804692883,31.1299991607666,22.062884660867546,0,0.08,-0.09000000000000001,0,0,0,1
2022-06-24,0.6,0.6,0,0,-0.1345843083013667,0.2380171361422771,0.17526093804692883,27.229999542236328,22.286153885034416,0,0.09,-0.09,0,0,0,0
2022-07-01,0.6,0.6,0,0,-0.15462594944131325,0.23793207558683183,0.17526093804692883,26.700000762939453,22.50980775172894,1,0.04,0.09,0,0,0,0
2022-07-08,0.6,0.6,0,0,-0.12784817204524213,0.2403521174559661,0.17526093804692883,24.639999389648438,22.67250004181495,0,-0.03,-0.22,0,0,0,0
2022-07-15,0.6,0.6,0,0,-0.11648586068333233,0.24033905951348605,0.17526093804692883,24.229999542236328,22.783653864493736,0,-0.2,-0.56,0,0,0,0
2022-07-22,1.0,1.15,0,0,-0.06864012663927221,0.2322215922459528,0.17526093804692883,23.030000686645508,22.89576924764193,0,-0.21,-0.39,0,0,0,1
2022-07-29,1.0,1.15,0,0,0.00429531287768814,0.2406588704951813,0.17526093804692883,21.329999923706055,22.95519232749939,0,-0.22,-0.41000000000000003,0,0,0,1
2022-08-05,1.0,1.15,0,0,0.009520391155426466,0.23949099954375094,0.17526093804692883,21.149999618530273,23.051346173653236,0,-0.41,-0.81,0,0,0,1
2022-08-12,1.0,1.0,0,0,0.06777083334002332,0.24331442419952518,0.17526093804692883,19.530000686645508,23.129807728987473,0,-0.41,-0.73,0,0,0,0
2022-08-19,1.0,1.15,0,0,0.08811821625413896,0.24304228831713717,0.17526093804692883,20.600000381469727,23.16903851582454,0,-0.27,-0.45,0,0,0,1
2022-08-26,1.0,1.15,0,0,-0.019744686561760205,0.2490038634863955,0.17526093804692883,25.559999465942383,23.345384671137882,0,-0.33,-0.6000000000000001,0,0,0,1
2022-09-02,1.0,1.15,0,0,-0.04044841485963002,0.2522432429046837,0.17526093804692883,25.469999313354492,23.519615430098312,0,-0.2,-0.5,0,0,0,1
2022-09-09,1.0,1.15,0,0,0.0476049707774342,0.25537724862029526,0.17526093804692883,22.790000915527344,23.555000048417313,0,-0.23,-0.32,0,0,0,1
2022-09-16,-1.0,-1.0,0,0,0.05817469699800948,0.24696176842969006,0.17526093804692883,26.299999237060547,23.66057696709266,0,-0.4,-0.48000000000000004,0,0,0,0
2022-09-23,-1.0,-1.0,0,0,-0.05285720189264531,0.25115527698131646,0.17526093804692883,29.920000076293945,23.894615430098312,0,-0.51,-0.6,0,0,0,0
2022-09-30,-1.0,-1.0,0,0,-0.05926141240795957,0.25281909100050287,0.17526093804692883,31.6200008392334,24.096923131209152,0,-0.39,-0.43,0,0,0,0
2022-10-07,-1.0,-1.0,0,0,-0.06275190552609178,0.25498391039493035,0.17526093804692883,31.360000610351562,24.33903851875892,0,-0.41,-0.38,0,0,0,0
2022-10-14,-1.0,-1.0,0,0,-0.06758992764666005,0.2542949219167764,0.17526093804692883,32.02000045776367,24.641346234541672,0,-0.48,-0.27999999999999997,0,0,0,0
2022-10-21,-1.0,-1.0,0,0,-0.0487543960460578,0.26331977959670894,0.1761348379681819,29.690000534057617,24.915577008174015,0,-0.28,-0.07000000000000003,0,0,0,0
2022-10-28,-1.0,-1.0,0,0,-0.051874826431662524,0.2666224268146651,0.1761348379681819,25.75,25.098077003772442,0,-0.39,-0.17,0,0,0,0
2022-11-04,1.0,1.15,0,0,-0.08603770783156206,0.2702843077986218,0.1761348379681819,24.549999237060547,25.253269305595985,0,-0.49,-0.08000000000000002,0,0,0,1
2022-11-11,1.0,1.15,0,0,-0.06310668735359581,0.2818046074216878,0.1761348379681819,22.520000457763672,25.37307698910053,0,-0.52,-0.11000000000000004,0,0,0,1
2022-11-18,1.0,1.15,0,0,-0.057997734376140975,0.27837181761297725,0.1761348379681819,23.1200008392334,25.473269315866325,0,-0.69,-0.41999999999999993,0,0,0,1
2022-11-25,1.0,1.15,0,1,-0.003274933158040616,0.26298871575716526,0.1761348379681819,20.5,25.317115453573372,0,-0.74,-0.41,0,0,0,1
2022-12-02,1.0,1.0,0,1,0.04166208893092849,0.2629574466814925,0.1761348379681819,19.059999465942383,25.093846211066612,0,-0.77,-0.5700000000000001,0,0,0,0
2022-12-09,1.0,1.15,0,0,-0.028786041882912228,0.2571084691128073,0.1761348379681819,22.829999923706055,25.173461583944466,0,-0.76,-0.53,0,0,0,1
2022-12-16,1.0,1.15,0,0,-0.0013744778108220057,0.24469834705941426,0.1761348379681819,22.6200008392334,25.193653913644646,0,-0.69,-0.2899999999999999,0,0,0,1
2022-12-23,1.0,1.15,0,0,0.04543619464775439,0.22616331359755354,0.1761348379681819,20.8700008392334,25.24961548585158,0,-0.56,-0.050000000000000044,0,0,0,1
2022-12-30,0.6,0.6,0,0,0.0756094438162056,0.22369630567664978,0.17749597663016184,21.670000076293945,25.335192423600418,0,-0.53,-0.14,0,0,0,0
2023-01-06,0.6,0.6,0,0,0.07462202527791484,0.22298022370253703,0.1789568342810215,21.1299991607666,25.38076932613666,0,-0.69,-0.27999999999999997,0,0,0,0
2023-01-13,1.0,1.0,0,1,0.11939688432202011,0.22546382933683706,0.1813504344212095,18.350000381469727,25.364615477048435,0,-0.73,-0.25,0,0,0,0
2023-01-20,1.0,1.0,0,1,0.06253928207322534,0.22301169640799892,0.1825831723974284,19.850000381469727,25.19153855397151,0,-0.66,-0.38,0,0,0,0
2023-01-27,1.0,1.0,0,1,0.047614068221481176,0.21735282201073738,0.1825831723974284,18.510000228881836,25.015577022845928,0,-0.67,-0.28,0,0,0,0
2023-02-03,1.0,1.0,0,1,0.1006869684521694,0.2185293096122114,0.1825831723974284,18.329999923706055,24.921538573044998,0,-0.77,-0.28,0,0,0,0
2023-02-10,1.0,1.15,0,1,0.02861580188741697,0.21375762237482615,0.1825831723974284,20.530000686645508,24.790192420666035,0,-0.76,-0.24,0,0,0,1
2023-02-17,1.0,1.15,0,1,0.03307881136731816,0.21319523173826205,0.1825831723974284,20.020000457763672,24.641538583315334,0,-0.78,-0.09000000000000008,0,0,0,1
2023-02-24,1.0,1.15,0,1,-0.010264612954500318,0.20892826867144956,0.1825831723974284,21.670000076293945,24.52769242800199,0,-0.83,-0.08999999999999997,0,0,0,1
2023-03-03,1.0,1.0,0,1,-0.0021231050399420637,0.20519675372515436,0.1825831723974284,18.489999771118164,24.268269355480488,0,-0.89,-0.12,0,0,0,0
2023-03-10,0.6,0.6,0,0,-0.014234058517190729,0.2089876713371462,0.1825831723974284,24.799999237060547,24.153846263885498,0,-0.9,-0.14,0,0,0,0
2023-03-17,1.3,1.3,0,1,0.021416663150505055,0.19840612701184213,0.1825831723974284,25.510000228881836,24.185384713686428,0,-0.42,0.26999999999999996,0,0,0,0
2023-03-24,1.0,1.15,0,1,0.03747726617456193,0.18682709146135804,0.1825831723974284,21.739999771118164,24.20326933493981,0,-0.38,0.18000000000000005,0,0,0,1
2023-03-31,1.0,1.0,0,1,0.07458219486873507,0.18534661397286586,0.1825831723974284,18.700000762939453,24.18538475036621,0,-0.58,-0.04999999999999993,0,0,0,0
2023-04-07,1.0,1.0,0,1,0.05842024835409898,0.18497938230780384,0.1826027731683728,18.399999618530273,24.132307822887714,0,-0.52,0.16999999999999993,0,0,0,0
2023-04-14,1.0,1.0,0,1,0.0389815132725817,0.18276249424415558,0.18262185075124096,17.06999969482422,24.024038571577805,0,-0.56,0.16999999999999993,0,0,0,0
2023-04-21,1.0,1.07,1,1,0.04519844384259586,0.17296074423357863,0.1816116294794795,16.770000457763672,23.804038597987248,0,-0.6,0.06000000000000005,0,1,0,0
2023-04-28,1.0,1.07,1,1,0.029179260564082155,0.16533331770007084,0.1816116294794795,15.779999732971191,23.4651924096621,0,-0.6,0.07000000000000006,0,1,0,0
2023-05-05,1.2,1.2,0,1,0.004497985159266138,0.1577598026658683,0.1816116294794795,17.190000534057617,23.2151924096621,0,-0.48,0.29000000000000004,0,0,0,0
2023-05-12,1.2,1.2,0,1,0.01254971331536292,0.13577700380382743,0.1816116294794795,17.030000686645508,22.987500099035408,0,-0.52,0.24,0,0,0,0
2023-05-19,1.0,1.07,1,1,0.03181648561013706,0.13692970487047504,0.1816116294794795,16.809999465942383,22.744807775204,0,-0.58,0.20000000000000007,0,1,0,0
2023-05-26,1.0,1.07,1,1,0.06368374615487049,0.13554219161386355,0.1816116294794795,17.950000762939453,22.595384726157555,0,-0.74,0.08999999999999997,0,1,0,0
2023-06-02,1.0,1.07,1,1,0.0627505207413237,0.13699320564684,0.1816116294794795,14.600000381469727,22.39942317742568,0,-0.81,0.07999999999999996,0,1,0,0
2023-06-09,1.0,1.07,1,1,0.11824190444074079,0.12639331859850644,0.1816116294794795,13.829999923706055,22.131730868266178,0,-0.84,0.06000000000000005,0,1,0,0
2023-06-16,1.0,1.07,1,1,0.13103516302062546,0.12461854742295597,0.1816116294794795,13.539999961853027,21.793461652902458,0,-0.93,-0.51,0,1,0,0
2023-06-23,1.0,1.07,1,1,0.0987219372261876,0.12747585045226115,0.1816116294794795,13.4399995803833,21.528269345943745,0,-0.97,-0.59,0,1,0,0
2023-06-30,1.0,1.07,1,1,0.08680362137760178,0.12958692051039672,0.1816116294794795,13.59000015258789,21.276153949590828,0,-1.06,-0.4800000000000001,0,1,0,0
2023-07-07,1.0,1.07,1,1,0.07573251801432623,0.1310493341230903,0.1816116294794795,14.829999923706055,21.08750011370732,0,-0.88,-0.36,0,1,0,0
2023-07-14,1.0,1.07,1,1,0.09331560310271336,0.1302700743879128,0.1816116294794795,13.34000015258789,20.878077048521774,0,-0.91,-0.35,0,1,0,0
2023-07-21,1.0,1.07,1,1,0.10106666209154636,0.12914549047846202,0.1816116294794795,13.600000381469727,20.696730888806858,0,-0.98,-0.38,0,1,0,0
2023-07-28,1.0,1.07,1,1,0.10263105626148694,0.12628171036525543,0.1816116294794795,13.329999923706055,20.5428847349607,0,-0.91,-0.31000000000000005,0,1,0,0
2023-08-04,1.0,1.07,1,1,0.086856859940317,0.13072943628147374,0.1816116294794795,17.100000381469727,20.465000134248,0,-0.73,-0.25,0,1,0,0
2023-08-11,1.0,1.07,1,1,0.08677413792332955,0.12944619835220375,0.1816116294794795,14.84000015258789,20.374807816285355,0,-0.73,-0.20999999999999996,0,1,0,0
2023-08-18,1.0,1.07,1,1,0.04658507949605295,0.13377392177368852,0.1816116294794795,17.299999237060547,20.311346255815945,0,-0.66,-0.08000000000000007,0,1,0,0
2023-08-25,1.0,1.07,1,1,0.05138887903148959,0.12647285874331904,0.1816116294794795,15.680000305175781,20.12134627195505,0,-0.78,-0.040000000000000036,0,1,0,0
2023-09-01,1.0,1.07,1,1,0.05829592158733221,0.12818081175891002,0.1816116294794795,13.09000015258789,19.88326936501723,0,-0.69,0.1200000000000001,0,1,0,0
2023-09-08,1.0,1.07,1,1,0.04018377735916756,0.10854830252018098,0.1816116294794795,13.84000015258789,19.711153965729935,0,-0.72,0.12,0,1,0,0
2023-09-15,1.0,1.07,1,1,0.012456127901443237,0.1082701737367051,0.1816116294794795,13.789999961853027,19.470577056591328,0,-0.69,0.2400000000000001,0,1,0,0
2023-09-22,1.0,1.0,0,1,-0.002935508235526796,0.1177463140503818,0.1816116294794795,17.200000762939453,19.225961685180664,0,-0.66,0.30999999999999994,0,0,0,0
2023-09-29,1.0,1.0,0,1,-0.0322415880655168,0.1094512958831485,0.1816116294794795,17.520000457763672,18.95480783169086,0,-0.44,0.6200000000000001,0,0,0,0
2023-10-06,1.0,1.0,0,1,-0.017090011481188605,0.10945225464367833,0.1816116294794795,17.450000762939453,18.687307834625244,0,-0.3,0.5800000000000001,0,0,0,0
2023-10-13,1.0,1.0,0,1,-0.03618669619002535,0.10918577998291341,0.1816116294794795,19.31999969482422,18.44307705072256,0,-0.41,0.5,0,0,0,0
2023-10-20,0.6,0.6,0,0,-0.06524906395108543,0.11519816074624956,0.1816116294794795,21.709999084472656,18.28961548438439,0,-0.14,0.84,0,0,0,0
2023-10-27,0.6,0.6,0,0,-0.09802919584873171,0.12032079592727135,0.1816116294794795,21.270000457763672,18.20346164703369,0,-0.15,0.76,0,0,0,0
2023-11-03,1.0,1.0,0,1,-0.023694049969858244,0.14534150577243962,0.1816116294794795,14.90999984741211,18.018077043386604,0,-0.26,0.47,0,0,0,0
2023-11-10,1.0,1.0,0,1,-0.007821942147532845,0.14597796367174135,0.1816116294794795,14.170000076293945,17.857500112973728,0,-0.43,0.3,0,0,0,0
2023-11-17,1.0,1.07,1,1,0.03638032679045011,0.14741966356062638,0.1816116294794795,13.800000190734863,17.67826933127183,0,-0.44,0.22000000000000003,0,1,0,0
2023-11-24,1.0,1.07,1,1,0.03849346766594097,0.1477216451956379,0.1816116294794795,12.460000038146973,17.52365394739004,0,-0.45,0.33,0,1,0,0
2023-12-01,1.2,1.2,0,1,0.021120643533766303,0.14621233225726765,0.1816116294794795,12.630000114440918,17.40000011370732,0,-0.34,0.3499999999999999,0,0,0,0
2023-12-08,1.2,1.2,0,1,0.03659386223291916,0.14620055716272898,0.1816116294794795,12.350000381469727,17.198461660972008,0,-0.48,0.24,0,0,0,0
2023-12-15,1.0,1.07,1,1,0.06284325374225586,0.14555560078650379,0.1816116294794795,12.279999732971191,16.99961548585158,0,-0.53,0.15999999999999992,0,1,0,0
2023-12-22,1.2,1.2,0,1,0.10489827431901566,0.14354055092386755,0.1816116294794795,13.029999732971191,16.84884623380808,0,-0.41,0.25000000000000006,0,0,0,0
2023-12-29,1.0,1.07,1,1,0.11639617907802458,0.14069906914886116,0.1816116294794795,12.449999809265137,16.671538536365215,0,-0.35,0.09000000000000002,0,1,0,0
2024-01-05,1.0,1.07,1,1,0.09376799701822591,0.14186056631503577,0.1816116294794795,13.350000381469727,16.52192317522489,0,-0.35,-0.04999999999999999,0,1,0,0
2024-01-12,1.2,1.2,0,1,0.10918336679159069,0.14027353545712956,0.1816116294794795,12.699999809265137,16.413269318067112,0,-0.18,0.22999999999999998,0,0,0,0
2024-01-19,1.0,1.07,1,1,0.150041479557657,0.14080466393797902,0.1816116294794795,13.300000190734863,16.287307775937595,0,-0.24,-0.09999999999999998,0,1,0,0
2024-01-26,1.0,1.07,1,1,0.19164859047070282,0.14078709198017997,0.1816116294794795,13.260000228881836,16.186346237476055,0,-0.19,-0.04000000000000001,0,1,0,0
2024-02-02,1.0,1.07,1,1,0.14185813809555015,0.13664047807749152,0.1816116294794795,13.850000381469727,16.10019240012536,0,-0.33,-0.07,0,1,0,0
2024-02-09,1.0,1.07,1,1,0.14212623232499788,0.13687922961452123,0.1816116294794795,12.930000305175781,15.954038546635555,0,-0.31,0.12,0,1,0,0
2024-02-16,1.0,1.07,1,1,0.11256975225830534,0.1322981818770326,0.1816116294794795,14.239999771118164,15.842884687276987,0,-0.34,0.09999999999999998,0,1,0,0
2024-02-23,1.0,1.07,1,1,0.1199409227303585,0.13318934731627532,0.1816116294794795,13.75,15.690576993502104,0,-0.41,0.040000000000000036,0,1,0,0
2024-03-01,1.0,1.07,1,1,0.12160577620339064,0.1302257951418252,0.1816116294794795,13.109999656677246,15.587115452839779,0,-0.35,-0.009999999999999953,0,1,0,0
2024-03-08,1.0,1.07,1,1,0.1164594846564857,0.12806074110741103,0.1816116294794795,14.739999771118164,15.393653924648579,0,-0.39,0.08999999999999997,0,1,0,0
2024-03-15,1.0,1.07,1,1,0.08966851062021575,0.1279819565683372,0.1816116294794795,14.40999984741211,15.180192378851084,0,-0.41,0.12000000000000005,0,1,0,0
2024-03-22,1.0,1.07,1,1,0.10383080119394505,0.11909127215950165,0.1816116294794795,13.0600004196167,15.013269314399132,0,-0.37,0.03999999999999998,0,1,0,0
2024-03-29,1.0,1.07,1,1,0.103900956733884,0.11732995498987013,0.1816116294794795,13.010000228881836,14.903846227205717,0,-0.39,-0.040000000000000036,0,1,0,0
2024-04-05,1.0,1.0,0,1,0.11138823082543525,0.11972207092936553,0.1816116294794795,16.030000686645508,14.858269324669472,0,-0.34,0.009999999999999953,0,0,0,0
2024-04-12,1.0,1.0,0,1,0.07501320592493776,0.12376285287984957,0.1816116294794795,17.309999465942383,14.862884704883282,0,-0.38,-0.2,0,0,0,0
2024-04-19,1.0,1.0,0,1,0.02957637628632792,0.12761187576885186,0.1816116294794795,18.709999084472656,14.900192370781532,0,-0.35,-0.10999999999999999,0,0,0,0
2024-04-26,1.0,1.0,0,1,0.0460170506433637,0.12168809494244041,0.1816116294794795,15.029999732971191,14.885769293858456,0,-0.29,-0.09999999999999998,0,0,0,0
2024-05-03,1.0,1.07,1,1,0.0374807810180684,0.09716019890373466,0.1816116294794795,13.489999771118164,14.814615433032696,0,-0.31,0.020000000000000018,0,1,0,0
2024-05-10,1.0,1.07,1,1,0.04241464538509021,0.0981757626146825,0.1816116294794795,12.550000190734863,14.728461577342106,0,-0.37,-0.06,0,1,0,0
2024-05-17,1.0,1.07,1,1,0.06323190539555723,0.09633074339320291,0.1793318817404537,11.989999771118164,14.635769275518564,0,-0.41,-0.06999999999999995,0,1,0,0
2024-05-24,1.0,1.07,1,1,0.04575174859933617,0.09662941640093939,0.17029114494685094,11.930000305175781,14.520000035946186,0,-0.47,-0.06,0,1,0,0
2024-05-31,1.0,1.07,1,1,0.03150733745749923,0.09760812197359495,0.1626825874381,12.920000076293945,14.487692337769728,0,-0.38,-0.030000000000000027,0,1,0,0
2024-06-07,1.0,1.07,1,1,0.046801540540292175,0.09795221262041047,0.15424644755128772,12.220000267028809,14.456730805910551,0,-0.44,-0.04999999999999999,0,1,0,0
2024-06-14,1.0,1.07,1,1,0.06462937011912606,0.09564155215319299,0.14761595162338387,12.65999984741211,14.439807726786686,0,-0.47,-0.06,0,1,0,0
2024-06-21,1.0,1.07,1,1,0.048074056898619766,0.09551718878690776,0.14699709760445084,13.199999809265137,14.435192346572876,0,-0.45,-0.08000000000000002,0,1,0,0
2024-06-28,1.0,1.07,1,1,0.04379117528446641,0.0958806391433203,0.1462082109741791,12.4399995803833,14.413076950953556,0,-0.35,0.040000000000000036,0,1,0,0
2024-07-05,1.0,1.07,1,1,0.07329696038476863,0.09249559280906283,0.1461226494408833,12.479999542236328,14.367884635925293,0,-0.32,0.020000000000000018,0,1,0,0
2024-07-12,1.0,1.07,1,1,0.09972889195233048,0.09095766954797545,0.1458301366619082,12.460000038146973,14.35096155680143,0,-0.27,0.10999999999999999,0,1,0,0
2024-07-19,1.0,1.0,0,1,0.11228883953815649,0.09774894492271587,0.14548066753158134,16.520000457763672,14.407115404422466,0,-0.24,0.10999999999999999,0,0,0,0
2024-07-26,1.0,1.0,0,1,0.07463978345491751,0.09929731209083457,0.14471117157543942,16.389999389648438,14.465961547998281,0,-0.16,0.12999999999999998,0,0,0,0
2024-08-02,1.3,1.3,0,1,0.04562818868153862,0.1046444028585796,0.14295255631077644,23.389999389648438,14.586923067386333,0,-0.08,0.22999999999999998,0,0,0,0
2024-08-09,1.3,1.3,0,1,0.026628977952510402,0.10353983739696937,0.14149100048306593,20.3700008392334,14.693269234437208,0,-0.11,0.26,0,0,0,0
2024-08-16,1.7,1.7,0,1,0.05033198073830358,0.11569487031312355,0.14079851375274935,14.800000190734863,14.645192329700176,0,-0.17,0.23999999999999996,0,0,0,0
2024-08-23,1.7,1.7,0,1,0.06516975045859508,0.11517841914636093,0.14075628398921838,15.859999656677246,14.64865385569059,0,-0.09,0.38,0,0,0,0
2024-08-30,1.7,1.7,0,1,0.07229942634048991,0.11490188108428742,0.1405501323567551,15.0,14.685384621986977,0,0.0,0.38,0,0,0,0
2024-09-06,1.7,1.7,0,1,0.015155330813591439,0.13146324914717736,0.13912542002352823,22.3799991607666,14.849615372144259,1,0.06,0.5,0,0,0,0
2024-09-13,1.2,1.2,0,1,0.038769128909522,0.1416528910140126,0.13912542002352823,16.559999465942383,14.902884593376747,1,0.09,0.5599999999999999,0,0,0,0
2024-09-20,1.2,1.2,0,1,0.046799777324858516,0.1399316352320279,0.13890318487721215,16.149999618530273,14.88269226367657,1,0.18,0.63,0,0,0,0
2024-09-27,1.2,1.2,0,1,0.053292329016131124,0.13995734793619932,0.13890318487721215,16.959999084472656,14.871923006497896,1,0.2,0.55,0,0,0,0
2024-10-04,1.2,1.2,0,1,0.03623507167069984,0.13872534868717382,0.138119098623057,19.209999084472656,14.905769128065844,1,0.05,0.37,0,0,0,0
2024-10-11,1.2,1.2,0,1,0.038157477118311744,0.13622192307522482,0.13697098037511227,20.459999084472656,14.92769219325139,1,0.13,0.4,0,0,0,0
2024-10-18,1.2,1.2,0,1,0.06811274069370277,0.12554318926106178,0.1369120385308912,18.030000686645508,14.856922993293175,1,0.13,0.37,0,0,0,0
2024-10-25,1.0,1.12,0,1,0.066813655441889,0.12411917406498553,0.13679566657656084,20.329999923706055,14.838846059945913,1,0.14,0.30000000000000004,0,0,1,0
2024-11-01,1.0,1.12,0,1,0.0748573223496316,0.12705388740849638,0.13649398382669817,21.8799991607666,14.972884508279654,1,0.16,0.24,0,0,1,0
2024-11-08,1.0,1.12,0,1,0.12577133545286046,0.13961958307478944,0.13649398382669817,14.9399995803833,14.987692191050602,1,0.04,0.15,0,0,1,0
2024-11-15,1.0,1.12,0,1,0.05996045935503891,0.14355502545975926,0.13649398382669817,16.139999389648438,15.032692175645094,1,0.12,0.29000000000000004,0,0,1,0
2024-11-22,1.0,1.12,0,1,0.06263081854270802,0.1444404677218749,0.13649398382669817,15.239999771118164,15.086153708971464,1,0.04,0.13,0,0,1,0
2024-11-29,1.0,1.12,0,1,0.07223638167345303,0.1441423242893594,0.13649398382669817,13.510000228881836,15.103076788095327,1,0.05,0.05,0,0,1,0
2024-12-06,1.0,1.0,0,1,0.12827446793247854,0.143854419881146,0.13649398382669817,12.770000457763672,15.111153712639442,0,0.05,-0.009999999999999995,0,0,0,0
2024-12-13,1.0,1.12,0,1,0.07838523927660535,0.14377193880114134,0.13649398382669817,13.8100004196167,15.14057680276724,1,0.15,0.06,0,0,1,0
2024-12-20,1.0,1.12,0,1,0.04380055322917453,0.1473219131744518,0.13649398382669817,18.360000610351562,15.24307681963994,1,0.22,0.04000000000000001,0,0,1,0
2024-12-27,1.0,1.12,0,1,0.04469638220911709,0.14724705171306338,0.13649398382669817,15.949999809265137,15.310384511947632,1,0.31,0.10999999999999999,0,0,1,0
2025-01-03,1.0,1.12,0,1,0.0365847139436446,0.14601215507679957,0.13649398382669817,16.1299991607666,15.36384602693411,1,0.32,0.27,0,0,1,0
2025-01-10,1.0,1.12,0,1,0.004941008159475846,0.1489776360213908,0.13649398382669817,19.540000915527344,15.495384509746845,1,0.37,0.24,0,0,1,0
2025-01-17,1.0,1.12,0,1,0.025661204801504356,0.15042319159494275,0.13649398382669817,15.970000267028809,15.54673066506019,1,0.34,0.21000000000000002,0,0,1,0
2025-01-24,1.0,1.12,0,1,0.05349588035154618,0.15054128692712462,0.13649398382669817,14.850000381469727,15.577307591071495,1,0.36,0.21999999999999997,0,0,1,0
2025-01-31,1.0,1.12,0,1,0.057448717828759266,0.14735700788166411,0.13649398382669817,16.43000030517578,15.626922974219688,1,0.36,0.19999999999999998,0,0,1,0
2025-02-07,1.0,1.12,0,1,0.007693129796521703,0.14751594481458954,0.13649398382669817,16.540000915527344,15.696346062880297,1,0.2,0.16,0,0,1,0
2025-02-14,1.0,1.12,0,1,0.04439098885741277,0.13918073596876643,0.13649398382669817,14.770000457763672,15.706538383777325,1,0.21,0.09,0,0,1,0
2025-02-21,1.0,1.12,0,1,0.010829555059923335,0.14117693221817917,0.13649398382669817,18.209999084472656,15.79230759694026,1,0.23,0.19,0,0,1,0
2025-02-28,1.0,1.12,0,1,-0.01057207819411432,0.14228727825476595,0.13649398382669817,19.6299991607666,15.917692202788134,1,0.25,0.2,0,0,1,0
2025-03-07,1.0,1.12,0,1,-0.04927793405730729,0.13613208668320012,0.13619048033801617,23.3700008392334,16.083653761790348,1,0.33,0.28,0,0,1,0
2025-03-14,0.6,0.6,0,0,-0.06538423215727307,0.12925002150175638,0.13600780767541967,21.770000457763672,16.22519223506634,1,0.29,0.13999999999999999,0,0,0,0
2025-03-21,0.6,0.6,0,0,-0.04309141604202327,0.12786899391799142,0.13569481953734008,19.280000686645508,16.344807624816895,1,0.31,0.09,0,0,0,0
2025-03-28,0.6,0.6,0,0,-0.06332419283502877,0.12927462210003612,0.1349232971698023,21.649999618530273,16.51096145923321,1,0.38,0.07,0,0,0,0
2025-04-04,0.6,0.6,0,0,-0.14384652824929645,0.18120523033277425,0.1349232971698023,45.310001373291016,17.074038395514854,1,0.33,0.010000000000000009,0,0,0,0
2025-04-11,0.6,0.6,0,0,-0.07742388175222903,0.19972635299073543,0.1349232971698023,37.560001373291016,17.463461509117714,1,0.52,0.15000000000000002,0,0,0,0
2025-04-18,1.7,1.7,0,0,-0.11644715879742051,0.1996697734928112,0.1349232971698023,29.649999618530273,17.673846134772667,1,0.53,0.19,0,0,0,0
2025-04-25,1.7,1.7,0,0,-0.09157278824266313,0.2112518138572609,0.1349232971698023,24.84000015258789,17.862499988996067,1,0.55,0.19000000000000006,0,0,0,0
2025-05-02,1.7,1.7,0,0,-0.05542363494059044,0.21469055378434093,0.1349232971698023,22.68000030517578,18.039230768497173,1,0.5,0.14,0,0,0,0
2025-05-09,1.7,1.7,0,0,-0.057813056570667154,0.20321606213419693,0.1349232971698023,21.899999618530273,18.21903844980093,1,0.49,0.29,0,0,0,0
2025-05-16,1.0,1.12,0,1,-0.022490554755100978,0.2151235005668503,0.1349232971698023,17.239999771118164,18.31999998826247,1,0.45,0.24000000000000002,0,0,1,0
2025-05-23,1.0,1.12,0,1,-0.0318165135493641,0.2170614334769151,0.1353067289648711,22.290000915527344,18.51923076923077,1,0.51,0.28,0,0,1,0
2025-05-30,1.2,1.2,0,1,-0.005077510109844363,0.21791556635211526,0.1353067289648711,18.56999969482422,18.62788460804866,1,0.52,0.27,0,0,0,0
2025-06-06,1.0,1.12,0,1,0.04344759547194732,0.218856614575727,0.13619048033801617,16.770000457763672,18.715384611716637,1,0.47,0.13999999999999996,0,0,1,0
2025-06-13,1.0,1.12,0,1,0.06393963668425551,0.21874637272168035,0.13649398382669817,20.81999969482422,18.87230768570533,1,0.45,0.16000000000000003,0,0,1,0
2025-06-20,1.0,1.12,0,1,0.05684042391442734,0.2170685827530945,0.13679566657656084,20.6200008392334,19.01500001320472,1,0.48,0.16999999999999998,0,0,1,0
2025-06-27,1.0,1.12,0,1,0.10990159488896034,0.22219521708984172,0.13807920701174542,16.31999969482422,19.089615400020893,1,0.56,0.18000000000000005,0,0,1,0
2025-07-04,1.0,1.12,0,1,0.2412695300031491,0.2229238656903841,0.13902135042020902,16.3799991607666,19.164615392684937,1,0.47,0.13999999999999996,0,0,1,0
2025-07-11,1.0,1.12,0,1,0.17141168741644908,0.22071511175768135,0.1394659865876814,16.399999618530273,19.240384615384617,1,0.53,0.010000000000000009,0,0,1,0
2025-07-18,1.0,1.12,0,1,0.19571307543422312,0.2174501668922771,0.13982241697699443,16.40999984741211,19.2382692190317,1,0.56,0.030000000000000027,0,0,1,0
2025-07-25,1.0,1.0,0,1,0.16043768676905423,0.21715807388893493,0.13994834848973933,14.930000305175781,19.210192313561073,0,0.49,-0.06000000000000005,0,0,0,0
2025-08-01,1.0,1.12,0,1,0.10021519398502532,0.21973962338119332,0.14016286982480397,20.3799991607666,19.152307693774883,1,0.54,0.040000000000000036,0,0,1,0
2025-08-08,1.0,1.12,0,1,0.13240905012539717,0.2220239514618187,0.1405501323567551,15.149999618530273,19.051923054915207,1,0.51,0.020000000000000018,0,0,1,0
2025-08-15,1.0,1.12,0,1,0.08606897678096992,0.22157570770568963,0.14075628398921838,15.09000015258789,19.057499977258537,1,0.58,0.12999999999999995,0,0,1,0
2025-08-22,1.0,1.12,0,1,0.11760759064290327,0.21985069402653307,0.14079851375274935,14.220000267028809,19.025961527457603,1,0.58,0.06999999999999995,0,0,1,0
2025-08-29,1.0,1.12,0,1,0.09767205237347976,0.21909494632348964,0.14104663832010914,15.359999656677246,19.03288459777832,1,0.64,0.12,0,0,1,0
2025-09-05,1.0,1.12,0,1,0.08347514944787537,0.21312729959794052,0.14148630543547092,15.180000305175781,18.89442308132465,1,0.59,0.12,0,0,1,0
2025-09-12,1.0,1.12,0,1,0.10444458760767783,0.20955930346370408,0.14178787995967765,14.760000228881836,18.85980771138118,1,0.5,0.04999999999999999,0,0,1,0
2025-09-19,1.0,1.12,0,1,0.11990991000322127,0.20970028277836317,0.1421379290758604,15.449999809265137,18.84634617658762,1,0.57,0.08999999999999997,0,0,1,0
2025-09-26,1.0,1.12,0,1,0.07927157586089773,0.207807321005606,0.143101905489682,15.289999961853027,18.814230808844933,1,0.57,0.009999999999999898,0,0,1,0
2025-10-03,1.0,1.12,0,1,0.07312077675476214,0.1496355401180072,0.14354995937219717,16.649999618530273,18.765000049884502,1,0.55,0.08000000000000007,0,0,1,0
2025-10-10,1.0,1.15,0,1,0.050047214353163394,0.14210315508402704,0.14354995937219717,21.65999984741211,18.78807698763334,0,0.53,0.0,0,0,0,1
2025-10-17,1.0,1.15,0,1,0.06158896203020303,0.13877461731189564,0.14354995937219717,20.780000686645508,18.840961603017952,0,0.56,0.0,0,0,0,1
2025-10-24,1.0,1.25,1,1,0.06596707081004771,0.1289032712230179,0.14354995937219717,16.3700008392334,18.764807774470402,1,0.54,0.050000000000000044,1,0,0,0
2025-10-31,1.0,1.07,1,1,0.10009479648951025,0.1251826171392137,0.143101905489682,17.440000534057617,18.67942318549523,0,0.51,-0.030000000000000027,0,1,0,0
2025-11-07,1.0,1.12,0,1,0.05594985273990338,0.12863083336634187,0.14222283514500733,19.079999923706055,18.759038576712975,1,0.56,0.050000000000000044,0,0,1,0
2025-11-14,1.0,1.0,0,1,0.04717273804167865,0.10965925580245335,0.1420182490148801,19.829999923706055,18.83000012544485,0,0.52,-0.05999999999999994,0,0,0,0
2025-11-21,1.3,1.3,0,1,0.02409262185811456,0.1063789878050126,0.14178787995967765,23.43000030517578,18.98750013571519,0,0.55,-0.029999999999999916,0,0,0,0
2025-11-28,1.0,1.07,1,1,0.062374464543476726,0.11423223008641843,0.14148630543547092,16.350000381469727,19.042115523264957,0,0.55,-0.08999999999999997,0,1,0,0
2025-12-05,1.0,1.07,1,1,0.06234335157330051,0.11323010896331542,0.14104663832010914,15.40999984741211,19.092884742296658,0,0.58,-0.010000000000000009,0,1,0,0
2025-12-12,1.0,1.25,1,1,0.03991456883073141,0.11363214506043894,0.14079851375274935,15.739999771118164,19.130000114440918,1,0.67,0.17000000000000004,1,0,0,0
2025-12-19,1.0,1.25,1,1,0.028478348429294087,0.11333451514177695,0.14075628398921838,14.90999984741211,19.06365394592285,1,0.68,0.1100000000000001,1,0,0,0
2025-12-26,1.0,1.25,1,1,0.04612994705555651,0.10584109837342455,0.14060734719711232,13.600000381469727,19.018461649234478,1,0.68,0.1100000000000001,1,0,0,0
2026-01-02,1.0,1.25,1,1,0.023876884242349794,0.10634882915455635,0.14016286982480397,14.510000228881836,18.98730782362131,1,0.72,0.16999999999999993,1,0,0,0
2026-01-09,1.0,1.25,1,1,0.0660024191371269,0.1072631042107533,0.13994834848973933,14.489999771118164,18.890192416998055,1,0.64,0.10999999999999999,1,0,0,0
2026-01-16,1.0,1.25,1,1,0.04412127198963467,0.10779972417911403,0.13982241697699443,15.859999656677246,18.88807702064514,1,0.65,0.08999999999999997,1,0,0,0
2026-01-23,1.0,1.25,1,1,0.020696275917475138,0.10703532994799698,0.1394659865876814,16.09000015258789,18.91192317008972,1,0.64,0.09999999999999998,1,0,0,0
2026-01-30,1.0,1.25,1,1,0.01752735721882015,0.09910358226178007,0.1394659865876814,17.440000534057617,18.93134625141437,1,0.74,0.22999999999999998,1,0,0,0
2026-02-06,1.0,1.12,0,1,0.03232743853199693,0.09476686738749003,0.1394659865876814,20.3700008392334,19.00500009610103,1,0.72,0.15999999999999992,0,0,1,0
2026-02-13,1.0,1.12,0,1,0.017612730050351022,0.09696986793412557,0.1394659865876814,20.600000381469727,19.11711547924922,1,0.64,0.12,0,0,1,0
2026-02-20,1.0,1.25,1,1,0.049219595181445586,0.09775400827008492,0.1394659865876814,19.09000015258789,19.134038576712975,1,0.6,0.04999999999999993,1,0,0,0
2026-02-27,1.0,1.12,0,1,0.006770697806726789,0.0982857882254005,0.1394659865876814,19.860000610351562,19.138461681512688,1,0.59,0.039999999999999925,0,0,1,0
2026-03-06,1.0,1.12,0,1,-0.01651358965597527,0.1032986672041076,0.1394659865876814,29.489999771118164,19.256153968664314,1,0.59,0.010000000000000009,0,0,1,0
2026-03-13,1.0,1.15,0,1,-0.025687973446694157,0.10381777068938716,0.1394659865876814,27.190000534057617,19.360384739362278,0,0.55,-0.12,0,0,0,1
2026-03-20,0.6,0.6,0,0,-0.0444449160494611,0.1055436287084161,0.1394659865876814,26.780000686645508,19.504615508593044,0,0.51,-0.17000000000000004,0,0,0,0
2026-03-27,0.6,0.6,0,0,-0.07893301274421538,0.10992393173285549,0.1394659865876814,31.049999237060547,19.68538473202632,0,0.56,-0.12,0,0,0,0
2026-04-03,1.0,1.15,0,0,-0.03739756393060667,0.11980273106647482,0.1394659865876814,23.8700008392334,19.273077029448288,0,0.52,-0.19999999999999996,0,0,0,1
2026-04-10,1.0,1.0,0,1,-0.01837616134001241,0.1251087994512178,0.1394659865876814,19.229999542236328,18.9205769942357,0,0.5,-0.14,0,0,0,0
2026-04-17,1.0,1.07,1,1,0.02952237412126202,0.13777783894666887,0.1394659865876814,17.479999542236328,18.686538531230045,0,0.55,-0.09999999999999998,0,1,0,0
2026-04-24,1.0,1.0,0,1,0.03868060170554988,0.13571879200009634,0.1394659865876814,18.709999084472656,18.568653895304752,0,0.53,-0.10999999999999999,0,0,0,0
2026-05-01,1.0,1.07,1,1,0.0442911855435677,0.13592233866530348,0.1394659865876814,16.989999771118164,18.459230808111336,0,0.51,-0.22999999999999998,0,1,0,0
2026-05-08,1.0,1.07,1,1,0.07097170404898834,0.1361488007018103,0.1394659865876814,17.190000534057617,18.36865390264071,0,0.48,-0.24,0,1,0,0
2026-05-15,1.0,1.0,0,1,0.08718545124185662,0.13612539544610122,0.1394659865876814,18.43000030517578,18.391538528295662,0,0.5,-0.14,0,0,0,0
